ISOMETRIC,TP 100% FW+SW,SUBSYSTEM,CRONO,PRIORITY,HITO,REINSTATEMENT,INSULATION,SIEMSA,TECHNIP,TESTPACK,DELIVERY PROGRESS 100% BY TEN,READY TO INSTALL INST (SIEMSA),QTY INST,SCOPE BY TIEGA-TMI,SCOPE BY SIEMSA,INSTALLED (SIEMSA),INSTALLED (TEIGA-TMI),TOTAL INSTALLED,TRAC (YES & NOT),Tag Circuito Traceado
A10001-100-CHMB-101121-U4BC1B-CC_01,0.95,CHMB-10001-02,99,7,HITO 8,7/18/2025,9/10/2025,8/8/2025,9/7/2025,1,,,4,3,1,,,0,NOT,NOT
A10001-100-CHMB-101131-U4BC1B-CC_01,0.98,CHMB-10001-02,99,7,HITO 8,7/18/2025,9/10/2025,8/8/2025,9/7/2025,1,,,1,0,1,,,0,NOT,NOT
A10001-25-EFL-101122-U4BC1B-PP_01,0.5,EFL-10001-02,29,5,HITO 6,7/22/2025,8/7/2025,8/12/2025,9/11/2025,1,,,0,0,0,,,0,NOT,NOT
A10001-25-EFL-101123-U4BC1B-PP_01,0.46,EFL-10001-01,38,5,HITO 7,7/22/2025,8/28/2025,8/12/2025,9/11/2025,1,,,0,0,0,,,0,NOT,NOT
A10001-150-CHMB-101101-U4BC1B-CC_01,1,CHMB-10001-02,99,7,HITO 8,7/18/2025,9/10/2025,8/8/2025,9/7/2025,2,,,3,3,0,,3,3,NOT,NOT
A10001-150-CHMB-101201-U4BC1B-CC_01,1,CHMB-10001-02,99,7,HITO 8,7/18/2025,9/10/2025,8/8/2025,9/7/2025,2,,,4,3,1,,3,3,NOT,NOT
A10001-150-CHMB-101202-U4BC1B-CC_01,1,CHMB-10001-02,99,7,HITO 8,7/18/2025,9/10/2025,8/8/2025,9/7/2025,2,,,1,0,1,,NOT_APPLY,0,NOT,NOT
A10001-100-HMBH-104201-U4BC1B-CC_01,1,HMBI-10001-03,93,4,HITO 7,7/11/2025,8/10/2025,8/1/2025,8/31/2025,3,,,1,0,1,,NOT_APPLY,0,NOT,NOT
A10001-100-HMBH-104202-U4BC1B-CC_01,1,HMBI-10001-03,93,4,HITO 7,7/11/2025,8/10/2025,8/1/2025,8/31/2025,3,,,1,0,1,,NOT_APPLY,0,NOT,NOT
A10001-25-EFL-104223-U4BC1B-PP_01,0.7,EFL-10001-02,29,5,HITO 6,7/22/2025,8/7/2025,8/12/2025,9/11/2025,3,,,0,0,0,,,0,NOT,NOT
A10001-25-EFL-104225-U4BC1B-PP_01,0.63,EFL-10001-01,38,5,HITO 7,7/22/2025,8/28/2025,8/12/2025,9/11/2025,3,,,0,0,0,,,0,NOT,NOT
A10001-25-EFL-104228-U4BC1B-PP_01,0.4,EFL-10001-01,38,5,HITO 7,7/22/2025,8/28/2025,8/12/2025,9/11/2025,3,,,0,0,0,,,0,NOT,NOT
A10001-40-HMBH-104222-U4BC1B-CC_01,1,HMBI-10001-03,93,4,HITO 7,7/11/2025,8/10/2025,8/1/2025,8/31/2025,3,,,0,0,0,,NOT_APPLY,0,NOT,NOT
A10001-80-HMBH-104221-U4BC1B-CC_01,1,HMBI-10001-03,93,4,HITO 7,7/11/2025,8/10/2025,8/1/2025,8/31/2025,3,,,1,0,1,,NOT_APPLY,0,NOT,NOT
A10001-80-HMBH-104221-U4BC1B-CC_02,0.4,HMBI-10001-03,93,4,HITO 7,7/11/2025,8/10/2025,8/1/2025,8/31/2025,3,,,1,0,1,,,0,NOT,NOT
A10001-80-HMBH-104221-U4BC1B-CC_03,1,HMBI-10001-03,93,4,HITO 7,7/11/2025,8/10/2025,8/1/2025,8/31/2025,3,,,0,0,0,,NOT_APPLY,0,NOT,NOT
A10001-80-HMBH-104231-U4BC1B-CC_01,1,HMBI-10001-03,93,4,HITO 7,7/11/2025,8/10/2025,8/1/2025,8/31/2025,3,,,1,0,1,,NOT_APPLY,0,NOT,NOT
A10001-100-CHMB-106728-U4BC1B-CC_01,1,CHMB-10001-03,94,3,HITO 7,7/26/2025,8/7/2025,8/16/2025,9/15/2025,4,,,5,5,0,,5,5,YES,EHT-106728-TH
A10001-100-CHMB-106729-U4BC1B-CC_01,1,CHMB-10001-03,94,3,HITO 7,7/26/2025,8/7/2025,8/16/2025,9/15/2025,4,,,4,4,0,,4,4,NOT,NOT
A10001-40-HMBH-104242-U4BC1B-CCTN_01,0.4,HMBI-10001-03,93,4,HITO 7,7/11/2025,8/10/2025,8/1/2025,8/31/2025,1001|4,,,1,1,0,,,0,YES,EHT-104242-TH
A10001-40-HMBH-104262-U4BC1B-CC_01,0.4,HMBI-10001-03,93,4,HITO 7,7/11/2025,8/10/2025,8/1/2025,8/31/2025,152|4,,,5,5,0,,,0,YES,EHT-104262-TH
A10001-50-EFL-104244-U4BC1B-CC_01,0.8,EFL-10001-02,29,5,HITO 6,7/22/2025,8/7/2025,8/12/2025,9/11/2025,4,,,0,0,0,,,0,NOT,NOT
A10001-80-HMBH-104241-U4BC1B-CC_01,0.97,HMBI-10001-03,93,4,HITO 7,7/11/2025,8/10/2025,8/1/2025,8/31/2025,4,,,1,0,1,,,0,NOT,NOT
A10001-80-HMBH-104243-U4BC1B-CC_01,0.66,HMBI-10001-03,93,4,HITO 7,7/11/2025,8/10/2025,8/1/2025,8/31/2025,4,,,0,0,0,,,0,NOT,NOT
A10001-80-HMBH-104261-U4BC1B-CCTN_01,0.96,CHMB-10001-03,94,3,HITO 7,7/26/2025,8/7/2025,8/16/2025,9/15/2025,4,,,4,3,1,,,0,YES,EHT-104261-TH
A10001-80-HMBH-104263-U4BC1B-CCTN_01,1,CHMB-10001-03,94,3,HITO 7,7/26/2025,8/7/2025,8/16/2025,9/15/2025,4,,,4,0,4,,NOT_APPLY,0,YES,EHT-104261-TH
A10001-25-EFL-101322-U4BC1B-PP_01,0.38,EFL-10001-01,38,5,HITO 7,7/22/2025,8/28/2025,8/12/2025,9/11/2025,5,,,0,0,0,,,0,NOT,NOT
A10001-25-EFL-101323-U4BC1B-PP_01,0.67,EFL-10001-02,29,5,HITO 6,7/22/2025,8/7/2025,8/12/2025,9/11/2025,5,,,0,0,0,,,0,NOT,NOT
A10001-25-EFL-101324-U4BC1B-PP_01,0.7,EFL-10001-01,38,5,HITO 7,7/22/2025,8/28/2025,8/12/2025,9/11/2025,5,,,0,0,0,,,0,NOT,NOT
A10001-40-CHMB-101321-U4BC1B-CC_01,0.7,CHMB-10001-04,36,6,HITO 8,7/23/2025,9/10/2025,8/13/2025,9/12/2025,5,,,1,0,1,,,0,NOT,NOT
A10001-40-CHMB-101321-U4BC1B-CC_02,0.45,CHMB-10001-04,36,6,HITO 8,7/23/2025,9/10/2025,8/13/2025,9/12/2025,5,,,0,0,0,,,0,NOT,NOT
A10001-40-CHMB-101321-U4BC1B-CC_03,0.5,CHMB-10001-04,36,6,HITO 8,7/23/2025,9/10/2025,8/13/2025,9/12/2025,5,,,1,0,1,,,0,NOT,NOT
A10001-40-CHMB-101331-U4BC1B-CC_01,0.7,CHMB-10001-04,36,6,HITO 8,7/23/2025,9/10/2025,8/13/2025,9/12/2025,5,,,1,0,1,,,0,NOT,NOT
A10001-80-CHMB-101301-U4BC1B-CC_01,0.58,CHMB-10001-04,36,6,HITO 8,7/23/2025,9/10/2025,8/13/2025,9/12/2025,5,,,1,0,1,,,0,NOT,NOT
A10001-80-CHMB-101302-U4BC1B-CC_01,0.37,CHMB-10001-04,36,6,HITO 8,7/23/2025,9/10/2025,8/13/2025,9/12/2025,5,,,1,0,1,,,0,NOT,NOT
A10001-150-AGL-108203-U1BC2A-CF_01,0.9,AGL-10005-01,86,5,HITO 6,6/26/2025,8/6/2025,7/17/2025,8/16/2025,6,,,1,0,1,,,0,NOT,NOT
A10001-150-AGL-108204-U1BC2A-CF_01,0.7,AGL-10005-01,86,5,HITO 6,6/26/2025,8/6/2025,7/17/2025,8/16/2025,6,,,1,0,1,,,0,NOT,NOT
A10001-150-AGL-108221-U1BC2A-CF_01,0.87,AGL-10005-01,86,5,HITO 6,6/26/2025,8/6/2025,7/17/2025,8/16/2025,6,,,1,0,1,,,0,NOT,NOT
A10001-150-AGL-108231-U1BC2A-CF_01,0.85,AGL-10005-01,86,5,HITO 6,6/26/2025,8/6/2025,7/17/2025,8/16/2025,6,,,1,0,1,,,0,NOT,NOT
A10001-150-AGL-10951-U1BC2A-CF_01,1,AGL-10005-01,86,5,HITO 6,6/26/2025,8/6/2025,7/17/2025,8/16/2025,6,,,0,0,0,,NOT_APPLY,0,NOT,NOT
A10005-150-AGL-108221-U1BC2A-CF_01,1,AGL-10005-01,86,5,HITO 6,6/26/2025,8/6/2025,7/17/2025,8/16/2025,6,,,0,0,0,,NOT_APPLY,0,NOT,NOT
A10005-150-AGL-10951-U1BC2A-CF_01,1,AGL-10005-01,86,5,HITO 6,6/26/2025,8/6/2025,7/17/2025,8/16/2025,6,,,4,3,1,,3,3,NOT,NOT
PR19-150-AGL-108221-U1BC2A-CF_01,1,AGL-10005-01,86,5,HITO 6,6/26/2025,8/6/2025,7/17/2025,8/16/2025,6,,,0,0,0,,NOT_APPLY,0,NOT,NOT
PR19-150-AGL-10951-U1BC2A-CF_01,1,AGL-10005-01,86,5,HITO 6,6/26/2025,8/6/2025,7/17/2025,8/16/2025,6,,,0,0,0,,NOT_APPLY,0,NOT,NOT
A10001-100-AGL-10395-U1BC2A-CF_01,1,AGL-10005-01,86,5,HITO 6,6/26/2025,8/6/2025,7/17/2025,8/16/2025,7,,,0,0,0,,NOT_APPLY,0,NOT,NOT
A10001-100-AGL-10395-U1BC2A-CF_02,0.89,AGL-10005-01,86,5,HITO 6,6/26/2025,8/6/2025,7/17/2025,8/16/2025,7,,,0,0,0,,,0,NOT,NOT
A10001-100-AGL-108259-U1BC2A-CF_01,0.86,AGL-10005-01,86,5,HITO 6,6/26/2025,8/6/2025,7/17/2025,8/16/2025,7,,,0,0,0,,,0,NOT,NOT
A10001-100-AGL-108259-U1BC2A-CF_02,1,AGL-10005-01,86,5,HITO 6,6/26/2025,8/6/2025,7/17/2025,8/16/2025,7,,,0,0,0,,NOT_APPLY,0,NOT,NOT
A10001-150-AGL-108152-U1BC2A-CF_01,0.96,AGL-10005-01,86,5,HITO 6,6/26/2025,8/6/2025,7/17/2025,8/16/2025,7,,,2,0,2,,,0,NOT,NOT
A10001-150-AGL-108201-U1BC2A-CF_01,1,AGL-10005-01,86,5,HITO 6,6/26/2025,8/6/2025,7/17/2025,8/16/2025,7,,,1,0,1,,NOT_APPLY,0,NOT,NOT
A10001-150-AGL-108202-U1BC2A-CF_01,1,AGL-10005-01,86,5,HITO 6,6/26/2025,8/6/2025,7/17/2025,8/16/2025,7,,,1,0,1,,NOT_APPLY,0,NOT,NOT
A10001-150-AGL-108241-U1BC2A-CF_01,0.84,AGL-10005-01,86,5,HITO 6,6/26/2025,8/6/2025,7/17/2025,8/16/2025,7,,,5,2,3,,,0,NOT,NOT
A10001-150-AGL-108241-U1BC2A-CF_02,1,AGL-10005-01,86,5,HITO 6,6/26/2025,8/6/2025,7/17/2025,8/16/2025,7,,,0,0,0,,NOT_APPLY,0,NOT,NOT
A10001-150-AGL-108251-U1BC2A-CF_01,0.93,AGL-10005-01,86,5,HITO 6,6/26/2025,8/6/2025,7/17/2025,8/16/2025,7,,,1,0,1,,,0,NOT,NOT
A10001-50-AGL-10393-U1BC2A-CF_01,0.4,AGL-10005-01,86,5,HITO 6,6/26/2025,8/6/2025,7/17/2025,8/16/2025,7,,,0,0,0,,,0,NOT,NOT
A10001-50-AGL-10394-U1BC2A-CF_01,0.7,AGL-10005-01,86,5,HITO 6,6/26/2025,8/6/2025,7/17/2025,8/16/2025,7,,,0,0,0,,,0,NOT,NOT
PR19-100-AGL-10395-U1BC2A-CF_01,0.88,AGL-10005-01,86,5,HITO 6,6/26/2025,8/6/2025,7/17/2025,8/16/2025,7,,,0,0,0,,,0,NOT,NOT
PR19-100-AGL-108259-U1BC2A-CF_01,0.95,AGL-10005-01,86,5,HITO 6,6/26/2025,8/6/2025,7/17/2025,8/16/2025,7,,,0,0,0,,,0,NOT,NOT
A10001-25-EFL-103128-U4BC1B-PP_01,0.7,EFL-10001-02,29,5,HITO 6,7/22/2025,8/7/2025,8/12/2025,9/11/2025,8,,,0,0,0,,,0,NOT,NOT
A10001-25-HMBN-103122-U4BC1B-CC_01,0.66,HMBN-10001-01,82,5,HITO 7,7/28/2025,8/26/2025,8/18/2025,9/17/2025,8,,,0,0,0,,,0,NOT,NOT
A10001-40-HMBN-103121-U4BC1B-CC_01,0.91,HMBN-10001-01,82,5,HITO 7,7/28/2025,8/26/2025,8/18/2025,9/17/2025,8,,,7,5,2,,,0,NOT,NOT
A10001-40-HMBN-103121-U4BC1B-CC_02,0.71,HMBN-10001-01,82,5,HITO 7,7/28/2025,8/26/2025,8/18/2025,9/17/2025,8,,,0,0,0,,,0,NOT,NOT
A10001-40-HMBN-103121-U4BC1B-CC_03,0.96,HMBN-10001-01,82,5,HITO 7,7/28/2025,8/26/2025,8/18/2025,9/17/2025,8,,,1,0,1,,,0,NOT,NOT
A10001-40-HMBN-103131-U4BC1B-CC_01,1,HMBN-10001-01,82,5,HITO 7,7/28/2025,8/26/2025,8/18/2025,9/17/2025,8,,,1,0,1,,NOT_APPLY,0,NOT,NOT
A10001-50-HMBN-103101-U4BC1B-CC_01,0.7,HMBN-10001-01,82,5,HITO 7,7/28/2025,8/26/2025,8/18/2025,9/17/2025,8,,,1,0,1,,,0,NOT,NOT
A10001-50-HMBN-103102-U4BC1B-CC_01,0.5,HMBN-10001-01,82,5,HITO 7,7/28/2025,8/26/2025,8/18/2025,9/17/2025,8,,,1,0,1,,,0,NOT,NOT
A10001-25-EFL-103127-U4BC1B-PP_01,0.4,EFL-10001-02,29,5,HITO 6,7/22/2025,8/7/2025,8/12/2025,9/11/2025,9,,,0,0,0,,,0,NOT,NOT
A10001-40-EFL-103604-U4BC1B-CCTN_01,1,EFL-10001-02,29,5,HITO 6,7/22/2025,8/7/2025,8/12/2025,9/11/2025,9,,,0,0,0,,NOT_APPLY,0,YES,EHT-103604-TH
A10001-40-EFL-103605-U4BC1B-PP_01,0.9,EFL-10001-02,29,5,HITO 6,7/22/2025,8/7/2025,8/12/2025,9/11/2025,9,,,0,0,0,,,0,NOT,NOT
A10001-25-EFL-103523-U4BC1B-PP_01,0.4,EFL-10001-02,29,5,HITO 6,7/22/2025,8/7/2025,8/12/2025,9/11/2025,10,,,0,0,0,,,0,NOT,NOT
A10001-25-EFL-103524-U4BC1B-PP_01,0.37,EFL-10001-02,29,5,HITO 6,7/22/2025,8/7/2025,8/12/2025,9/11/2025,10,,,0,0,0,,,0,NOT,NOT
A10001-25-HMBN-103522-U4BC1B-CC_01,0.42,HMBN-10001-02,83,7,HITO 8,8/8/2025,9/1/2025,8/29/2025,9/28/2025,10,,,0,0,0,,,0,NOT,NOT
A10001-50-HMBN-103502-U4BC1B-CC_01,0.58,HMBN-10001-02,83,7,HITO 8,8/8/2025,9/1/2025,8/29/2025,9/28/2025,10,,,1,0,1,,,0,NOT,NOT
A10001-50-HMBN-103503-U4BC1B-CC_01,0.48,HMBN-10001-02,83,7,HITO 8,8/8/2025,9/1/2025,8/29/2025,9/28/2025,10,,,1,0,1,,,0,NOT,NOT
A10001-50-HMBN-103521-U4BC1B-CC_01,0.42,HMBN-10001-02,83,7,HITO 8,8/8/2025,9/1/2025,8/29/2025,9/28/2025,10,,,8,5,3,,,0,NOT,NOT
A10001-50-HMBN-103521-U4BC1B-CC_02,0.85,HMBN-10001-02,83,7,HITO 8,8/8/2025,9/1/2025,8/29/2025,9/28/2025,10,,,0,0,0,,,0,NOT,NOT
A10001-50-HMBN-103521-U4BC1B-CC_03,0.3,HMBN-10001-02,83,7,HITO 8,8/8/2025,9/1/2025,8/29/2025,9/28/2025,10,,,1,0,1,,,0,NOT,NOT
A10001-50-HMBN-103531-U4BC1B-CC_01,0.5,HMBN-10001-02,83,7,HITO 8,8/8/2025,9/1/2025,8/29/2025,9/28/2025,10,,,1,0,1,,,0,NOT,NOT
A10001-25-EFL-102223-U4BC1B-PP_01,0.68,EFL-10001-02,29,5,HITO 6,7/22/2025,8/7/2025,8/12/2025,9/11/2025,11,,,0,0,0,,,0,NOT,NOT
A10001-25-EFL-102224-U4BC1B-PP_01,0.25,EFL-10001-01,38,5,HITO 7,7/22/2025,8/28/2025,8/12/2025,9/11/2025,11,,,0,0,0,,,0,NOT,NOT
A10001-25-EFL-102225-U4BC1B-PP_01,0.58,EFL-10001-01,38,5,HITO 7,7/22/2025,8/28/2025,8/12/2025,9/11/2025,11,,,0,0,0,,,0,NOT,NOT
A10001-40-HMBC-102221-U4BC1B-CC_01,0.65,HMBC-10001-01,80,7,HITO 8,7/16/2025,8/9/2025,8/6/2025,9/5/2025,11,,,6,5,1,,,0,NOT,NOT
A10001-40-HMBC-102221-U4BC1B-CC_02,0.76,HMBC-10001-01,80,7,HITO 8,7/16/2025,8/9/2025,8/6/2025,9/5/2025,11,,,0,0,0,,,0,NOT,NOT
A10001-40-HMBC-102221-U4BC1B-CC_03,0.7,HMBC-10001-01,80,7,HITO 8,7/16/2025,8/9/2025,8/6/2025,9/5/2025,11,,,1,0,1,,,0,NOT,NOT
A10001-40-HMBC-102222-U4BC1B-CC_01,0.64,HMBC-10001-01,80,7,HITO 8,7/16/2025,8/9/2025,8/6/2025,9/5/2025,11,,,1,1,0,,,0,NOT,NOT
A10001-40-HMBC-102231-U4BC1B-CC_01,0.76,HMBC-10001-01,80,7,HITO 8,7/16/2025,8/9/2025,8/6/2025,9/5/2025,11,,,1,0,1,,,0,NOT,NOT
A10001-50-HMBC-102204-U4BC1B-CC_01,0.65,HMBC-10001-01,80,7,HITO 8,7/16/2025,8/9/2025,8/6/2025,9/5/2025,11,,,1,0,1,,,0,NOT,NOT
A10001-50-HMBC-102205-U4BC1B-CC_01,0.78,HMBC-10001-01,80,7,HITO 8,7/16/2025,8/9/2025,8/6/2025,9/5/2025,11,,,1,0,1,,,0,NOT,NOT
A10001-80-CHMB-102104-U4BC1B-CC_01,0.5,INC-10001-04,79,5,HITO 6,7/13/2025,,8/3/2025,9/2/2025,11,,,1,1,0,,,0,NOT,NOT
A10001-25-EFL-108123-U4BC1B-PP_01,0.67,EFL-10001-02,29,5,HITO 6,7/22/2025,8/7/2025,8/12/2025,9/11/2025,12,,,0,0,0,,,0,NOT,NOT
A10001-25-EFL-108124-U4BC1B-PP_01,0.4,EFL-10001-02,29,5,HITO 6,7/22/2025,8/7/2025,8/12/2025,9/11/2025,12,,,0,0,0,,,0,NOT,NOT
A10001-40-CIPA-108121-U4BC1B-PP_01,0.85,INC-10001-02,69,4,HITO 7,7/29/2025,8/26/2025,8/19/2025,9/18/2025,12,,,7,6,1,,,0,NOT,NOT
A10001-40-CIPA-108131-U4BC1B-PP_01,0.83,INC-10001-02,69,4,HITO 7,7/29/2025,8/26/2025,8/19/2025,9/18/2025,12,,,1,0,1,,,0,NOT,NOT
A10001-50-CIPA-102306-U4BC1B-CC_01,1,HMBI-10001-04,89,4,HITO 7,7/11/2025,8/10/2025,8/1/2025,8/31/2025,12,,,0,0,0,,NOT_APPLY,0,NOT,NOT
A10001-50-CIPA-103204-U4BC1B-CC_01,0.91,HMBI-10001-04,89,4,HITO 7,7/11/2025,8/10/2025,8/1/2025,8/31/2025,12|69,,,6,6,0,,,0,YES,EHT-103204-TH
A10001-50-CIPA-108101-U4BC1B-PP_01,0.76,INC-10001-02,69,4,HITO 7,7/29/2025,8/26/2025,8/19/2025,9/18/2025,12,,,1,0,1,,,0,NOT,NOT
A10001-50-CIPA-108102-U4BC1B-PP_01,0.76,INC-10001-02,69,4,HITO 7,7/29/2025,8/26/2025,8/19/2025,9/18/2025,12,,,1,0,1,,,0,NOT,NOT
A10001-80-CIPA-102305-U4BC1B-CC_01,0.85,CIPA-10001-01,49,6,HITO 8,7/23/2025,9/1/2025,8/13/2025,9/12/2025,12,,,0,0,0,,,0,NOT,NOT
A10001-100-CIPA-10321-U4BC1B-PP_01,0.93,HMBI-10001-04,89,4,HITO 7,7/11/2025,8/10/2025,8/1/2025,8/31/2025,13,,,0,0,0,,,0,NOT,NOT
A10001-150-SSAM-103903-U4BC1B-PP_01,1,HMBI-10001-02,90,4,HITO 7,7/11/2025,8/10/2025,8/1/2025,8/31/2025,14,,,0,0,0,,NOT_APPLY,0,NOT,NOT
A10001-40-SSAM-103904-U4BC1B-PP_01,0.66,HMBI-10001-02,90,4,HITO 7,7/11/2025,8/10/2025,8/1/2025,8/31/2025,14,,,0,0,0,,,0,NOT,NOT
A10001-150-EFL-108604-U4BC1B-PP_01,0.72,EFL-10001-02,29,5,HITO 6,7/22/2025,8/7/2025,8/12/2025,9/11/2025,15,,,0,0,0,,,0,NOT,NOT
A10001-150-EFL-108605-U4BC1B-PP_01,0.86,EFL-10001-01,38,5,HITO 7,7/22/2025,8/28/2025,8/12/2025,9/11/2025,15,,,0,0,0,,,0,NOT,NOT
A10001-20-EFL-108623-U4BC1B-NC_01,0.4,EFL-10001-05,26,6,HITO 6,7/22/2025,,8/12/2025,9/11/2025,15,,,0,0,0,,,0,NOT,NOT
A10001-20-EFL-108634-U4BC1B-NC_01,0.7,EFL-10001-04,34,6,HITO 6,7/22/2025,,8/12/2025,9/11/2025,15,,,0,0,0,,,0,NOT,NOT
A10001-25-EFL-108553-U4BC1B-PP_01,0.6,EFL-10001-01,38,5,HITO 7,7/22/2025,8/28/2025,8/12/2025,9/11/2025,15|156,,,0,0,0,,,0,NOT,NOT
A10001-200-CIPA-102201-U4BC1B-CC_01,1,HMBC-10001-01,80,7,HITO 8,7/16/2025,8/9/2025,8/6/2025,9/5/2025,16,,,1,0,1,,NOT_APPLY,0,NOT,NOT
A10001-200-IPAV-101104-U4BC1B-CC_01,1,CHMB-10001-01,98,7,HITO 8,8/6/2025,9/10/2025,8/27/2025,9/26/2025,17,,,2,0,2,,NOT_APPLY,0,NOT,NOT
A10001-250-IPAV-101105-U4BC1B-CC_01,1,CHMB-10001-01,98,7,HITO 8,8/6/2025,9/10/2025,8/27/2025,9/26/2025,17,,,1,1,0,,1,1,NOT,NOT
A10001-40-IPAV-101108-U4BC1B-CC_01,0.5,CHMB-10001-01,98,7,HITO 8,8/6/2025,9/10/2025,8/27/2025,9/26/2025,17,,,0,0,0,,,0,NOT,NOT
A10001-80-CIPA-101164-U4BC1B-CCTN_01,0.86,HMBI-10005-01,43,4,HITO 7,7/11/2025,8/10/2025,8/1/2025,8/31/2025,17,,,7,6,1,,,0,YES,EHT-101164-TH
A10001-80-CIPA-101165-U4BC1B-CC_01,0.7,CIPA-10001-01,49,6,HITO 8,7/23/2025,9/1/2025,8/13/2025,9/12/2025,17,,,0,0,0,,,0,NOT,NOT
A10001-200-IPAV-101204-U4BC1B-CC_01,1,CHMB-10001-02,99,7,HITO 8,7/18/2025,9/10/2025,8/8/2025,9/7/2025,18,,,2,0,2,,NOT_APPLY,0,NOT,NOT
A10001-250-IPAV-101206-U4BC1B-NC_01,1,CHMB-10001-02,99,7,HITO 8,7/18/2025,9/10/2025,8/8/2025,9/7/2025,18,,,1,1,0,,1,1,NOT,NOT
A10001-40-IPAV-101208-U4BC1B-CC_01,0.4,CHMB-10001-02,99,7,HITO 8,7/18/2025,9/10/2025,8/8/2025,9/7/2025,18,,,0,0,0,,,0,NOT,NOT
A10001-80-CIPA-101263-U4BC1B-CCTN_01,0.84,CHMB-10001-02,99,7,HITO 8,7/18/2025,9/10/2025,8/8/2025,9/7/2025,18,,,7,6,1,,,0,YES,EHT-101263-TH
A10001-80-CIPA-101264-U4BC1B-CC_01,0.65,CIPA-10001-01,49,6,HITO 8,7/23/2025,9/1/2025,8/13/2025,9/12/2025,18,,,0,0,0,,,0,NOT,NOT
A10001-250-CIPA-103501-U4BC1B-CC_01,0.85,HMBN-10001-02,83,7,HITO 8,8/8/2025,9/1/2025,8/29/2025,9/28/2025,19,,,1,0,1,,,0,NOT,NOT
A10001-800-CIPA-102101-U4BC1B-CC_01,0.91,INC-10001-04,79,5,HITO 6,7/13/2025,,8/3/2025,9/2/2025,20,,,0,0,0,,,0,NOT,NOT
A10001-800-CIPA-102101-U4BC1B-CC_02,0.7,INC-10001-04,79,5,HITO 6,7/13/2025,,8/3/2025,9/2/2025,20,,,0,0,0,,,0,NOT,NOT
A10001-250-INC-104154-U4BC1B-CC_01,1,HMBI-10001-03,93,4,HITO 7,7/11/2025,8/10/2025,8/1/2025,8/31/2025,22,,,2,0,2,,NOT_APPLY,0,NOT,NOT
A10001-25-EFL-101143-U4BC1B-PP_01,0.48,ACL-10001-01,33,4,HITO 3,6/10/2025,7/13/2025,7/1/2025,7/31/2025,23,,,0,0,0,,,0,NOT,NOT
A10001-25-EFL-101144-U4BC1B-PP_01,0.4,EFL-10001-01,38,5,HITO 7,7/22/2025,8/28/2025,8/12/2025,9/11/2025,23,,,0,0,0,,,0,NOT,NOT
A10001-25-EFL-101145-U4BC1B-PP_01,0.4,EFL-10001-01,38,5,HITO 7,7/22/2025,8/28/2025,8/12/2025,9/11/2025,23,,,0,0,0,,,0,NOT,NOT
A10001-25-EFL-101245-U4BC1B-PP_01,0.66,EFL-10001-02,29,5,HITO 6,7/22/2025,8/7/2025,8/12/2025,9/11/2025,23,,,0,0,0,,,0,NOT,NOT
A10001-25-EFL-101246-U4BC1B-PP_01,0.4,EFL-10001-01,38,5,HITO 7,7/22/2025,8/28/2025,8/12/2025,9/11/2025,23,,,0,0,0,,,0,NOT,NOT
A10001-25-EFL-101247-U4BC1B-PP_01,0.45,EFL-10001-01,38,5,HITO 7,7/22/2025,8/28/2025,8/12/2025,9/11/2025,23,,,0,0,0,,,0,NOT,NOT
A10001-40-CHMB-101103-U4BC1B-CC_01,0.38,CHMB-10001-01,98,7,HITO 8,8/6/2025,9/10/2025,8/27/2025,9/26/2025,23,,,5,3,2,,,0,NOT,NOT
A10001-40-CHMB-101103-U4BC1B-CC_02,1,CHMB-10001-01,98,7,HITO 8,8/6/2025,9/10/2025,8/27/2025,9/26/2025,23,,,0,0,0,,NOT_APPLY,0,NOT,NOT
A10001-40-CHMB-101103-U4BC1B-CC_03,0.5,CHMB-10001-01,98,7,HITO 8,8/6/2025,9/10/2025,8/27/2025,9/26/2025,23,,,1,0,1,,,0,NOT,NOT
A10001-40-CHMB-101141-U4BC1B-CC_01,1,CHMB-10001-01,98,7,HITO 8,8/6/2025,9/10/2025,8/27/2025,9/26/2025,23,,,1,1,0,,1,1,NOT,NOT
A10001-40-CHMB-101241-U4BC1B-CC_01,1,CHMB-10001-02,99,7,HITO 8,7/18/2025,9/10/2025,8/8/2025,9/7/2025,23,,,1,1,0,,1,1,NOT,NOT
A10001-40-CHMB-101243-U4BC1B-CC_01,0.6,CHMB-10001-02,99,7,HITO 8,7/18/2025,9/10/2025,8/8/2025,9/7/2025,23,,,5,3,2,,,0,NOT,NOT
A10001-40-CHMB-101243-U4BC1B-CC_02,0.5,CHMB-10001-02,99,7,HITO 8,7/18/2025,9/10/2025,8/8/2025,9/7/2025,23,,,0,0,0,,,0,NOT,NOT
A10001-40-CHMB-101243-U4BC1B-CC_03,0.5,CHMB-10001-02,99,7,HITO 8,7/18/2025,9/10/2025,8/8/2025,9/7/2025,23,,,1,0,1,,,0,NOT,NOT
A10001-50-CHMB-101102-U4BC1B-CC_01,0.56,CHMB-10001-01,98,7,HITO 8,8/6/2025,9/10/2025,8/27/2025,9/26/2025,23,,,3,3,0,,,0,NOT,NOT
A10001-50-CHMB-101142-U4BC1B-CC_01,0.25,CHMB-10001-01,98,7,HITO 8,8/6/2025,9/10/2025,8/27/2025,9/26/2025,23,,,0,0,0,,,0,NOT,NOT
A10001-50-CHMB-101203-U4BC1B-CC_01,0.25,CHMB-10001-02,99,7,HITO 8,7/18/2025,9/10/2025,8/8/2025,9/7/2025,23,,,3,3,0,,,0,NOT,NOT
A10001-50-CHMB-101242-U4BC1B-CC_01,0.4,CHMB-10001-02,99,7,HITO 8,7/18/2025,9/10/2025,8/8/2025,9/7/2025,23,,,0,0,0,,,0,NOT,NOT
A10001-80-CIPA-102252-U4BC1B-CC_01,0.68,CIPA-10001-01,49,6,HITO 8,7/23/2025,9/1/2025,8/13/2025,9/12/2025,24,,,0,0,0,,,0,NOT,NOT
A10001-80-CIPA-103906-U4BC1B-PP_01,0.4,HMBI-10001-04,89,4,HITO 7,7/11/2025,8/10/2025,8/1/2025,8/31/2025,25,,,3,3,0,,,0,NOT,NOT
A10001-25-EFL-108625-U4BC1B-NC_01,0.5,ACL-10001-01,33,4,HITO 3,6/10/2025,7/13/2025,7/1/2025,7/31/2025,26,,,0,0,0,,,0,NOT,NOT
A10001-40-EFL-108602-U4BC1B-NC_01,0.88,EFL-10001-04,34,6,HITO 6,7/22/2025,,8/12/2025,9/11/2025,26,,,1,0,1,,,0,NOT,NOT
A10001-40-EFL-108628-U4BC1B-NC_01,0.34,EFL-10001-04,34,6,HITO 6,7/22/2025,,8/12/2025,9/11/2025,26,,,0,0,0,,,0,NOT,NOT
A10001-40-EFL-108633-U4BC1B-NC_01,0.5,EFL-10001-04,34,6,HITO 6,7/22/2025,,8/12/2025,9/11/2025,26,,,0,0,0,,,0,NOT,NOT
A10001-50-EFL-108601-U4BC1B-NC_01,1,EFL-10001-04,34,6,HITO 6,7/22/2025,,8/12/2025,9/11/2025,26,,,1,0,1,,NOT_APPLY,0,NOT,NOT
A10001-80-EFL-108622-U4BC1B-NC_01,0.89,EFL-10001-04,34,6,HITO 6,7/22/2025,,8/12/2025,9/11/2025,1027|26,,,0,0,0,,,0,NOT,NOT
A10001-80-EFL-108624-U4BC1B-NC_01,0.99,EFL-10001-04,34,6,HITO 6,7/22/2025,,8/12/2025,9/11/2025,26,,,1,0,1,,,0,NOT,NOT
A10001-80-EFL-108631-U4BC1B-NC_01,1,EFL-10001-05,26,6,HITO 6,7/22/2025,,8/12/2025,9/11/2025,26,,,1,0,1,,NOT_APPLY,0,NOT,NOT
A10001-80-EFL-108701-U4BC1B-NC_01,1,EFL-10001-04,34,6,HITO 6,7/22/2025,,8/12/2025,9/11/2025,26,,,0,0,0,,NOT_APPLY,0,NOT,NOT
A10001-80-EFL-108721-U4BC1B-NC_01,0.7,EFL-10001-05,26,6,HITO 6,7/22/2025,,8/12/2025,9/11/2025,26,,,1,0,1,,,0,NOT,NOT
A10001-80-EFL-108725-U4BC1B-NC_01,0.75,EFL-10001-05,26,6,HITO 6,7/22/2025,,8/12/2025,9/11/2025,26|72,,,0,0,0,,,0,NOT,NOT
A10001-80-EFL-103704-U4BC1B-CCTN_01,0.83,EFL-10001-01,38,5,HITO 7,7/22/2025,8/28/2025,8/12/2025,9/11/2025,27,,,0,0,0,,,0,YES,EHT-103704-TH
A10001-80-EFL-103705-U4BC1B-PP_01,0.81,EFL-10001-01,38,5,HITO 7,7/22/2025,8/28/2025,8/12/2025,9/11/2025,27,,,0,0,0,,,0,NOT,NOT
A10001-50-CIPA-103999-U4BC1B-CCTN_01,0.4,HMBI-10001-04,89,4,HITO 7,7/11/2025,8/10/2025,8/1/2025,8/31/2025,28,,,0,0,0,,,0,YES,EHT-103999-TH
A10001-25-IPA-103952-U4BC1B-CC_01,0.5,IPA-10001-01,85,3,HITO 5,6/30/2025,7/27/2025,7/21/2025,8/20/2025,29,,,3,3,0,,,0,NOT,NOT
A10001-25-IPA-15523-U4BC1B-NC_01,0.78,INC-10001-03,95,4,HITO 6,7/29/2025,,8/19/2025,9/18/2025,29,,,0,0,0,,,0,NOT,NOT
A10001-25-IPA-15524-U4BC1B-NC_01,0.64,CIPA-10001-03,78,7,HITO 8,8/23/2025,,9/13/2025,10/13/2025,29,,,0,0,0,,,0,NOT,NOT
A10001-25-IPA-15525-U4BC1B-NC_01,0.84,IPA-10001-01,85,3,HITO 5,6/30/2025,7/27/2025,7/21/2025,8/20/2025,29,,,0,0,0,,,0,NOT,NOT
A10001-25-IPA-15527-U4BC1B-NC_01,0.7,HMBI-10001-04,89,4,HITO 7,7/11/2025,8/10/2025,8/1/2025,8/31/2025,29,,,3,3,0,,,0,NOT,NOT
A10001-25-IPA-15529-U4BC1B-NC_01,0.79,CIPA-10001-02,92,7,HITO 8,8/23/2025,,9/13/2025,10/13/2025,29,,,0,0,0,,,0,NOT,NOT
A10001-80-IPA-15528-U4BC1B-NC_01,0.9,IPA-10004-01,22,3,HITO 4,7/14/2025,,8/4/2025,9/3/2025,29|73,,,0,0,0,,,0,NOT,NOT
A10001-25-IPA-103951-U4BC1B-CC_01,0.59,HMBI-10001-02,90,4,HITO 7,7/11/2025,8/10/2025,8/1/2025,8/31/2025,30,,,4,2,2,,,0,NOT,NOT
A10001-50-INC-103907-U4BC1B-PP_01,0.4,HMBI-10001-04,89,4,HITO 7,7/11/2025,8/10/2025,8/1/2025,8/31/2025,31,,,0,0,0,,,0,NOT,NOT
A10001-25-INC-103108-U4BC1B-PP_01,0.4,HMBN-10001-01,82,5,HITO 7,7/28/2025,8/26/2025,8/18/2025,9/17/2025,32,,,0,0,0,,,0,NOT,NOT
A10001-50-INC-103103-U4BC1B-PP_01,0.4,HMBN-10001-01,82,5,HITO 7,7/28/2025,8/26/2025,8/18/2025,9/17/2025,32,,,1,0,1,,,0,NOT,NOT
A10001-50-INC-103104-U4BC1B-PP_01,0.55,HMBN-10001-01,82,5,HITO 7,7/28/2025,8/26/2025,8/18/2025,9/17/2025,32,,,1,1,0,,,0,NOT,NOT
A10001-100-INC-102251-U4BC1B-CC_01,0.7,INC-10001-04,79,5,HITO 6,7/13/2025,,8/3/2025,9/2/2025,33,,,2,0,2,,,0,NOT,NOT
A10001-100-INC-102303-U4BC1B-PP_01,0.96,INC-10001-01,68,6,HITO 6,7/29/2025,8/7/2025,8/19/2025,9/18/2025,34,,,2,2,0,,,0,NOT,NOT
A10001-100-INC-10294-U4BC1B-NC_01,0.93,INC-10001-01,68,6,HITO 6,7/29/2025,8/7/2025,8/19/2025,9/18/2025,34,,,0,0,0,,,0,NOT,NOT
A10001-100-INC-103351-U4BC1B-NC_01,0.85,INC-10001-01,68,6,HITO 6,7/29/2025,8/7/2025,8/19/2025,9/18/2025,34,,,0,0,0,,,0,NOT,NOT
A10001-150-INC-108106-U4BC1B-PP_01,1,INC-10001-01,68,6,HITO 6,7/29/2025,8/7/2025,8/19/2025,9/18/2025,34,,,1,0,1,,NOT_APPLY,0,NOT,NOT
A10001-25-INC-101306-U4BC1B-PP_01,1,CHMB-10001-04,36,6,HITO 8,7/23/2025,9/10/2025,8/13/2025,9/12/2025,34,,,0,0,0,,NOT_APPLY,0,NOT,NOT
A10001-25-INC-102398-U4BC1B-PP_01,0.4,CIPA-10001-01,49,6,HITO 8,7/23/2025,9/1/2025,8/13/2025,9/12/2025,34,,,0,0,0,,,0,NOT,NOT
A10001-25-INC-103151-U4BC1B-PP_01,0.66,INC-10001-01,68,6,HITO 6,7/29/2025,8/7/2025,8/19/2025,9/18/2025,34,,,1,1,0,,,0,NOT,NOT
A10001-25-INC-10322-U4BC1B-NC_01,0.4,INC-10001-01,68,6,HITO 6,7/29/2025,8/7/2025,8/19/2025,9/18/2025,34,,,0,0,0,,,0,NOT,NOT
A10001-25-INC-103603-U4BC1B-PP_01,0.64,INC-10001-01,68,6,HITO 6,7/29/2025,8/7/2025,8/19/2025,9/18/2025,34,,,1,1,0,,,0,NOT,NOT
A10001-25-INC-103703-U4BC1B-PP_01,0.4,HMBI-10001-02,90,4,HITO 7,7/11/2025,8/10/2025,8/1/2025,8/31/2025,34,,,1,1,0,,,0,NOT,NOT
A10001-50-INC-101161-U4BC1B-CC_01,0.42,CHMB-10001-01,98,7,HITO 8,8/6/2025,9/10/2025,8/27/2025,9/26/2025,34,,,6,4,2,,,0,NOT,NOT
A10001-50-INC-101162-U4BC1B-CC_01,0.5,CHMB-10001-01,98,7,HITO 8,8/6/2025,9/10/2025,8/27/2025,9/26/2025,34,,,4,4,0,,,0,NOT,NOT
A10001-50-INC-101261-U4BC1B-CC_01,0.4,CHMB-10001-02,99,7,HITO 8,7/18/2025,9/10/2025,8/8/2025,9/7/2025,34,,,5,4,1,,,0,NOT,NOT
A10001-50-INC-101262-U4BC1B-CC_01,0.5,CHMB-10001-02,99,7,HITO 8,7/18/2025,9/10/2025,8/8/2025,9/7/2025,34,,,4,4,0,,,0,NOT,NOT
A10001-50-INC-101305-U4BC1B-PP_01,0.38,CHMB-10001-04,36,6,HITO 8,7/23/2025,9/10/2025,8/13/2025,9/12/2025,34,,,2,2,0,,,0,NOT,NOT
A10001-50-INC-10194-U4BC1B-PP_01,0.75,INC-10001-01,68,6,HITO 6,7/29/2025,8/7/2025,8/19/2025,9/18/2025,34,,,0,0,0,,,0,NOT,NOT
A10001-80-INC-10494-U4BC1B-NC_01,0.4,INC-10001-01,68,6,HITO 6,7/29/2025,8/7/2025,8/19/2025,9/18/2025,34,,,0,0,0,,,0,NOT,NOT
A10001-100-INC-15504-U4BC1B-PP_01,0.7,INC-10001-01,68,6,HITO 6,7/29/2025,8/7/2025,8/19/2025,9/18/2025,34,0,,0,0,0,,,0,NOT,NOT
A10001-100-VE1-108608-U4BC1B-NC_01,1,EFL-10001-04,34,6,HITO 6,7/22/2025,,8/12/2025,9/11/2025,35,,,0,0,0,,NOT_APPLY,0,NOT,NOT
A10001-150-VE1-108606-U4BC1B-NC_01,1,EFL-10001-04,34,6,HITO 6,7/22/2025,,8/12/2025,9/11/2025,35,,,1,1,0,,1,1,NOT,NOT
A10001-50-INC-108603-U4BC1B-NC_01,0.69,INC-10001-01,68,6,HITO 6,7/29/2025,8/7/2025,8/19/2025,9/18/2025,35,0,,2,1,1,,,0,NOT,NOT
A10001-40-VE1-104503-U4BC1B-NC_01,0.57,HMBI-10001-01,47,6,HITO 6,7/19/2025,,8/9/2025,9/8/2025,36,,,2,2,0,,,0,NOT,NOT
A10001-50-VE1-104602-U4BC1B-NC_01,0.29,HMBI-10001-01,47,6,HITO 6,7/19/2025,,8/9/2025,9/8/2025,36,,,2,2,0,,,0,NOT,NOT
A10001-50-VE1-104603-U4BC1B-NC_01,0.49,VE1-10001-01,70,6,HITO 6,8/4/2025,,8/25/2025,9/24/2025,36,,,0,0,0,,,0,NOT,NOT
A10001-100-VE1-108052-U4BC1B-NC_01,1,VE1-10001-01,70,6,HITO 6,8/4/2025,,8/25/2025,9/24/2025,37,,,9,8,1,,8,8,NOT,NOT
A10001-100-VE1-108053-U4BC1B-NC_01,0.92,INC-10001-02,69,4,HITO 7,7/29/2025,8/26/2025,8/19/2025,9/18/2025,37,,,1,1,0,,,0,NOT,NOT
A10001-150-INC-108103-U4BC1B-PP_01,0.96,INC-10001-02,69,4,HITO 7,7/29/2025,8/26/2025,8/19/2025,9/18/2025,37,,,0,0,0,,,0,NOT,NOT
PR18-100-VE1-108052-U4BC1B-NC_01,1,VE1-10001-01,70,6,HITO 6,8/4/2025,,8/25/2025,9/24/2025,37,,,0,0,0,,NOT_APPLY,0,NOT,NOT
PR19-100-VE1-108052-U4BC1B-NC_01,1,VE1-10001-01,70,6,HITO 6,8/4/2025,,8/25/2025,9/24/2025,37,,,0,0,0,,NOT_APPLY,0,NOT,NOT
A10001-25-CIPA-10192-U4BC1B-NC_01,0.5,INC-10001-03,95,4,HITO 6,7/29/2025,,8/19/2025,9/18/2025,38,,,0,0,0,,,0,NOT,NOT
A10001-25-CIPA-10292-U4BC1B-NC_01,0.5,CIPA-10001-03,78,7,HITO 8,8/23/2025,,9/13/2025,10/13/2025,38,,,0,0,0,,,0,NOT,NOT
A10001-25-CIPA-10492-U4BC1B-NC_01,0.5,CIPA-10001-02,92,7,HITO 8,8/23/2025,,9/13/2025,10/13/2025,38,,,0,0,0,,,0,NOT,NOT
A10001-40-CIPA-10191-U4BC1B-NC_01,1,INC-10001-03,95,4,HITO 6,7/29/2025,,8/19/2025,9/18/2025,38,,,0,0,0,,NOT_APPLY,0,NOT,NOT
A10001-40-CIPA-10193-U4BC1B-NC_01,0.54,INC-10001-03,95,4,HITO 6,7/29/2025,,8/19/2025,9/18/2025,38,,,0,0,0,,,0,NOT,NOT
A10001-50-CIPA-10291-U4BC1B-NC_01,0.5,CIPA-10001-03,78,7,HITO 8,8/23/2025,,9/13/2025,10/13/2025,38,,,0,0,0,,,0,NOT,NOT
A10001-50-CIPA-10293-U4BC1B-NC_01,0.4,CIPA-10001-03,78,7,HITO 8,8/23/2025,,9/13/2025,10/13/2025,38,,,0,0,0,,,0,NOT,NOT
A10001-50-CIPA-10327-U4BC1B-CC_01,0.7,HMBI-10001-04,89,4,HITO 7,7/11/2025,8/10/2025,8/1/2025,8/31/2025,38,,,0,0,0,,,0,NOT,NOT
A10001-50-CIPA-103905-U4BC1B-CC_01,0.44,HMBI-10001-04,89,4,HITO 7,7/11/2025,8/10/2025,8/1/2025,8/31/2025,38|70,,,9,9,0,,,0,NOT,NOT
A10001-50-CIPA-103989-U4BC1B-CC_01,1,HMBI-10001-04,89,4,HITO 7,7/11/2025,8/10/2025,8/1/2025,8/31/2025,38,,,0,0,0,,NOT_APPLY,0,NOT,NOT
A10001-50-CIPA-10491-U4BC1B-NC_01,0.5,CIPA-10001-02,92,7,HITO 8,8/23/2025,,9/13/2025,10/13/2025,38,,,0,0,0,,,0,NOT,NOT
A10001-50-CIPA-10493-U4BC1B-NC_01,0.53,CIPA-10001-02,92,7,HITO 8,8/23/2025,,9/13/2025,10/13/2025,38,,,0,0,0,,,0,NOT,NOT
A10001-80-IPA-102304-U4BC1B-CC_01,1,CIPA-10001-01,49,6,HITO 8,7/23/2025,9/1/2025,8/13/2025,9/12/2025,38,,,0,0,0,,NOT_APPLY,0,NOT,NOT
A10001-25-CIPA-103998-U4BC1B-CCTN_01,0.6,HMBI-10001-04,89,4,HITO 7,7/11/2025,8/10/2025,8/1/2025,8/31/2025,39,,,0,0,0,,,0,YES,EHT-103998-TH
A10001-40-CIPA-108051-U4BC1B-CCTN_01,0.66,INC-10001-02,69,4,HITO 7,7/29/2025,8/26/2025,8/19/2025,9/18/2025,40,,,0,0,0,,,0,YES,EHT-108051-TH
A10001-40-CIPA-108058-U4BC1B-PP_01,0.48,INC-10001-02,69,4,HITO 7,7/29/2025,8/26/2025,8/19/2025,9/18/2025,40,,,0,0,0,,,0,NOT,NOT
A10001-25-CHMB-101352-U4BC1B-CC_01,0.4,CHMB-10001-04,36,6,HITO 8,7/23/2025,9/10/2025,8/13/2025,9/12/2025,41,,,2,1,1,,,0,NOT,NOT
A10001-40-CHMB-101351-U4BC1B-CC_01,0.34,CHMB-10001-04,36,6,HITO 8,7/23/2025,9/10/2025,8/13/2025,9/12/2025,41,,,7,6,1,,,0,NOT,NOT
A10001-40-CHMB-101353-U4BC1B-CC_01,0.5,CHMB-10001-04,36,6,HITO 8,7/23/2025,9/10/2025,8/13/2025,9/12/2025,41,,,1,1,0,,,0,NOT,NOT
A10001-20-HMBN-103154-U4BC1B-CCTN_01,0.34,HMBN-10001-01,82,5,HITO 7,7/28/2025,8/26/2025,8/18/2025,9/17/2025,42,,,1,0,1,,,0,YES,EHT-103154-TH
A10001-15-SSAM-103902-U4BC1B-PP_01,0.4,HMBI-10001-02,90,4,HITO 7,7/11/2025,8/10/2025,8/1/2025,8/31/2025,43,,,0,0,0,,,0,NOT,NOT
A10001-40-SSAM-103901-U4BC1B-PP_01,0.5,HMBI-10001-02,90,4,HITO 7,7/11/2025,8/10/2025,8/1/2025,8/31/2025,43,,,0,0,0,,,0,NOT,NOT
A10001-25-EFL-103623-U4BC1B-PP_01,0.4,EFL-10001-02,29,5,HITO 6,7/22/2025,8/7/2025,8/12/2025,9/11/2025,44,,,0,0,0,,,0,NOT,NOT
A10001-25-SSAM-103622-U4BC1B-PP_01,0.45,SSAM-10004-01,27,3,HITO 5,6/18/2025,7/22/2025,7/9/2025,8/8/2025,124|44,,,2,2,0,,,0,YES,EHT-103622-01-TH
A10001-40-SSAM-103601-U4BC1B-PP_01,0.88,HMBI-10001-02,90,4,HITO 7,7/11/2025,8/10/2025,8/1/2025,8/31/2025,44,,,1,0,1,,,0,NOT,NOT
A10001-40-SSAM-103602-U4BC1B-PP_01,1,HMBI-10001-02,90,4,HITO 7,7/11/2025,8/10/2025,8/1/2025,8/31/2025,44,,,1,0,1,,NOT_APPLY,0,NOT,NOT
A10001-40-SSAM-103621-U4BC1B-PP_01,0.93,HMBI-10001-02,90,4,HITO 7,7/11/2025,8/10/2025,8/1/2025,8/31/2025,103|44,,,1,0,1,,,0,NOT,NOT
A10001-40-SSAM-103631-U4BC1B-PP_01,1,HMBI-10001-02,90,4,HITO 7,7/11/2025,8/10/2025,8/1/2025,8/31/2025,44,,,1,0,1,,NOT_APPLY,0,NOT,NOT
A10001-25-EFL-102323-U4BC1B-PP_01,0.55,EFL-10001-02,29,5,HITO 6,7/22/2025,8/7/2025,8/12/2025,9/11/2025,45,,,0,0,0,,,0,NOT,NOT
A10001-80-CIPA-102301-U4BC1B-CC_01,0.88,CIPA-10001-01,49,6,HITO 8,7/23/2025,9/1/2025,8/13/2025,9/12/2025,45,,,1,0,1,,,0,NOT,NOT
A10001-80-CIPA-102302-U4BC1B-CC_01,0.55,CIPA-10001-01,49,6,HITO 8,7/23/2025,9/1/2025,8/13/2025,9/12/2025,45,,,1,0,1,,,0,NOT,NOT
A10001-25-EFL-103723-U4BC1B-PP_01,0.7,EFL-10001-02,29,5,HITO 6,7/22/2025,8/7/2025,8/12/2025,9/11/2025,46,,,0,0,0,,,0,NOT,NOT
A10001-25-EFL-103724-U4BC1B-PP_01,0.62,EFL-10001-01,38,5,HITO 7,7/22/2025,8/28/2025,8/12/2025,9/11/2025,46,,,0,0,0,,,0,NOT,NOT
A10001-25-EFL-103726-U4BC1B-PP_01,0.7,HMBI-10001-02,90,4,HITO 7,7/11/2025,8/10/2025,8/1/2025,8/31/2025,46,,,0,0,0,,,0,NOT,NOT
A10001-25-EFL-104607-U4BC1B-PP_01,0.4,EFL-10001-01,38,5,HITO 7,7/22/2025,8/28/2025,8/12/2025,9/11/2025,47,,,0,0,0,,,0,NOT,NOT
A10001-25-EFL-104624-U4BC1B-PP_01,0.53,EFL-10001-02,29,5,HITO 6,7/22/2025,8/7/2025,8/12/2025,9/11/2025,47,,,0,0,0,,,0,NOT,NOT
A10001-25-EFL-104625-U4BC1B-PP_01,0.4,EFL-10001-01,38,5,HITO 7,7/22/2025,8/28/2025,8/12/2025,9/11/2025,47,,,0,0,0,,,0,NOT,NOT
A10001-25-NHOH-103196-U4BN8A-NC_01,0.5,NHOH-PR18-01,81,3,HITO 5,7/22/2025,,8/12/2025,9/11/2025,48,,,5,5,0,,,0,NOT,NOT
PR18-25-NHOH-103196-U4BN8A-NC_01,0.88,NHOH-PR18-01,81,3,HITO 5,7/22/2025,,8/12/2025,9/11/2025,48,,,0,0,0,,,0,NOT,NOT
PR19-25-NHOH-103196-U4BN8A-NC_01,0.67,NHOH-PR18-01,81,3,HITO 5,7/22/2025,,8/12/2025,9/11/2025,48,,,0,0,0,,,0,NOT,NOT
A10001-40-EFL-104102-U4BC1B-PP_01,0.75,EFL-10001-02,29,5,HITO 6,7/22/2025,8/7/2025,8/12/2025,9/11/2025,49,,,0,0,0,,,0,NOT,NOT
A10001-40-HMBH-104101-U4BC1B-CCTN_01,0.64,HMBI-10001-03,93,4,HITO 7,7/11/2025,8/10/2025,8/1/2025,8/31/2025,49,,,9,6,3,,,0,YES,EHT-104101-TH
A10001-50-ASUN-12721-U4BD8D-CCTN_01,0.54,ASUN-PR18-01,97,5,HITO 7,7/11/2025,8/16/2025,8/1/2025,8/31/2025,50,,,5,5,0,,,0,YES,EHT-12721-04-TH
A10001-50-ASUN-12722-U4BD8D-CCTN_01,0.4,ASUN-PR18-01,97,5,HITO 7,7/11/2025,8/16/2025,8/1/2025,8/31/2025,50,,,4,4,0,,,0,YES,EHT-12722-TH
PR19-50-ASUN-12721-U4BD8D-CCTN_01,1,ASUN-PR18-01,97,5,HITO 7,7/11/2025,8/16/2025,8/1/2025,8/31/2025,50,,,0,0,0,,NOT_APPLY,0,YES,EHT-12721-02-TH
PR18-50-ASUN-12721-U4BD8D-CCTN_01,1,ASUN-PR18-01,97,5,HITO 7,7/11/2025,8/16/2025,8/1/2025,8/31/2025,132|50,,,3,3,0,,3,3,YES,EHT-12721-02-TH
A10001-25-EFL-108609-U4BC1B-PP_01,0.65,EFL-10001-01,38,5,HITO 7,7/22/2025,8/28/2025,8/12/2025,9/11/2025,51,,,0,0,0,,,0,NOT,NOT
A10001-25-EFL-108609-U4BC1B-PP_02,0.53,EFL-10001-01,38,5,HITO 7,7/22/2025,8/28/2025,8/12/2025,9/11/2025,51,,,0,0,0,,,0,NOT,NOT
A10001-25-EFL-108609-U4BC1B-PP_03,0.4,EFL-10001-01,38,5,HITO 7,7/22/2025,8/28/2025,8/12/2025,9/11/2025,51,,,0,0,0,,,0,NOT,NOT
A10001-25-EFL-108609-U4BC1B-PP_04,0.7,EFL-10001-01,38,5,HITO 7,7/22/2025,8/28/2025,8/12/2025,9/11/2025,51,,,0,0,0,,,0,NOT,NOT
A10001-25-EFL-108609-U4BC1B-PP_05,0.55,EFL-10001-01,38,5,HITO 7,7/22/2025,8/28/2025,8/12/2025,9/11/2025,51,,,0,0,0,,,0,NOT,NOT
A10001-25-EFL-108609-U4BC1B-PP_06,0.55,EFL-10001-01,38,5,HITO 7,7/22/2025,8/28/2025,8/12/2025,9/11/2025,51,,,0,0,0,,,0,NOT,NOT
A10001-50-EFL-108096-U4BC1B-PP_01,0.85,EFL-10001-01,38,5,HITO 7,7/22/2025,8/28/2025,8/12/2025,9/11/2025,51,,,0,0,0,,,0,NOT,NOT
A10001-50-EFL-108697-U4BC1B-PP_01,0.98,EFL-10001-02,29,5,HITO 6,7/22/2025,8/7/2025,8/12/2025,9/11/2025,51,,,0,0,0,,,0,NOT,NOT
A10001-100-RHO-101182-U4CC1E-CC_01,1,HMBI-10005-01,43,4,HITO 7,7/11/2025,8/10/2025,8/1/2025,8/31/2025,52,,,3,3,0,,3,3,NOT,NOT
A10001-100-RHO-106194-U4CC1E-CC_01,0.58,HMBI-10005-01,43,4,HITO 7,7/11/2025,8/10/2025,8/1/2025,8/31/2025,52,,,3,3,0,,,0,NOT,NOT
A10001-80-RHO-66522-U4CC1E-CC_01,0.63,AT97-A6001-01,1,1,HITO 5,6/9/2025,7/22/2025,6/30/2025,7/30/2025,52,,,4,4,0,,,0,NOT,NOT
A10001-80-RHO-66597-U4CC1E-CCTN_01,0.87,AT97-A6001-01,1,1,HITO 5,6/9/2025,7/22/2025,6/30/2025,7/30/2025,139|52,,,5,5,0,,,0,NOT,NOT
A10001-100-VT4-101308-U4BC1B-CC_01,1,CHMB-10001-04,36,6,HITO 8,7/23/2025,9/10/2025,8/13/2025,9/12/2025,53,,,1,0,1,,NOT_APPLY,0,NOT,NOT
A10001-100-VT4-102397-U4BC1B-CC_01,1,CIPA-10001-01,49,6,HITO 8,7/23/2025,9/1/2025,8/13/2025,9/12/2025,53,,,1,0,1,,NOT_APPLY,0,NOT,NOT
A10001-100-VT4-102397-U4BC1B-CC_02,1,CIPA-10001-01,49,6,HITO 8,7/23/2025,9/1/2025,8/13/2025,9/12/2025,53,,,1,0,1,,NOT_APPLY,0,NOT,NOT
A10001-100-VT4-104506-U4BC1B-CC_01,1,HMBI-10001-01,47,6,HITO 6,7/19/2025,,8/9/2025,9/8/2025,53,,,1,0,1,,NOT_APPLY,0,NOT,NOT
A10001-100-VT4-104606-U4BC1B-CC_04,1,HMBI-10001-01,47,6,HITO 6,7/19/2025,,8/9/2025,9/8/2025,53,,,1,0,1,,NOT_APPLY,0,NOT,NOT
A10001-100-VT4-108107-U4BC1B-PP_01,1,INC-10001-02,69,4,HITO 7,7/29/2025,8/26/2025,8/19/2025,9/18/2025,53,,,0,0,0,,NOT_APPLY,0,NOT,NOT
A10001-100-VT4-108107-U4BC1B-PP_03,1,INC-10001-02,69,4,HITO 7,7/29/2025,8/26/2025,8/19/2025,9/18/2025,53,,,1,0,1,,NOT_APPLY,0,NOT,NOT
A10001-100-VT4-108107-U4BC1B-PP_06,1,INC-10001-02,69,4,HITO 7,7/29/2025,8/26/2025,8/19/2025,9/18/2025,53,,,1,0,1,,NOT_APPLY,0,NOT,NOT
A10001-150-HMBC-104604-U4BC1B-CC_01,1,HMBI-10001-01,47,6,HITO 6,7/19/2025,,8/9/2025,9/8/2025,53,,,1,1,0,,1,1,NOT,NOT
A10001-200-HMBH-104203-U4BC1B-CC_01,1,HMBI-10001-03,93,4,HITO 7,7/11/2025,8/10/2025,8/1/2025,8/31/2025,53,,,1,1,0,,1,1,NOT,NOT
A10001-50-CHMB-101303-U4BC1B-CC_01,1,CHMB-10001-04,36,6,HITO 8,7/23/2025,9/10/2025,8/13/2025,9/12/2025,53,,,1,1,0,,1,1,NOT,NOT
A10001-50-VT4-108694-U4BC1B-NC_07,1,EFL-10001-04,34,6,HITO 6,7/22/2025,,8/12/2025,9/11/2025,53,,,1,0,1,,NOT_APPLY,0,NOT,NOT
A10001-50-VT4-108694-U4BC1B-NC_08,1,EFL-10001-04,34,6,HITO 6,7/22/2025,,8/12/2025,9/11/2025,53,,,1,0,1,,NOT_APPLY,0,NOT,NOT
A10001-80-CIPA-102102-U4BC1B-CC_01,1,INC-10001-04,79,5,HITO 6,7/13/2025,,8/3/2025,9/2/2025,53,,,1,1,0,,1,1,NOT,NOT
A10001-80-CIPA-103509-U4BC1B-CC_01,1,HMBN-10001-02,83,7,HITO 8,8/8/2025,9/1/2025,8/29/2025,9/28/2025,53,,,1,1,0,,1,1,NOT,NOT
A10001-80-CIPA-108104-U4BC1B-PP_01,1,INC-10001-02,69,4,HITO 7,7/29/2025,8/26/2025,8/19/2025,9/18/2025,53,,,1,1,0,,1,1,NOT,NOT
A10001-80-HMBC-104504-U4BC1B-CC_01,1,HMBI-10001-01,47,6,HITO 6,7/19/2025,,8/9/2025,9/8/2025,53,,,1,1,0,,1,1,NOT,NOT
A10001-80-VT4-102106-U4BC1B-CC_03,1,INC-10001-04,79,5,HITO 6,7/13/2025,,8/3/2025,9/2/2025,53,,,1,0,1,,NOT_APPLY,0,NOT,NOT
A10001-80-VT4-102106-U4BC1B-CC_06,1,INC-10001-04,79,5,HITO 6,7/13/2025,,8/3/2025,9/2/2025,53,,,1,0,1,,NOT_APPLY,0,NOT,NOT
A10001-80-VT4-102106-U4BC1B-CC_07,1,INC-10001-04,79,5,HITO 6,7/13/2025,,8/3/2025,9/2/2025,53,,,1,0,1,,NOT_APPLY,0,NOT,NOT
A10001-80-VT4-103699-U4BC1B-PP_01,1,HMBI-10001-02,90,4,HITO 7,7/11/2025,8/10/2025,8/1/2025,8/31/2025,53,,,1,0,1,,NOT_APPLY,0,NOT,NOT
A10001-80-VT4-104205-U4BC1B-CC_01,1,HMBI-10001-03,93,4,HITO 7,7/11/2025,8/10/2025,8/1/2025,8/31/2025,53,,,1,0,1,,NOT_APPLY,0,NOT,NOT
A10001-80-VT4-104205-U4BC1B-CC_02,1,HMBI-10001-03,93,4,HITO 7,7/11/2025,8/10/2025,8/1/2025,8/31/2025,53,,,1,0,1,,NOT_APPLY,0,NOT,NOT
A10001-80-VT4-104205-U4BC1B-CC_03,1,HMBI-10001-03,93,4,HITO 7,7/11/2025,8/10/2025,8/1/2025,8/31/2025,53,,,1,0,1,,NOT_APPLY,0,NOT,NOT
A10001-50-HMBH-104246-U4BC1B-CC_01,1,HMBI-10001-03,93,4,HITO 7,7/11/2025,8/10/2025,8/1/2025,8/31/2025,54,,,2,1,1,,1,1,NOT,NOT
A10001-50-HMBH-104251-U4BC1B-CC_01,1,HMBI-10001-03,93,4,HITO 7,7/11/2025,8/10/2025,8/1/2025,8/31/2025,54,,,2,1,1,,1,1,NOT,NOT
A10001-80-CIPA-102202-U4BC1B-CC_01,1,HMBC-10001-01,80,7,HITO 8,7/16/2025,8/9/2025,8/6/2025,9/5/2025,54,,,1,1,0,,1,1,NOT,NOT
A10001-100-VT4-101184-U4BC1B-CC_01,1,CHMB-10001-01,98,7,HITO 8,8/6/2025,9/10/2025,8/27/2025,9/26/2025,55,,,1,0,1,,NOT_APPLY,0,NOT,NOT
A10001-100-VT4-101184-U4BC1B-CC_02,1,CHMB-10001-01,98,7,HITO 8,8/6/2025,9/10/2025,8/27/2025,9/26/2025,55,,,1,0,1,,NOT_APPLY,0,NOT,NOT
A10001-100-VT4-101294-U4BC1B-CC_01,1,CHMB-10001-02,99,7,HITO 8,7/18/2025,9/10/2025,8/8/2025,9/7/2025,55,,,1,0,1,,NOT_APPLY,0,NOT,NOT
A10001-100-VT4-101294-U4BC1B-CC_02,1,CHMB-10001-02,99,7,HITO 8,7/18/2025,9/10/2025,8/8/2025,9/7/2025,55,,,1,0,1,,NOT_APPLY,0,NOT,NOT
A10001-150-CIPA-102307-U4BC1B-CC_01,1,CIPA-10001-01,49,6,HITO 8,7/23/2025,9/1/2025,8/13/2025,9/12/2025,55,,,1,1,0,,1,1,NOT,NOT
A10001-80-V6-95605-U1CD2B-CC_01,1,C6-10001-02,Apr-25,1,HITO 3,6/26/2025,7/13/2025,7/17/2025,8/16/2025,56,,,1,1,0,,1,1,NOT,NOT
A10001-80-VT2-95609-U1CD2B-CC_01,1,C6-10001-02,Apr-25,1,HITO 3,6/26/2025,7/13/2025,7/17/2025,8/16/2025,56,,,1,0,1,,NOT_APPLY,0,NOT,NOT
A10001-100-VT3-108209-U1BC2A-CF_01,1,AGL-10005-01,86,5,HITO 6,6/26/2025,8/6/2025,7/17/2025,8/16/2025,57,,,1,0,1,,NOT_APPLY,0,NOT,NOT
A10001-100-VT3-108209-U1BC2A-CF_02,1,AGL-10005-01,86,5,HITO 6,6/26/2025,8/6/2025,7/17/2025,8/16/2025,57,,,1,0,1,,NOT_APPLY,0,NOT,NOT
A10001-100-VT3-108209-U1BC2A-CF_03,1,AGL-10005-01,86,5,HITO 6,6/26/2025,8/6/2025,7/17/2025,8/16/2025,57,,,0,0,0,,NOT_APPLY,0,NOT,NOT
A10001-80-AGL-108207-U1BC2A-CF_01,1,AGL-10005-01,86,5,HITO 6,6/26/2025,8/6/2025,7/17/2025,8/16/2025,57,,,1,1,0,,1,1,NOT,NOT
A10001-15-NI-104113-U1BD2A-NC_01,0.58,NI-10001-01,91,6,HITO 4,7/6/2025,,7/27/2025,8/26/2025,59,,,1,1,0,,,0,NOT,NOT
A10001-25-NI-101209-U1BD2A-NC_01,0.84,NI-10001-01,91,6,HITO 4,7/6/2025,,7/27/2025,8/26/2025,59,,,8,8,0,,,0,NOT,NOT
A10001-25-NI-104104-U1BD2A-NC_01,0.7,NI-10001-01,91,6,HITO 4,7/6/2025,,7/27/2025,8/26/2025,59,,,1,1,0,,,0,NOT,NOT
A10001-25-NI-10497-U1BD2A-NC_01,0.78,NI-10001-01,91,6,HITO 4,7/6/2025,,7/27/2025,8/26/2025,59,,,0,0,0,,,0,NOT,NOT
A10001-50-NI-101196-U1BD2A-NC_01,0.7,NI-10001-01,91,6,HITO 4,7/6/2025,,7/27/2025,8/26/2025,59,,,9,9,0,,,0,NOT,NOT
A10001-15-NI-101112-U1BD2A-NC_01,0.4,NI-10001-04,31,6,HITO 4,7/12/2025,,8/2/2025,9/1/2025,60,,,1,1,0,,,0,NOT,NOT
A10001-15-NI-101211-U1BD2A-NC_01,0.4,NI-10001-04,31,6,HITO 4,7/12/2025,,8/2/2025,9/1/2025,60,,,1,1,0,,,0,NOT,NOT
A10001-15-NI-103124-U1BD2A-NC_01,0.7,NI-10001-04,31,6,HITO 4,7/12/2025,,8/2/2025,9/1/2025,60,,,1,1,0,,,0,NOT,NOT
A10001-15-NI-103134-U1BD2A-NC_01,0.4,NI-10001-04,31,6,HITO 4,7/12/2025,,8/2/2025,9/1/2025,60,,,1,1,0,,,0,NOT,NOT
A10001-15-NI-103197-U1BD2A-NC_01,0.4,NI-10001-04,31,6,HITO 4,7/12/2025,,8/2/2025,9/1/2025,60,,,1,1,0,,,0,NOT,NOT
A10001-15-NI-103511-U1BD2A-NC_01,0.4,NI-10001-04,31,6,HITO 4,7/12/2025,,8/2/2025,9/1/2025,60,,,1,1,0,,,0,NOT,NOT
A10001-15-NI-103529-U1BD2A-NC_01,0.6,NI-10001-04,31,6,HITO 4,7/12/2025,,8/2/2025,9/1/2025,60,,,1,1,0,,,0,NOT,NOT
A10001-15-NI-103534-U1BD2A-NC_01,0.7,NI-10001-04,31,6,HITO 4,7/12/2025,,8/2/2025,9/1/2025,60,,,1,1,0,,,0,NOT,NOT
A10001-15-NI-104234-U1BD2A-NC_01,0.7,NI-10001-04,31,6,HITO 4,7/12/2025,,8/2/2025,9/1/2025,60,,,1,1,0,,,0,NOT,NOT
A10001-15-NI-104297-U1BD2A-NC_01,0.7,NI-10001-04,31,6,HITO 4,7/12/2025,,8/2/2025,9/1/2025,60,,,1,1,0,,,0,NOT,NOT
A10001-15-NI-108621-U1BD2A-NC_01,0.63,NI-10001-04,31,6,HITO 4,7/12/2025,,8/2/2025,9/1/2025,60,,,1,1,0,,,0,NOT,NOT
A10001-15-NI-108635-U1BD2A-NC_01,0.65,NI-10001-04,31,6,HITO 4,7/12/2025,,8/2/2025,9/1/2025,60,,,1,1,0,,,0,NOT,NOT
A10001-50-NI-91902-U1BD2A-NC_01,0.87,NI-00000-02,13,5,HITO 4,7/11/2025,,8/1/2025,8/31/2025,60,,,0,0,0,,,0,NOT,NOT
A10001-15-NI-103609-U1BD2A-NC_01,0.4,NI-10001-05,74,6,HITO 4,7/11/2025,,8/1/2025,8/31/2025,61,,,1,1,0,,,0,NOT,NOT
A10001-25-NI-10398-U1BD2A-NC_01,0.4,NI-10001-05,74,6,HITO 4,7/11/2025,,8/1/2025,8/31/2025,61,,,2,2,0,,,0,NOT,NOT
A10001-25-NI-103995-U1BD2A-NC_01,0.4,HMBI-10001-02,90,4,HITO 7,7/11/2025,8/10/2025,8/1/2025,8/31/2025,61,,,2,1,1,,,0,NOT,NOT
A10001-50-NI-103996-U1BD2A-NC_01,0.5,HMBI-10001-02,90,4,HITO 7,7/11/2025,8/10/2025,8/1/2025,8/31/2025,61,,,1,1,0,,,0,NOT,NOT
A10001-25-NI-103997-U1BD2A-NC_01,0.5,NI-10001-05,74,6,HITO 4,7/11/2025,,8/1/2025,8/31/2025,161|61,,,1,1,0,,,0,NOT,NOT
A10001-20-NI-91903-U1BD2A-NC_01,0.61,NI-10001-06,75,7,HITO 8,7/22/2025,,8/12/2025,9/11/2025,62,,,0,0,0,,,0,NOT,NOT
A10001-20-NI-91904-U1BD2A-NC_01,0.73,NI-10001-06,75,7,HITO 8,7/22/2025,,8/12/2025,9/11/2025,62,,,0,0,0,,,0,NOT,NOT
A10001-20-NI-91905-U1BD2A-NC_01,0.7,NI-10001-06,75,7,HITO 8,7/22/2025,,8/12/2025,9/11/2025,62,,,0,0,0,,,0,NOT,NOT
A10001-20-NI-91906-U1BD2A-NC_01,0.7,NI-10001-06,75,7,HITO 8,7/22/2025,,8/12/2025,9/11/2025,62,,,0,0,0,,,0,NOT,NOT
A10001-20-NI-91907-U1BD2A-NC_01,0.4,NI-10001-06,75,7,HITO 8,7/22/2025,,8/12/2025,9/11/2025,62,,,0,0,0,,,0,NOT,NOT
A10001-20-NI-91908-U1BD2A-NC_01,0.7,NI-10001-06,75,7,HITO 8,7/22/2025,,8/12/2025,9/11/2025,62,,,0,0,0,,,0,NOT,NOT
A10001-20-NI-91909-U1BD2A-NC_01,0.7,NI-10001-06,75,7,HITO 8,7/22/2025,,8/12/2025,9/11/2025,62,,,0,0,0,,,0,NOT,NOT
A10001-20-NI-91999-U1BD2A-NC_01,0.4,NI-10001-06,75,7,HITO 8,7/22/2025,,8/12/2025,9/11/2025,62,,,0,0,0,,,0,NOT,NOT
A10001-25-NI-101193-U1BD2A-NC_01,0.66,NI-10001-06,75,7,HITO 8,7/22/2025,,8/12/2025,9/11/2025,161|62,,,0,0,0,,,0,NOT,NOT
A10001-25-NI-101307-U1BD2A-NC_01,0.55,NI-10001-02,35,7,HITO 8,7/23/2025,,8/13/2025,9/12/2025,63,,,1,1,0,,,0,NOT,NOT
A10001-25-NI-102105-U1BD2A-NC_01,0.4,NI-10001-02,35,7,HITO 8,7/23/2025,,8/13/2025,9/12/2025,63,,,1,1,0,,,0,NOT,NOT
A10001-25-NI-102399-U1BD2A-NC_01,0.66,NI-10001-02,35,7,HITO 8,7/23/2025,,8/13/2025,9/12/2025,63,,,1,1,0,,,0,NOT,NOT
A10001-25-NI-103606-U1BD2A-NC_01,0.93,NI-10001-02,35,7,HITO 8,7/23/2025,,8/13/2025,9/12/2025,63,,,1,1,0,,,0,NOT,NOT
A10001-25-NI-103706-U1BD2A-NC_01,0.9,NI-10001-02,35,7,HITO 8,7/23/2025,,8/13/2025,9/12/2025,63,,,1,1,0,,,0,NOT,NOT
A10001-25-NI-10399-U1BD2A-NC_01,0.7,NI-10001-02,35,7,HITO 8,7/23/2025,,8/13/2025,9/12/2025,63,,,0,0,0,,,0,NOT,NOT
A10001-25-NI-103109-U1BD2A-NC_01,0.7,NI-10001-03,30,3,HITO 2,6/19/2025,,7/10/2025,8/9/2025,64,,,1,1,0,,,0,NOT,NOT
A10001-25-NI-108698-U1BD2A-NC_01,0.63,NI-10001-03,30,3,HITO 2,6/19/2025,,7/10/2025,8/9/2025,64,,,1,1,0,,,0,NOT,NOT
A10001-150-C6-95608-U1CD2B-CC_01,0.4,C6-00000-01,15,4,HITO 6,7/1/2025,8/6/2025,7/22/2025,8/21/2025,65,,,0,0,0,,,0,NOT,NOT
A10001-150-C6-95608-U1CD2B-CC_02,0.4,C6-00000-01,15,4,HITO 6,7/1/2025,8/6/2025,7/22/2025,8/21/2025,65,,,0,0,0,,,0,NOT,NOT
A10001-50-C6-103506-U1CD2B-CC_01,0.4,C6-00000-01,15,4,HITO 6,7/1/2025,8/6/2025,7/22/2025,8/21/2025,65,,,0,0,0,,,0,NOT,NOT
A10003-150-C6-105356-U1CD2B-CC_01,1,C6-00000-01,15,4,HITO 6,7/1/2025,8/6/2025,7/22/2025,8/21/2025,65,,,0,0,0,,NOT_APPLY,0,NOT,NOT
A10003-150-C6-105356-U1CD2B-CC_02,1,C6-00000-01,15,4,HITO 6,7/1/2025,8/6/2025,7/22/2025,8/21/2025,65,,,0,0,0,,NOT_APPLY,0,NOT,NOT
A10003-20-C6-95608-U1CD2B-CC_01,0.83,C6-00000-01,15,4,HITO 6,7/1/2025,8/6/2025,7/22/2025,8/21/2025,65,,,0,0,0,,,0,NOT,NOT
A10003-80-C6-105556-U1CD2B-CC_01,0.8,C6-00000-01,15,4,HITO 6,7/1/2025,8/6/2025,7/22/2025,8/21/2025,65,,,0,0,0,,,0,NOT,NOT
A10003-80-C6-105556-U1CD2B-CC_02,0.9,C6-00000-01,15,4,HITO 6,7/1/2025,8/6/2025,7/22/2025,8/21/2025,65,,,0,0,0,,,0,NOT,NOT
PR19-150-C6-95608-U1CD2B-CC_01,0.84,C6-00000-01,15,4,HITO 6,7/1/2025,8/6/2025,7/22/2025,8/21/2025,65,,,0,0,0,,,0,NOT,NOT
PR19-150-C6-95608-U1CD2B-CC_02,0.4,C6-00000-01,15,4,HITO 6,7/1/2025,8/6/2025,7/22/2025,8/21/2025,65,,,0,0,0,,,0,NOT,NOT
PR19-80-C6-104107-U1CD2B-CC_01,0.7,C6-10001-01,88,5,HITO 6,7/10/2025,8/5/2025,7/31/2025,8/30/2025,1020|65,,,0,0,0,,,0,NOT,NOT
A10001-25-EFL-105582-U4BC1B-CCTN_01,0.69,EFL-10003-06,64,4,HITO 7,7/22/2025,8/28/2025,8/12/2025,9/11/2025,66,,,0,0,0,,,0,YES,EHT-105582-TH
A10003-25-EFL-105582-U4BC1B-CCTN_01,0.33,EFL-10003-06,64,4,HITO 7,7/22/2025,8/28/2025,8/12/2025,9/11/2025,109|66,,,3,3,0,,,0,YES,EHT-105582-TH
PR19-25-EFL-105582-U4BC1B-CCTN_01,0.93,EFL-10003-06,64,4,HITO 7,7/22/2025,8/28/2025,8/12/2025,9/11/2025,66,,,0,0,0,,,0,YES,EHT-105582-TH
A10001-25-CIPA-102322-U4BC1B-CC_01,0.55,CIPA-10001-01,49,6,HITO 8,7/23/2025,9/1/2025,8/13/2025,9/12/2025,67,,,1,1,0,,,0,NOT,NOT
A10001-50-CIPA-102321-U4BC1B-CC_01,0.9,CIPA-10001-01,49,6,HITO 8,7/23/2025,9/1/2025,8/13/2025,9/12/2025,67,,,1,0,1,,,0,NOT,NOT
A10001-50-CIPA-102331-U4BC1B-CC_01,0.9,CIPA-10001-01,49,6,HITO 8,7/23/2025,9/1/2025,8/13/2025,9/12/2025,67,,,1,0,1,,,0,NOT,NOT
A10003-50-CIPA-102321-U4BC1B-CC_01,0.97,CIPA-10001-01,49,6,HITO 8,7/23/2025,9/1/2025,8/13/2025,9/12/2025,67,,,0,0,0,,,0,NOT,NOT
PR19-50-CIPA-102321-U4BC1B-CC_01,0.95,CIPA-10001-01,49,6,HITO 8,7/23/2025,9/1/2025,8/13/2025,9/12/2025,67,,,0,0,0,,,0,NOT,NOT
A10001-40-CIPA-108122-U4BC1B-NC_01,0.43,INC-10001-02,69,4,HITO 7,7/29/2025,8/26/2025,8/19/2025,9/18/2025,68,,,0,0,0,,,0,NOT,NOT
PR19-40-CIPA-108122-U4BC1B-NC_01,0.81,INC-10001-02,69,4,HITO 7,7/29/2025,8/26/2025,8/19/2025,9/18/2025,68|79,,,0,0,0,,,0,NOT,NOT
A10003-50-CIPA-103204-U4BC1B-CC_01,1,HMBI-10001-04,89,4,HITO 7,7/11/2025,8/10/2025,8/1/2025,8/31/2025,69,,,0,0,0,,NOT_APPLY,0,YES,EHT-103204-TH
PR19-50-CIPA-103204-U4BC1B-CC_01,1,HMBI-10001-04,89,4,HITO 7,7/11/2025,8/10/2025,8/1/2025,8/31/2025,69,,,0,0,0,,NOT_APPLY,0,YES,EHT-103204-TH
A10003-50-CIPA-103905-U4BC1B-CC_01,0.96,HMBI-10001-04,89,4,HITO 7,7/11/2025,8/10/2025,8/1/2025,8/31/2025,70,,,0,0,0,,,0,NOT,NOT
PR19-50-CIPA-103905-U4BC1B-CC_01,1,HMBI-10001-04,89,4,HITO 7,7/11/2025,8/10/2025,8/1/2025,8/31/2025,70,,,0,0,0,,NOT_APPLY,0,NOT,NOT
A10001-50-EFL-108901-U4BC1B-NC_01,0.4,EFL-10003-04,24,5,HITO 6,7/22/2025,,8/12/2025,9/11/2025,71,,,0,0,0,,,0,NOT,NOT
A10003-40-EFL-108902-U4BC1B-NC_01,0.7,EFL-10003-04,24,5,HITO 6,7/22/2025,,8/12/2025,9/11/2025,71,,,0,0,0,,,0,NOT,NOT
A10003-50-EFL-108901-U4BC1B-NC_01,0.75,EFL-10003-04,24,5,HITO 6,7/22/2025,,8/12/2025,9/11/2025,71,,,1,0,1,,,0,NOT,NOT
PR19-50-EFL-108901-U4BC1B-NC_01,1,EFL-10003-04,24,5,HITO 6,7/22/2025,,8/12/2025,9/11/2025,71,,,0,0,0,,NOT_APPLY,0,NOT,NOT
A10003-80-EFL-108725-U4BC1B-NC_01,0.4,EFL-10001-05,26,6,HITO 6,7/22/2025,,8/12/2025,9/11/2025,72|79,,,3,3,0,,,0,NOT,NOT
PR19-80-EFL-108725-U4BC1B-NC_01,0.98,EFL-10001-05,26,6,HITO 6,7/22/2025,,8/12/2025,9/11/2025,72,,,0,0,0,,,0,NOT,NOT
A10003-25-IPA-15526-U4BC1B-NC_01,0.4,RIPA-10003-02,60,5,HITO 7,7/9/2025,8/25/2025,7/30/2025,8/29/2025,73,,,0,0,0,,,0,NOT,NOT
A10003-80-IPA-15528-U4BC1B-NC_01,1,IPA-10004-01,22,3,HITO 4,7/14/2025,,8/4/2025,9/3/2025,73,,,0,0,0,,NOT_APPLY,0,NOT,NOT
PR19-80-IPA-15528-U4BC1B-NC_01,0.89,IPA-10004-01,22,3,HITO 4,7/14/2025,,8/4/2025,9/3/2025,73,,,0,0,0,,,0,NOT,NOT
A10003-80-IPA-15521-U4BC1B-NC_01,1,IPA-10004-01,22,3,HITO 4,7/14/2025,,8/4/2025,9/3/2025,73|83,,,5,5,0,,5,5,NOT,NOT
A10001-80-RIPA-105423-U4BC1B-CC_01,1,RIPA-10003-01,65,6,HITO 6,6/28/2025,7/29/2025,7/19/2025,8/18/2025,74,,,0,0,0,,NOT_APPLY,0,NOT,NOT
A10003-50-CIPA-105323-U4BC1B-CC_01,1,RIPA-10003-01,65,6,HITO 6,6/28/2025,7/29/2025,7/19/2025,8/18/2025,74,,,0,0,0,,NOT_APPLY,0,NOT,NOT
PR19-80-RIPA-105423-U4BC1B-CC_01,1,RIPA-10003-01,65,6,HITO 6,6/28/2025,7/29/2025,7/19/2025,8/18/2025,74,,,0,0,0,,NOT_APPLY,0,NOT,NOT
A10003-80-RIPA-105423-U4BC1B-CC_01,0.97,RIPA-10003-01,65,6,HITO 6,6/28/2025,7/29/2025,7/19/2025,8/18/2025,74|88,,,1,1,0,,,0,NOT,NOT
A10001-80-RIPA-105451-U4BC1B-PP_01,0.87,RIPA-10001-01,67,3,HITO 5,7/4/2025,7/26/2025,7/25/2025,8/24/2025,75,,,5,5,0,,,0,NOT,NOT
A10001-80-RIPA-105452-U4BC1B-PP_01,0.87,RIPA-10001-01,67,3,HITO 5,7/4/2025,7/26/2025,7/25/2025,8/24/2025,75,,,5,5,0,,,0,NOT,NOT
A10003-50-EFL-108905-U4BC1B-PP_01,0.4,EFL-10003-01,23,5,HITO 6,7/22/2025,8/7/2025,8/12/2025,9/11/2025,75,,,0,0,0,,,0,NOT,NOT
A10003-80-RIPA-105451-U4BC1B-PP_01,0.98,RIPA-10001-01,67,3,HITO 5,7/4/2025,7/26/2025,7/25/2025,8/24/2025,75,,,1,0,1,,,0,NOT,NOT
A10003-80-RIPA-105451-U4BC1B-PP_02,0.49,RIPA-10001-01,67,3,HITO 5,7/4/2025,7/26/2025,7/25/2025,8/24/2025,75,,,0,0,0,,,0,NOT,NOT
PR19-80-RIPA-105451-U4BC1B-PP_01,0.96,RIPA-10001-01,67,3,HITO 5,7/4/2025,7/26/2025,7/25/2025,8/24/2025,75,,,0,0,0,,,0,NOT,NOT
A10001-100-VE1-108057-U4BC1B-NC_01,1,VE1-10001-01,70,6,HITO 6,8/4/2025,,8/25/2025,9/24/2025,76,,,6,6,0,,6,6,NOT,NOT
A10001-100-VE1-108133-U4BC1B-NC_01,1,VE1-10001-01,70,6,HITO 6,8/4/2025,,8/25/2025,9/24/2025,76,,,3,1,2,,1,1,NOT,NOT
A10001-100-VE1-108151-U4BC1B-CF_01,1,VE1-10001-01,70,6,HITO 6,8/4/2025,,8/25/2025,9/24/2025,76,,,2,0,2,,NOT_APPLY,0,NOT,NOT
A10003-25-EFL-105522-U4BC1B-PP_01,0.7,EFL-10003-01,23,5,HITO 6,7/22/2025,8/7/2025,8/12/2025,9/11/2025,77,,,0,0,0,,,0,NOT,NOT
A10003-25-EFL-105524-U4BC1B-PP_01,0.5,EFL-10003-01,23,5,HITO 6,7/22/2025,8/7/2025,8/12/2025,9/11/2025,77,,,0,0,0,,,0,NOT,NOT
A10003-40-EFL-105521-U4BC1B-CC_01,0.72,EFL-10003-06,64,4,HITO 7,7/22/2025,8/28/2025,8/12/2025,9/11/2025,77,,,2,0,2,,,0,NOT,NOT
A10003-40-EFL-105521-U4BC1B-CC_02,0.92,EFL-10003-06,64,4,HITO 7,7/22/2025,8/28/2025,8/12/2025,9/11/2025,77,,,0,0,0,,,0,NOT,NOT
A10003-40-EFL-105521-U4BC1B-CC_03,0.5,EFL-10003-06,64,4,HITO 7,7/22/2025,8/28/2025,8/12/2025,9/11/2025,77,,,1,0,1,,,0,NOT,NOT
A10003-40-EFL-105531-U4BC1B-CC_01,0.8,EFL-10003-06,64,4,HITO 7,7/22/2025,8/28/2025,8/12/2025,9/11/2025,77,,,1,0,1,,,0,NOT,NOT
A10003-80-EFL-105501-U4BC1B-CC_01,0.81,EFL-10003-06,64,4,HITO 7,7/22/2025,8/28/2025,8/12/2025,9/11/2025,77,,,1,0,1,,,0,NOT,NOT
A10003-80-EFL-105502-U4BC1B-CC_01,0.7,EFL-10003-06,64,4,HITO 7,7/22/2025,8/28/2025,8/12/2025,9/11/2025,77,,,1,0,1,,,0,NOT,NOT
A10003-50-EFL-108951-U4BC1B-NC_01,0.82,EFL-10003-03,25,3,HITO 5,7/20/2025,,8/10/2025,9/9/2025,78,,,1,0,1,,,0,NOT,NOT
A10003-50-EFL-108954-U4BC1B-NC_01,0.59,EFL-10003-04,24,5,HITO 6,7/22/2025,,8/12/2025,9/11/2025,78,,,0,0,0,,,0,NOT,NOT
A10004-80-EFL-108725-U4BC1B-NC_01,0.7,EFL-10001-05,26,6,HITO 6,7/22/2025,,8/12/2025,9/11/2025,79,,,0,0,0,,,0,NOT,NOT
PR19-80-EFL-108725-U4BC1B-NC_02,0.85,EFL-10001-05,26,6,HITO 6,7/22/2025,,8/12/2025,9/11/2025,79,,,0,0,0,,,0,NOT,NOT
A10003-150-EFL-108903-U4BC1B-PP_01,0.57,EFL-10003-01,23,5,HITO 6,7/22/2025,8/7/2025,8/12/2025,9/11/2025,80,,,0,0,0,,,0,NOT,NOT
A10003-150-EFL-105551-U4BC1B-CC_01,1,EFL-10003-06,64,4,HITO 7,7/22/2025,8/28/2025,8/12/2025,9/11/2025,81,,,2,1,1,,1,1,NOT,NOT
A10003-80-EFL-105552-U4BC1B-CC_01,1,EFL-10003-06,64,4,HITO 7,7/22/2025,8/28/2025,8/12/2025,9/11/2025,81,,,1,1,0,,1,1,NOT,NOT
A10003-80-EFL-105396-U4BC1B-PP_01,1,EFL-10003-01,23,5,HITO 6,7/22/2025,8/7/2025,8/12/2025,9/11/2025,82,,,0,0,0,,NOT_APPLY,0,NOT,NOT
A10003-80-VT4-105395-U4BC1B-CC_04,1,RIPA-10003-05,62,7,HITO 8,6/28/2025,8/23/2025,7/19/2025,8/18/2025,82,,,1,0,1,,NOT_APPLY,0,NOT,NOT
A10003-80-VT4-105395-U4BC1B-CC_18,1,RIPA-10003-05,62,7,HITO 8,6/28/2025,8/23/2025,7/19/2025,8/18/2025,82,,,0,0,0,,NOT_APPLY,0,NOT,NOT
PR19-80-IPA-15521-U4BC1B-NC_01,1,IPA-10004-01,22,3,HITO 4,7/14/2025,,8/4/2025,9/3/2025,83,,,0,0,0,,NOT_APPLY,0,NOT,NOT
A10004-80-IPA-15521-U4BC1B-NC_01,1,IPA-10004-01,22,3,HITO 4,7/14/2025,,8/4/2025,9/3/2025,120|83,,,5,3,2,,3,3,NOT,NOT
A10003-100-RIPA-105203-U4BC1B-CC_01,0.8,RIPA-10003-02,60,5,HITO 7,7/9/2025,8/25/2025,7/30/2025,8/29/2025,84,,,1,0,1,,,0,NOT,NOT
A10003-100-RIPA-105204-U4BC1B-CC_01,0.85,RIPA-10003-02,60,5,HITO 7,7/9/2025,8/25/2025,7/30/2025,8/29/2025,84,,,1,0,1,,,0,NOT,NOT
A10003-25-EFL-105223-U4BC1B-PP_01,0.64,EFL-10003-01,23,5,HITO 6,7/22/2025,8/7/2025,8/12/2025,9/11/2025,84,,,0,0,0,,,0,NOT,NOT
A10003-40-RIPA-105222-U4BC1B-CC_01,0.69,RIPA-10003-02,60,5,HITO 7,7/9/2025,8/25/2025,7/30/2025,8/29/2025,84,,,1,1,0,,,0,NOT,NOT
A10003-80-RIPA-105221-U4BC1B-CC_01,0.94,RIPA-10003-02,60,5,HITO 7,7/9/2025,8/25/2025,7/30/2025,8/29/2025,84,,,4,3,1,,,0,NOT,NOT
A10003-80-RIPA-105221-U4BC1B-CC_02,0.53,RIPA-10003-02,60,5,HITO 7,7/9/2025,8/25/2025,7/30/2025,8/29/2025,84,,,0,0,0,,,0,NOT,NOT
A10003-80-RIPA-105231-U4BC1B-CC_01,0.85,RIPA-10003-02,60,5,HITO 7,7/9/2025,8/25/2025,7/30/2025,8/29/2025,84,,,1,0,1,,,0,NOT,NOT
PR19-80-RIPA-105221-U4BC1B-CC_01,0.96,RIPA-10003-02,60,5,HITO 7,7/9/2025,8/25/2025,7/30/2025,8/29/2025,84,,,0,0,0,,,0,NOT,NOT
A10003-80-RIPA-105571-U4BC1B-CC_01,1,RIPA-10003-04,63,3,HITO 5,7/4/2025,7/21/2025,7/25/2025,8/24/2025,85,,,0,0,0,,NOT_APPLY,0,NOT,NOT
A10003-100-CYH-15552-U4BC1B-CCTN_01,1,CYH-10004-01,21,2,HITO 4,6/15/2025,7/10/2025,7/6/2025,8/5/2025,86,,,3,3,0,,3,3,YES,EHT-15551-TH
A10003-25-CYH-105282-U4BC1B-CCTN_01,0.66,CYH-10003-01,58,5,HITO 7,7/4/2025,8/10/2025,7/25/2025,8/24/2025,86,,,2,1,1,,,0,YES,EHT-105282-TH
A10003-40-CYH-105284-U4BC1B-CCTN_01,0.5,CYH-10003-01,58,5,HITO 7,7/4/2025,8/10/2025,7/25/2025,8/24/2025,86,,,1,1,0,,,0,YES,EHT-105284-TH
PR19-100-CYH-15552-U4BC1B-CCTN_01,0.83,CYH-10004-01,21,2,HITO 4,6/15/2025,7/10/2025,7/6/2025,8/5/2025,86,,,0,0,0,,,0,YES,EHT-15551-TH
A10004-100-CYH-15552-U4BC1B-CCTN_01,0.95,CYH-10004-01,21,2,HITO 4,6/15/2025,7/10/2025,7/6/2025,8/5/2025,119|86,,,2,2,0,,,0,YES,EHT-15551-TH
A10003-100-EFL-108906-U4BC1B-NC_01,1,EFL-10003-04,24,5,HITO 6,7/22/2025,,8/12/2025,9/11/2025,87,,,1,1,0,,1,1,NOT,NOT
A10003-100-RIPA-105421-U4BC1B-CC_01,0.94,RIPA-10003-01,65,6,HITO 6,6/28/2025,7/29/2025,7/19/2025,8/18/2025,88,,,1,0,1,,,0,NOT,NOT
A10003-100-RIPA-105421-U4BC1B-CC_02,0.78,RIPA-10003-01,65,6,HITO 6,6/28/2025,7/29/2025,7/19/2025,8/18/2025,88,,,0,0,0,,,0,NOT,NOT
A10003-100-RIPA-105421-U4BC1B-CC_03,0.72,RIPA-10003-01,65,6,HITO 6,6/28/2025,7/29/2025,7/19/2025,8/18/2025,88,,,1,0,1,,,0,NOT,NOT
A10003-100-RIPA-105431-U4BC1B-CC_01,0.85,RIPA-10003-01,65,6,HITO 6,6/28/2025,7/29/2025,7/19/2025,8/18/2025,88,,,1,0,1,,,0,NOT,NOT
A10003-25-EFL-105424-U4BC1B-PP_01,0.7,EFL-10003-01,23,5,HITO 6,7/22/2025,8/7/2025,8/12/2025,9/11/2025,88,,,0,0,0,,,0,NOT,NOT
A10003-25-EFL-105426-U4BC1B-PP_01,0.55,EFL-10003-01,23,5,HITO 6,7/22/2025,8/7/2025,8/12/2025,9/11/2025,88,,,0,0,0,,,0,NOT,NOT
A10003-50-RIPA-105422-U4BC1B-CC_01,0.55,RIPA-10003-01,65,6,HITO 6,6/28/2025,7/29/2025,7/19/2025,8/18/2025,88,,,1,1,0,,,0,NOT,NOT
A10003-100-RIPA-105503-U4BC1B-CC_01,1,EFL-10003-06,64,4,HITO 7,7/22/2025,8/28/2025,8/12/2025,9/11/2025,89,,,0,0,0,,NOT_APPLY,0,NOT,NOT
A10003-100-RIPA-105563-U4BC1B-PP_01,1,RIPA-10003-04,63,3,HITO 5,7/4/2025,7/21/2025,7/25/2025,8/24/2025,90,,,0,0,0,,NOT_APPLY,0,NOT,NOT
A10003-150-RIPA-105321-U4BC1B-CC_01,0.88,RIPA-10003-05,62,7,HITO 8,6/28/2025,8/23/2025,7/19/2025,8/18/2025,91,,,10,8,2,,,0,NOT,NOT
A10003-150-RIPA-105321-U4BC1B-CC_02,1,RIPA-10003-05,62,7,HITO 8,6/28/2025,8/23/2025,7/19/2025,8/18/2025,91,,,0,0,0,,NOT_APPLY,0,NOT,NOT
A10003-150-RIPA-105322-U4BC1B-CC_01,1,RIPA-10003-05,62,7,HITO 8,6/28/2025,8/23/2025,7/19/2025,8/18/2025,91,,,0,0,0,,NOT_APPLY,0,NOT,NOT
A10003-150-RIPA-105331-U4BC1B-CC_01,0.93,RIPA-10003-05,62,7,HITO 8,6/28/2025,8/23/2025,7/19/2025,8/18/2025,91,,,1,0,1,,,0,NOT,NOT
A10003-200-RIPA-105302-U4BC1B-CC_01,0.84,RIPA-10003-05,62,7,HITO 8,6/28/2025,8/23/2025,7/19/2025,8/18/2025,91,,,1,0,1,,,0,NOT,NOT
A10003-200-RIPA-105303-U4BC1B-CC_01,0.93,RIPA-10003-05,62,7,HITO 8,6/28/2025,8/23/2025,7/19/2025,8/18/2025,91,,,1,0,1,,,0,NOT,NOT
A10003-25-EFL-105325-U4BC1B-PP_01,0.65,EFL-10003-01,23,5,HITO 6,7/22/2025,8/7/2025,8/12/2025,9/11/2025,91,,,0,0,0,,,0,NOT,NOT
A10003-150-RIPA-105362-U4BC1B-CCTN_01,1,RIPA-10003-02,60,5,HITO 7,7/9/2025,8/25/2025,7/30/2025,8/29/2025,92,,,1,0,1,,NOT_APPLY,0,YES,EHT-105363-TH
A10003-150-RIPA-105363-U4BC1B-CC_01,0.96,RIPA-10003-02,60,5,HITO 7,7/9/2025,8/25/2025,7/30/2025,8/29/2025,92,,,0,0,0,,,0,YES,EHT-105363-TH
A10003-150-RIPA-105401-U4BC1B-CC_01,1,RIPA-10003-01,65,6,HITO 6,6/28/2025,7/29/2025,7/19/2025,8/18/2025,93,,,1,0,1,,NOT_APPLY,0,NOT,NOT
A10003-150-RIPA-105402-U4BC1B-CC_01,1,RIPA-10003-01,65,6,HITO 6,6/28/2025,7/29/2025,7/19/2025,8/18/2025,93,,,1,0,1,,NOT_APPLY,0,NOT,NOT
A10003-250-RIPA-105301-U4BC1B-CC_01,1,RIPA-10003-05,62,7,HITO 8,6/28/2025,8/23/2025,7/19/2025,8/18/2025,94,,,0,0,0,,NOT_APPLY,0,NOT,NOT
A10003-250-RIPA-105352-U4BC1B-CC_01,1,RIPA-10003-05,62,7,HITO 8,6/28/2025,8/23/2025,7/19/2025,8/18/2025,95,,,1,1,0,,1,1,NOT,NOT
A10003-400-RIPA-105351-U4BC1B-CC_01,1,RIPA-10003-05,62,7,HITO 8,6/28/2025,8/23/2025,7/19/2025,8/18/2025,95,,,2,1,1,,1,1,NOT,NOT
A10003-20-INC-105603-U4BC1B-PP_01,0.6,RIPA-10003-03,61,6,HITO 6,6/28/2025,7/29/2025,7/19/2025,8/18/2025,96,,,1,1,0,,,0,NOT,NOT
A10003-25-INC-105404-U4BC1B-PP_01,1,RIPA-10003-01,65,6,HITO 6,6/28/2025,7/29/2025,7/19/2025,8/18/2025,96,,,0,0,0,,NOT_APPLY,0,NOT,NOT
A10003-25-INC-105572-U4BC1B-PP_01,0.42,RIPA-10003-04,63,3,HITO 5,7/4/2025,7/21/2025,7/25/2025,8/24/2025,96,,,3,3,0,,,0,NOT,NOT
A10003-25-INC-105604-U4BC1B-PP_01,0.4,INC-10001-01,68,6,HITO 6,7/29/2025,8/7/2025,8/19/2025,9/18/2025,96,,,0,0,0,,,0,NOT,NOT
A10003-40-INC-105403-U4BC1B-PP_01,0.72,RIPA-10003-01,65,6,HITO 6,6/28/2025,7/29/2025,7/19/2025,8/18/2025,96,0,,1,1,0,,,0,NOT,NOT
A10003-25-INC-105205-U4BC1B-PP_01,0.4,RIPA-10003-02,60,5,HITO 7,7/9/2025,8/25/2025,7/30/2025,8/29/2025,97,,,1,1,0,,,0,NOT,NOT
A10003-25-INC-105206-U4BC1B-PP_01,0.4,INC-10001-01,68,6,HITO 6,7/29/2025,8/7/2025,8/19/2025,9/18/2025,97,0,,0,0,0,,,0,NOT,NOT
A10003-25-INC-105361-U4BC1B-PP_01,0.39,INC-10001-01,68,6,HITO 6,7/29/2025,8/7/2025,8/19/2025,9/18/2025,97,,,3,3,0,,,0,NOT,NOT
A10003-25-INC-105209-U4BC1B-PP_01,0.4,RIPA-10003-02,60,5,HITO 7,7/9/2025,8/25/2025,7/30/2025,8/29/2025,98,,,0,0,0,,,0,NOT,NOT
A10003-25-EFL-105397-U4BC1B-PP_01,0.4,EFL-10003-01,23,5,HITO 6,7/22/2025,8/7/2025,8/12/2025,9/11/2025,99,,,1,0,1,,,0,NOT,NOT
A10003-25-INC-105315-U4BC1B-PP_01,0.52,INC-10001-01,68,6,HITO 6,7/29/2025,8/7/2025,8/19/2025,9/18/2025,99,0,,1,1,0,,,0,NOT,NOT
A10003-50-INC-108904-U4BC1B-NC_01,0.79,EFL-10003-04,24,5,HITO 6,7/22/2025,,8/12/2025,9/11/2025,100,0,,2,1,1,,,0,NOT,NOT
A10003-25-RIPA-105304-U4BC1B-CC_01,0.7,RIPA-10003-05,62,7,HITO 8,6/28/2025,8/23/2025,7/19/2025,8/18/2025,101,,,0,0,0,,,0,NOT,NOT
A10003-25-RIPA-105305-U4BC1B-CC_01,0.76,RIPA-10003-05,62,7,HITO 8,6/28/2025,8/23/2025,7/19/2025,8/18/2025,101,,,0,0,0,,,0,NOT,NOT
A10003-25-RIPA-105306-U4BC1B-CC_01,0.62,RIPA-10003-05,62,7,HITO 8,6/28/2025,8/23/2025,7/19/2025,8/18/2025,101,,,0,0,0,,,0,NOT,NOT
A10003-25-RIPA-105307-U4BC1B-CC_01,0.67,RIPA-10003-05,62,7,HITO 8,6/28/2025,8/23/2025,7/19/2025,8/18/2025,101,,,0,0,0,,,0,NOT,NOT
A10003-25-RIPA-105308-U4BC1B-CC_01,0.64,RIPA-10003-05,62,7,HITO 8,6/28/2025,8/23/2025,7/19/2025,8/18/2025,101,,,0,0,0,,,0,NOT,NOT
A10003-25-RIPA-105309-U4BC1B-CC_01,0.73,RIPA-10003-05,62,7,HITO 8,6/28/2025,8/23/2025,7/19/2025,8/18/2025,101,,,0,0,0,,,0,NOT,NOT
A10003-25-RIPA-105311-U4BC1B-CC_01,0.76,RIPA-10003-05,62,7,HITO 8,6/28/2025,8/23/2025,7/19/2025,8/18/2025,101,,,0,0,0,,,0,NOT,NOT
A10003-25-RIPA-105312-U4BC1B-CC_01,0.78,RIPA-10003-05,62,7,HITO 8,6/28/2025,8/23/2025,7/19/2025,8/18/2025,101,,,0,0,0,,,0,NOT,NOT
A10003-25-RIPA-105313-U4BC1B-CC_01,0.76,RIPA-10003-05,62,7,HITO 8,6/28/2025,8/23/2025,7/19/2025,8/18/2025,101,,,0,0,0,,,0,NOT,NOT
A10003-25-RIPA-105314-U4BC1B-CC_01,0.66,RIPA-10003-05,62,7,HITO 8,6/28/2025,8/23/2025,7/19/2025,8/18/2025,101,,,0,0,0,,,0,NOT,NOT
A10003-25-EFL-105626-U4BC1B-PP_01,0.6,EFL-10003-01,23,5,HITO 6,7/22/2025,8/7/2025,8/12/2025,9/11/2025,102,,,0,0,0,,,0,NOT,NOT
A10003-25-EFL-105627-U4BC1B-PP_01,0.55,EFL-10003-01,23,5,HITO 6,7/22/2025,8/7/2025,8/12/2025,9/11/2025,102,,,0,0,0,,,0,NOT,NOT
A10003-25-RIPA-105622-U4BC1B-CC_01,0.4,RIPA-10003-03,61,6,HITO 6,6/28/2025,7/29/2025,7/19/2025,8/18/2025,102,,,1,1,0,,,0,NOT,NOT
A10003-40-RIPA-105601-U4BC1B-CC_01,0.74,RIPA-10003-03,61,6,HITO 6,6/28/2025,7/29/2025,7/19/2025,8/18/2025,102,,,1,0,1,,,0,NOT,NOT
A10003-40-RIPA-105602-U4BC1B-CC_01,0.75,RIPA-10003-03,61,6,HITO 6,6/28/2025,7/29/2025,7/19/2025,8/18/2025,102,,,1,0,1,,,0,NOT,NOT
A10003-40-RIPA-105621-U4BC1B-CC_01,0.84,RIPA-10003-03,61,6,HITO 6,6/28/2025,7/29/2025,7/19/2025,8/18/2025,102,,,4,3,1,,,0,NOT,NOT
A10003-40-RIPA-105621-U4BC1B-CC_02,0.84,RIPA-10003-03,61,6,HITO 6,6/28/2025,7/29/2025,7/19/2025,8/18/2025,102,,,0,0,0,,,0,NOT,NOT
A10003-40-RIPA-105621-U4BC1B-CC_03,1,RIPA-10003-03,61,6,HITO 6,6/28/2025,7/29/2025,7/19/2025,8/18/2025,102,,,1,0,1,,NOT_APPLY,0,NOT,NOT
A10003-40-RIPA-105623-U4BC1B-CC_01,0.75,RIPA-10003-05,62,7,HITO 8,6/28/2025,8/23/2025,7/19/2025,8/18/2025,102,,,3,3,0,,,0,NOT,NOT
A10003-40-RIPA-105631-U4BC1B-CC_01,0.8,RIPA-10003-03,61,6,HITO 6,6/28/2025,7/29/2025,7/19/2025,8/18/2025,102,,,1,0,1,,,0,NOT,NOT
A10003-50-RIPA-105562-U4BC1B-CC_01,0.9,RIPA-10003-05,62,7,HITO 8,6/28/2025,8/23/2025,7/19/2025,8/18/2025,102,,,4,3,1,,,0,NOT,NOT
A10003-20-RIPA-105262-U4BC1B-CC_01,0.79,RIPA-10003-02,60,5,HITO 7,7/9/2025,8/25/2025,7/30/2025,8/29/2025,103,,,1,1,0,,,0,NOT,NOT
A10003-25-EFL-105263-U4BC1B-PP_01,0.63,EFL-10003-01,23,5,HITO 6,7/22/2025,8/7/2025,8/12/2025,9/11/2025,103,,,0,0,0,,,0,NOT,NOT
A10003-40-RIPA-105201-U4BC1B-CC_01,0.8,RIPA-10003-02,60,5,HITO 7,7/9/2025,8/25/2025,7/30/2025,8/29/2025,103,,,1,0,1,,,0,NOT,NOT
A10003-40-RIPA-105202-U4BC1B-CC_01,0.8,RIPA-10003-02,60,5,HITO 7,7/9/2025,8/25/2025,7/30/2025,8/29/2025,103,,,1,0,1,,,0,NOT,NOT
A10003-40-RIPA-105261-U4BC1B-CC_01,0.56,RIPA-10003-02,60,5,HITO 7,7/9/2025,8/25/2025,7/30/2025,8/29/2025,103,,,5,4,1,,,0,NOT,NOT
A10003-40-RIPA-105271-U4BC1B-CC_01,0.8,RIPA-10003-02,60,5,HITO 7,7/9/2025,8/25/2025,7/30/2025,8/29/2025,103,,,1,0,1,,,0,NOT,NOT
A10003-40-RIPA-105661-U4BC1B-CC_01,1,RIPA-10003-03,61,6,HITO 6,6/28/2025,7/29/2025,7/19/2025,8/18/2025,104,,,0,0,0,,NOT_APPLY,0,NOT,NOT
A10003-50-RIPA-105207-U4BC1B-CC_01,1,RIPA-10003-02,60,5,HITO 7,7/9/2025,8/25/2025,7/30/2025,8/29/2025,105,,,1,1,0,,1,1,NOT,NOT
A10003-40-EFL-105506-U4BC1B-PP_01,0.85,EFL-10003-01,23,5,HITO 6,7/22/2025,8/7/2025,8/12/2025,9/11/2025,106,,,0,0,0,,,0,NOT,NOT
A10003-80-VT4-105507-U4BC1B-CC_04,1,EFL-10003-06,64,4,HITO 7,7/22/2025,8/28/2025,8/12/2025,9/11/2025,106,,,1,0,1,,NOT_APPLY,0,NOT,NOT
A10003-40-CYH-105285-U4BC1B-CCTN_01,0,CYH-10003-01,58,5,HITO 7,7/4/2025,8/10/2025,7/25/2025,8/24/2025,108,,,0,0,0,,,0,YES,EHT-105284-TH
A10003-25-EFL-105587-U4BC1B-CC_01,0.4,EFL-10003-02,66,3,HITO 5,7/15/2025,7/27/2025,8/5/2025,9/4/2025,109,,,6,5,1,,,0,YES,EHT-105587-01-TH
A10003-25-EFL-105588-U4BC1B-PP_01,0.4,EFL-10003-01,23,5,HITO 6,7/22/2025,8/7/2025,8/12/2025,9/11/2025,109,,,0,0,0,,,0,NOT,NOT
PR19-25-EFL-105587-U4BC1B-CC_01,1,EFL-10003-02,66,3,HITO 5,7/15/2025,7/27/2025,8/5/2025,9/4/2025,109,,,0,0,0,,NOT_APPLY,0,NOT,NOT
PR18-25-EFL-105587-U4BC1B-CC_01,1,EFL-10003-02,66,3,HITO 5,7/15/2025,7/27/2025,8/5/2025,9/4/2025,109|146,,,0,0,0,,NOT_APPLY,0,NOT,NOT
A10003-25-EFL-15542-U4BC1B-PP_01,0.7,EFL-10003-01,23,5,HITO 6,7/22/2025,8/7/2025,8/12/2025,9/11/2025,110,,,0,0,0,,,0,NOT,NOT
A10004-25-EFL-15542-U4BC1B-PP_01,1,EFL-10003-01,23,5,HITO 6,7/22/2025,8/7/2025,8/12/2025,9/11/2025,110,,,6,6,0,,6,6,NOT,NOT
PR19-25-EFL-15542-U4BC1B-CCTN_01,1,EFL-10003-01,23,5,HITO 6,7/22/2025,8/7/2025,8/12/2025,9/11/2025,110,,,0,0,0,,NOT_APPLY,0,NOT,NOT
A10003-100-RIPA-105406-U4BC1B-CC_01,1,RIPA-10003-01,65,6,HITO 6,6/28/2025,7/29/2025,7/19/2025,8/18/2025,111,,,1,1,0,,1,1,NOT,NOT
A10003-100-RIPA-105504-U4BC1B-CC_01,1,EFL-10003-06,64,4,HITO 7,7/22/2025,8/28/2025,8/12/2025,9/11/2025,111,,,1,1,0,,1,1,NOT,NOT
A10003-100-RIPA-105606-U4BC1B-CC_01,1,RIPA-10003-03,61,6,HITO 6,6/28/2025,7/29/2025,7/19/2025,8/18/2025,111,,,1,1,0,,1,1,NOT,NOT
A10003-50-VT4-105455-U4BC1B-CC_01,1,RIPA-10003-01,65,6,HITO 6,6/28/2025,7/29/2025,7/19/2025,8/18/2025,111,,,0,0,0,,NOT_APPLY,0,NOT,NOT
A10003-80-VT4-108909-U4BC1B-NC_05,1,EFL-10003-04,24,5,HITO 6,7/22/2025,,8/12/2025,9/11/2025,111,,,0,0,0,,NOT_APPLY,0,NOT,NOT
A10003-150-RIPA-105317-U4BC1B-CC_01,1,RIPA-10003-05,62,7,HITO 8,6/28/2025,8/23/2025,7/19/2025,8/18/2025,112,,,1,1,0,,1,1,NOT,NOT
A10003-20-NI-91996-U1BD2A-NC_01,0.4,NI-10003-01,56,6,HITO 4,7/11/2025,,8/1/2025,8/31/2025,113,,,0,0,0,,,0,NOT,NOT
A10003-20-NI-91997-U1BD2A-NC_01,0.4,NI-10003-01,56,6,HITO 4,7/11/2025,,8/1/2025,8/31/2025,113,,,0,0,0,,,0,NOT,NOT
A10003-20-NI-91998-U1BD2A-NC_01,0.7,NI-10003-01,56,6,HITO 4,7/11/2025,,8/1/2025,8/31/2025,113,,,0,0,0,,,0,NOT,NOT
A10003-25-NI-101199-U1BD2A-NC_01,0.57,NI-10003-01,56,6,HITO 4,7/11/2025,,8/1/2025,8/31/2025,113|161,,,0,0,0,,,0,NOT,NOT
A10003-25-NI-105286-U1BD2A-NC_01,0.4,NI-00000-01,12,4,HITO 4,7/14/2025,,8/4/2025,9/3/2025,114|162,,,5,5,0,,,0,NOT,NOT
A10003-25-NI-105299-U1BD2A-NC_01,0.4,NI-10003-03,,,NOT_FOUND,NOT_FOUND,NOT_FOUND,NOT_FOUND,NOT_FOUND,115,,,1,1,0,,,0,NOT,NOT
A10003-20-NI-105605-U1BD2A-NC_01,0.78,NI-10003-02,57,3,HITO 2,6/19/2025,,7/10/2025,8/9/2025,116,,,1,1,0,,,0,NOT,NOT
A10003-25-NI-105405-U1BD2A-NC_01,0.85,NI-10003-02,57,3,HITO 2,6/19/2025,,7/10/2025,8/9/2025,116,,,1,1,0,,,0,NOT,NOT
A10003-150-V6-105354-U1CD2B-CC_02,0.4,V6-00000-01,14,4,HITO 6,6/25/2025,7/26/2025,7/16/2025,8/15/2025,117,,,0,0,0,,,0,NOT,NOT
A10003-150-V6-105354-U1CD2B-CC_01,0.95,V6-00000-01,14,4,HITO 6,6/25/2025,7/26/2025,7/16/2025,8/15/2025,117|159,,,6,5,1,,,0,NOT,NOT
A10004-150-SSAM-108821-U4BC1B-CC_01,0.99,SSAM-10004-01,27,3,HITO 5,6/18/2025,7/22/2025,7/9/2025,8/8/2025,118,,,3,2,1,,,0,YES,EHT-108821-TH
A10004-150-SSAM-108821-U4BC1B-CC_02,0.98,SSAM-10004-01,27,3,HITO 5,6/18/2025,7/22/2025,7/9/2025,8/8/2025,118,,,4,3,1,,,0,YES,EHT-108821-TH
A10004-80-SSAM-108822-U4BC1B-CC_01,0.96,SSAM-10004-01,27,3,HITO 5,6/18/2025,7/22/2025,7/9/2025,8/8/2025,118,,,2,1,1,,,0,NOT,NOT
PR19-150-SSAM-108821-U4BC1B-CC_01,0.96,SSAM-10004-01,27,3,HITO 5,6/18/2025,7/22/2025,7/9/2025,8/8/2025,118,,,0,0,0,,,0,YES,EHT-108821-TH
A10004-100-CYH-15541-U4BC1B-CCTN_01,1,CYH-10004-01,21,2,HITO 4,6/15/2025,7/10/2025,7/6/2025,8/5/2025,119,,,8,6,2,,6,6,YES,EHT-15541-TH
A10004-100-CYH-15551-U4BC1B-CCTN_01,0.98,CYH-10004-01,21,2,HITO 4,6/15/2025,7/10/2025,7/6/2025,8/5/2025,119,,,3,2,1,,,0,YES,EHT-15551-TH
A10004-100-IPA-15553-U4BC1B-NC_01,0.85,CYH-10004-01,21,2,HITO 4,6/15/2025,7/10/2025,7/6/2025,8/5/2025,119,,,3,3,0,,,0,NOT,NOT
A10004-100-IPA-15553-U4BC1B-NC_02,1,CYH-10004-01,21,2,HITO 4,6/15/2025,7/10/2025,7/6/2025,8/5/2025,119,,,0,0,0,,NOT_APPLY,0,NOT,NOT
A10004-25-CYH-15549-U4BC1B-CCTN_01,0.88,NI-10004-01,19,2,HITO 2,6/29/2025,,7/20/2025,8/19/2025,119,,,3,3,0,,,0,YES,EHT-15549-TH
A10004-25-EFL-15554-U4BC1B-NC_01,0.7,EFL-10003-01,23,5,HITO 6,7/22/2025,8/7/2025,8/12/2025,9/11/2025,119,,,0,0,0,,,0,NOT,NOT
PR19-100-IPA-15553-U4BC1B-NC_01,0.97,CYH-10004-01,21,2,HITO 4,6/15/2025,7/10/2025,7/6/2025,8/5/2025,119,,,0,0,0,,,0,NOT,NOT
A10004-100-IPA-15501-U4BC1B-NC_01,1,IPA-10004-01,22,3,HITO 4,7/14/2025,,8/4/2025,9/3/2025,120,,,1,0,1,,NOT_APPLY,0,NOT,NOT
A10004-100-IPA-15502-U4BC1B-NC_01,0.98,IPA-10004-01,22,3,HITO 4,7/14/2025,,8/4/2025,9/3/2025,120,,,4,3,1,,,0,NOT,NOT
A10004-25-EFL-15599-U4BC1B-NC_01,1,IPA-10004-01,22,3,HITO 4,7/14/2025,,8/4/2025,9/3/2025,120,,,0,0,0,,NOT_APPLY,0,NOT,NOT
A10004-40-IPA-15522-U4BC1B-NC_01,0.7,IPA-10004-01,22,3,HITO 4,7/14/2025,,8/4/2025,9/3/2025,120,,,0,0,0,,,0,NOT,NOT
A10004-40-IPA-15522-U4BC1B-NC_02,1,IPA-10004-01,22,3,HITO 4,7/14/2025,,8/4/2025,9/3/2025,120,,,4,4,0,,4,4,NOT,NOT
A10004-80-IPA-15531-U4BC1B-NC_01,1,IPA-10004-01,22,3,HITO 4,7/14/2025,,8/4/2025,9/3/2025,120,,,1,0,1,,NOT_APPLY,0,NOT,NOT
PR19-40-IPA-15522-U4BC1B-NC_01,1,IPA-10004-01,22,3,HITO 4,7/14/2025,,8/4/2025,9/3/2025,120,,,0,0,0,,NOT_APPLY,0,NOT,NOT
A10004-25-EFL-108852-U4BC1B-PP_01,0.7,EFL-10001-02,29,5,HITO 6,7/22/2025,8/7/2025,8/12/2025,9/11/2025,121,,,0,0,0,,,0,NOT,NOT
A10004-50-SSAM-108851-U4BC1B-PP_01,0.97,SSAM-10004-01,27,3,HITO 5,6/18/2025,7/22/2025,7/9/2025,8/8/2025,121,,,4,3,1,,,0,NOT,NOT
A10004-50-SSAM-108851-U4BC1B-PP_02,1,SSAM-10004-01,27,3,HITO 5,6/18/2025,7/22/2025,7/9/2025,8/8/2025,121,,,0,0,0,,NOT_APPLY,0,NOT,NOT
PR19-50-SSAM-108851-U4BC1B-PP_01,1,SSAM-10004-01,27,3,HITO 5,6/18/2025,7/22/2025,7/9/2025,8/8/2025,121,,,0,0,0,,NOT_APPLY,0,NOT,NOT
A10004-50-INC-15508-U4BC1B-NC_01,1,IPA-10004-01,22,3,HITO 4,7/14/2025,,8/4/2025,9/3/2025,122,,,0,0,0,,NOT_APPLY,0,NOT,NOT
A10004-50-INC-15508-U4BC1B-NC_02,1,IPA-10004-01,22,3,HITO 4,7/14/2025,,8/4/2025,9/3/2025,122,,,7,6,1,,6,6,YES,EHT-15548-TH
A10004-50-INC-15548-U4BC1B-CCTN_01,0.91,NI-10004-01,19,2,HITO 2,6/29/2025,,7/20/2025,8/19/2025,122,,,3,3,0,,,0,YES,EHT-15548-TH
PR19-50-INC-15508-U4BC1B-NC_01,0.95,IPA-10004-01,22,3,HITO 4,7/14/2025,,8/4/2025,9/3/2025,122,,,0,0,0,,,0,NOT,NOT
A10004-150-SSAM-108801-U4BC1B-CC_01,0.92,SSAM-10004-01,27,3,HITO 5,6/18/2025,7/22/2025,7/9/2025,8/8/2025,123,,,1,0,1,,,0,NOT,NOT
A10004-25-EFL-108823-U4BC1B-PP_01,1,EFL-10001-02,29,5,HITO 6,7/22/2025,8/7/2025,8/12/2025,9/11/2025,123,,,0,0,0,,NOT_APPLY,0,NOT,NOT
A10004-50-INC-15504-U4BC1B-PP_02,0.86,INC-10001-01,68,6,HITO 6,7/29/2025,8/7/2025,8/19/2025,9/18/2025,123|160,,,0,0,0,,,0,NOT,NOT
A10004-25-SSAM-103622-U4BC1B-PP_01,1,SSAM-10004-01,27,3,HITO 5,6/18/2025,7/22/2025,7/9/2025,8/8/2025,124,,,3,3,0,,3,3,YES,EHT-103622-02-TH
PR19-25-SSAM-103622-U4BC1B-PP_01,0.98,SSAM-10004-01,27,3,HITO 5,6/18/2025,7/22/2025,7/9/2025,8/8/2025,124,,,0,0,0,,,0,YES,EHT-103622-03-TH
A10004-80-EFL-15581-U4BC1B-NC_01,1,EFL-10004-01,100,3,HITO 4,7/13/2025,,8/3/2025,9/2/2025,125,,,0,0,0,,NOT_APPLY,0,NOT,NOT
A10004-80-EFL-15583-U4BC1B-NC_01,1,EFL-10004-01,100,3,HITO 4,7/13/2025,,8/3/2025,9/2/2025,125,,,0,0,0,,NOT_APPLY,0,NOT,NOT
A10004-80-EFL-15585-U4BC1B-NC_01,0.9,EFL-10004-01,100,3,HITO 4,7/13/2025,,8/3/2025,9/2/2025,125,,,0,0,0,,,0,NOT,NOT
A10004-25-SSAM-108853-U4BC1B-NC_01,1,SSAM-10004-02,28,3,HITO 1,6/14/2025,,7/5/2025,8/4/2025,126,,,0,0,0,,NOT_APPLY,0,NOT,NOT
A10004-25-SSAM-108854-U4BC1B-NC_01,1,SSAM-10004-02,28,3,HITO 1,6/14/2025,,7/5/2025,8/4/2025,126,,,0,0,0,,NOT_APPLY,0,NOT,NOT
A10004-25-NI-15506-U1BD2A-NC_01,0.85,NI-00000-01,12,4,HITO 4,7/14/2025,,8/4/2025,9/3/2025,127|162,,,2,2,0,,,0,NOT,NOT
A10004-25-NI-108803-U1BD2A-NC_01,0.7,NI-00000-01,12,4,HITO 4,7/14/2025,,8/4/2025,9/3/2025,128|162,,,4,4,0,,,0,NOT,NOT
A10004-50-NI-15545-U1BD2A-NC_01,0.5,NI-10004-01,19,2,HITO 2,6/29/2025,,7/20/2025,8/19/2025,129,,,1,1,0,,,0,NOT,NOT
A10004-50-NI-15544-U1BD2A-NC_01,0.88,NI-00000-01,12,4,HITO 4,7/14/2025,,8/4/2025,9/3/2025,129|162,,,3,2,1,,,0,NOT,NOT
A10004-100-VT4-108804-U4BC1B-CC_01,1,SSAM-10004-01,27,3,HITO 5,6/18/2025,7/22/2025,7/9/2025,8/8/2025,130,,,0,0,0,,NOT_APPLY,0,NOT,NOT
A10004-100-VT4-108804-U4BC1B-CC_03,1,SSAM-10004-01,27,3,HITO 5,6/18/2025,7/22/2025,7/9/2025,8/8/2025,130,,,1,0,1,,NOT_APPLY,0,NOT,NOT
A10004-100-VT4-108804-U4BC1B-CC_04,1,SSAM-10004-01,27,3,HITO 5,6/18/2025,7/22/2025,7/9/2025,8/8/2025,130,,,1,0,1,,NOT_APPLY,0,NOT,NOT
A10004-100-VT4-15509-U4BC1B-NC_01,1,IPA-10004-01,22,3,HITO 4,7/14/2025,,8/4/2025,9/3/2025,130,,,0,0,0,,NOT_APPLY,0,NOT,NOT
A10004-100-VT4-15509-U4BC1B-NC_04,1,IPA-10004-01,22,3,HITO 4,7/14/2025,,8/4/2025,9/3/2025,130,,,1,0,1,,NOT_APPLY,0,NOT,NOT
A2001-100-VT4-83537-U4BC1B-NC_02,1,EFL-A2001-01,Apr-25,1,HITO 2,6/11/2025,,7/2/2025,8/1/2025,130,,,1,0,1,,NOT_APPLY,0,NOT,NOT
A2001-50-EFL-83597-U4BC1B-PP_01,1,EFL-A8004-01,Apr-25,3,HITO 4,7/14/2025,,8/4/2025,9/3/2025,131,,,0,0,0,,NOT_APPLY,0,YES,EHT-83597-02-TH
A8001-25-EFL-83539-U4BC1B-NC_01,1,EFL-A8004-01,Apr-25,3,HITO 4,7/14/2025,,8/4/2025,9/3/2025,131,,,4,3,1,,3,3,YES,EHT-83539-TH
A8004-25-EFL-83597-U4BC1B-PP_01,1,EFL-A8004-01,Apr-25,3,HITO 4,7/14/2025,,8/4/2025,9/3/2025,131,,,4,3,1,,3,3,YES,EHT-83597-01-TH
PR02-25-EFL-83597-U4BC1B-PP_01,1,EFL-A8004-01,Apr-25,3,HITO 4,7/14/2025,,8/4/2025,9/3/2025,131,,,0,0,0,,NOT_APPLY,0,NOT,NOT
A1200-50-ASUN-12721-U4BD8D-CCTN_01,1,ASUN-A1200-01,96,1,HITO 5,6/11/2025,7/16/2025,7/2/2025,8/1/2025,132,,,0,0,0,,NOT_APPLY,0,YES,EHT-12721-03-TH
PR11-50-ASUN-12721-U4BD8D-CCTN_01,1,ASUN-A1200-01,96,1,HITO 5,6/11/2025,7/16/2025,7/2/2025,8/1/2025,132,,,0,0,0,,NOT_APPLY,0,YES,EHT-12721-01-TH
PR12-50-ASUN-12721-U4BD8D-CCTN_01,1,ASUN-A1200-01,96,1,HITO 5,6/11/2025,7/16/2025,7/2/2025,8/1/2025,132,,,0,0,0,,NOT_APPLY,0,YES,EHT-12721-01-TH
A6001-25-EFL-81606-U4BC1B-PP_01,1,EFL-A6001-02,Apr-25,1,HITO 2,6/9/2025,6/25/2025,6/30/2025,7/30/2025,133,,,0,0,0,,NOT_APPLY,0,YES,EHT-81606-01-TH
A8003-25-EFL-81606-U4BC1B-PP_01,1,EFL-A6001-02,Apr-25,1,HITO 2,6/9/2025,6/25/2025,6/30/2025,7/30/2025,133,,,0,0,0,,NOT_APPLY,0,YES,EHT-81606-02-TH
A8003-50-EFL-83541-U4BC1B-CCTN_01,1,EFL-A2001-01,Apr-25,1,HITO 2,6/11/2025,,7/2/2025,8/1/2025,133,,,0,0,0,,NOT_APPLY,0,YES,EHT-83541-02-TH
PR01-50-EFL-83541-U4BC1B-CCTN_01,1,EFL-A2001-01,Apr-25,1,HITO 2,6/11/2025,,7/2/2025,8/1/2025,133,,,0,0,0,,NOT_APPLY,0,YES,EHT-83541-02-TH
PR10-25-EFL-81606-U4BC1B-PP_01,1,EFL-A6001-02,Apr-25,1,HITO 2,6/9/2025,6/25/2025,6/30/2025,7/30/2025,133,,,0,0,0,,NOT_APPLY,0,YES,EHT-81606-01-TH
PR11-25-EFL-81606-U4BC1B-PP_01,1,EFL-A6001-02,Apr-25,1,HITO 2,6/9/2025,6/25/2025,6/30/2025,7/30/2025,133,,,0,0,0,,NOT_APPLY,0,YES,EHT-81606-01-TH
PR18-25-EFL-81606-U4BC1B-PP_01,1,EFL-A6001-02,Apr-25,1,HITO 2,6/9/2025,6/25/2025,6/30/2025,7/30/2025,133,,,0,0,0,,NOT_APPLY,0,YES,EHT-81606-01-TH
PR20-50-EFL-83541-U4BC1B-CCTN_01,0.85,EFL-A2001-01,Apr-25,1,HITO 2,6/11/2025,,7/2/2025,8/1/2025,133|134,,,0,0,0,,,0,YES,EHT-83541-01-TH
A2001-50-EFL-83541-U4BC1B-NC_01,1,INC-10001-04,79,5,HITO 6,7/13/2025,,8/3/2025,9/2/2025,134,,,1,0,1,,NOT_APPLY,0,NOT,NOT
A2001-200-EFL-81002-U4BC1B-NC_01,1,EFL-A2001-02,0,3,HITO 2,6/11/2025,,7/2/2025,8/1/2025,135,,,0,0,0,,NOT_APPLY,0,NOT,NOT
A2001-20-EFL-81004-U4BC1B-NC_01,1,EFL-A2001-02,0,3,HITO 2,6/11/2025,,7/2/2025,8/1/2025,135,,,0,0,0,,NOT_APPLY,0,NOT,NOT
A2001-50-EFL-81003-U4BC1B-NC_01,1,EFL-A2001-02,0,3,HITO 2,6/11/2025,,7/2/2025,8/1/2025,135,,,0,0,0,,NOT_APPLY,0,NOT,NOT
A2001-40-EFL-83531-U4BC1B-NC_01,1,EFL-A2001-01,Apr-25,1,HITO 2,6/11/2025,,7/2/2025,8/1/2025,136,,,1,0,1,,NOT_APPLY,0,NOT,NOT
A2001-50-VE1-83532-U4BC1B-NC_01,1,EFL-A2001-01,Apr-25,1,HITO 2,6/11/2025,,7/2/2025,8/1/2025,137,,,0,0,0,,NOT_APPLY,0,NOT,NOT
A2001-50-VE1-83533-U4BC1B-NC_01,1,EFL-A2001-01,Apr-25,1,HITO 2,6/11/2025,,7/2/2025,8/1/2025,137,,,1,1,0,,1,1,NOT,NOT
A6001-25-NI-66527-U1BD2A-NC_01,1,NI-A6001-01,4,2,HITO 1,6/8/2025,,6/29/2025,7/29/2025,138,,,4,4,0,,4,4,NOT,NOT
A6001-25-RHO-66528-U4CC1E-CC_01,1,AT97-A6001-01,1,1,HITO 5,6/9/2025,7/22/2025,6/30/2025,7/30/2025,139,,,0,0,0,,NOT_APPLY,0,NOT,NOT
A6001-50-RHO-66523-U4CC1E-CCTN_01,0.95,AT97-A6001-01,1,1,HITO 5,6/9/2025,7/22/2025,6/30/2025,7/30/2025,139,,,1,1,0,,,0,YES,EHT-66597-02-TH
A6001-80-RHO-66531-U4CC1E-CCTN_01,0.9,AT97-A6001-01,1,1,HITO 5,6/9/2025,7/22/2025,6/30/2025,7/30/2025,139,,,1,0,1,,,0,YES,EHT-66597-02-TH
A6001-80-RHO-66597-U4CC1E-CCTN_01,0.96,AT97-A6001-01,1,1,HITO 5,6/9/2025,7/22/2025,6/30/2025,7/30/2025,139,,,2,1,1,,,0,YES,EHT-66597-02-TH
A6001-100-RHO-66501-U4CC1E-CCTN_01,1,AT97-A6001-01,1,1,HITO 5,6/9/2025,7/22/2025,6/30/2025,7/30/2025,140,,,1,0,1,,NOT_APPLY,0,YES,EHT-66501-TH
A6001-100-RHO-66504-U4CC1E-CCTN_01,1,AT97-A6001-01,1,1,HITO 5,6/9/2025,7/22/2025,6/30/2025,7/30/2025,140,,,1,0,1,,NOT_APPLY,0,YES,EHT-66501-TH
A6001-25-EFL-66525-U4BC1B-PP_01,0.7,EFL-A6001-01,Apr-25,1,HITO 4,6/18/2025,7/15/2025,7/9/2025,8/8/2025,140,,,0,0,0,,,0,NOT,NOT
A6001-100-EFL-66507-U4BC1B-PP_01,1,EFL-A6001-01,Apr-25,1,HITO 4,6/18/2025,7/15/2025,7/9/2025,8/8/2025,141,,,0,0,0,,NOT_APPLY,0,NOT,NOT
A6001-100-RHO-66505-U4CC1E-CCTN_01,0.93,AT97-A6001-01,1,1,HITO 5,6/9/2025,7/22/2025,6/30/2025,7/30/2025,141,,,0,0,0,,,0,YES,EHT-66505-TH
A6001-25-EFL-66524-U4BC1B-PP_01,0.7,EFL-A6001-01,Apr-25,1,HITO 4,6/18/2025,7/15/2025,7/9/2025,8/8/2025,141,,,0,0,0,,,0,NOT,NOT
A6001-50-VE1-66506-U4BC1B-PP_01,1,AT97-A6001-01,1,1,HITO 5,6/9/2025,7/22/2025,6/30/2025,7/30/2025,142,,,1,1,0,,1,1,NOT,NOT
A6001-100-RHO-65205-U4CC1E-CC_01,1,AT97-A6001-01,1,1,HITO 5,6/9/2025,7/22/2025,6/30/2025,7/30/2025,143,,,0,0,0,,NOT_APPLY,0,NOT,NOT
A6001-100-RHO-66509-U4CC1E-CC_01,1,AT97-A6001-01,1,1,HITO 5,6/9/2025,7/22/2025,6/30/2025,7/30/2025,144,,,0,0,0,,NOT_APPLY,0,NOT,NOT
A8001-20-EFL-83538-U4BC1B-CCTN_01,1,EFL-A8001-01,Apr-25,2,HITO 5,6/18/2025,7/18/2025,7/9/2025,8/8/2025,145,,,7,7,0,,7,7,YES,EHT-83538-TH
A8003-25-EFL-105587-U4BC1B-CC_01,1,EFL-10003-02,66,3,HITO 5,7/15/2025,7/27/2025,8/5/2025,9/4/2025,146,,,0,0,0,,NOT_APPLY,0,YES,EHT-105587-02-TH
A8003-25-EFL-108627-U4BC1B-CC_01,1,EFL-10003-02,66,3,HITO 5,7/15/2025,7/27/2025,8/5/2025,9/4/2025,146,,,0,0,0,,NOT_APPLY,0,YES,EHT-108627-TH
A8003-25-EFL-81803-U4BC1B-CC_01,1,EFL-10003-02,66,3,HITO 5,7/15/2025,7/27/2025,8/5/2025,9/4/2025,146,,,0,0,0,,NOT_APPLY,0,YES,EHT-81803-TH
PR10-25-EFL-105587-U4BC1B-CC_01,1,EFL-10003-02,66,3,HITO 5,7/15/2025,7/27/2025,8/5/2025,9/4/2025,146,,,0,0,0,,NOT_APPLY,0,NOT,NOT
PR11-25-EFL-105587-U4BC1B-CC_01,1,EFL-10003-02,66,3,HITO 5,7/15/2025,7/27/2025,8/5/2025,9/4/2025,146,,,0,0,0,,NOT_APPLY,0,NOT,NOT
A8004-50-EFL-83593-U4BC1B-CCTN_01,1,EFL-A8004-02,Apr-25,2,HITO 5,6/18/2025,7/18/2025,7/9/2025,8/8/2025,147,,,0,0,0,,NOT_APPLY,0,YES,EHT-83593-TH
A8004-50-VE1-83598-U4BC1B-CCTN_01,1,EFL-A8004-02,Apr-25,2,HITO 5,6/18/2025,7/18/2025,7/9/2025,8/8/2025,147,,,6,6,0,,6,6,YES,EHT-83593-TH
A6001-80-VT1-66508-U4CC1E-CCTN_01,1,AT97-A6001-01,1,1,HITO 5,6/9/2025,7/22/2025,6/30/2025,7/30/2025,148,,,1,0,1,,NOT_APPLY,0,NOT,NOT
A6001-80-VT1-66508-U4CC1E-CCTN_02,1,AT97-A6001-01,1,1,HITO 5,6/9/2025,7/22/2025,6/30/2025,7/30/2025,148,,,1,0,1,,NOT_APPLY,0,YES,EHT-66508-02-TH
A10005-150-HMBH-108501-U4BC1B-CCTN_01,0.93,HMBH-10005-01,46,3,HITO 7,7/1/2025,8/18/2025,7/22/2025,8/21/2025,149,,,1,0,1,,,0,YES,EHT-108501-TH
A10005-150-HMBH-108521-U4BC1B-CCTN_01,0.99,HMBH-10005-01,46,3,HITO 7,7/1/2025,8/18/2025,7/22/2025,8/21/2025,150,,,8,6,2,,,0,YES,EHT-108521-TH
A10005-80-HMBH-108522-U4BC1B-CCTN_01,1,HMBH-10005-01,46,3,HITO 7,7/1/2025,8/18/2025,7/22/2025,8/21/2025,150,,,2,1,1,,1,1,YES,EHT-108522-TH
A10005-80-HMBH-108561-U4BC1B-CCTN_01,0.9,HMBH-10005-01,46,3,HITO 7,7/1/2025,8/18/2025,7/22/2025,8/21/2025,151,,,1,1,0,,,0,YES,EHT-108561-TH
A10005-40-HMBH-104262-U4BC1B-CC_01,0.98,HMBI-10001-03,93,4,HITO 7,7/11/2025,8/10/2025,8/1/2025,8/31/2025,152,,,0,0,0,,,0,NOT,NOT
PR19-40-HMBH-104262-U4BC1B-CC_01,0.6,HMBI-10001-03,93,4,HITO 7,7/11/2025,8/10/2025,8/1/2025,8/31/2025,152,,,0,0,0,,,0,NOT,NOT
A10005-50-HMBH-108552-U4BC1B-PP_01,1,HMBH-10005-01,46,3,HITO 7,7/1/2025,8/18/2025,7/22/2025,8/21/2025,153,,,3,3,0,,3,3,NOT,NOT
A10005-50-HMBH-108552-U4BC1B-PP_02,1,HMBH-10005-01,46,3,HITO 7,7/1/2025,8/18/2025,7/22/2025,8/21/2025,153,,,0,0,0,,NOT_APPLY,0,NOT,NOT
A10005-50-HMBI-108551-U4BC1B-PP_01,1,HMBI-10005-02,45,4,HITO 5,7/7/2025,7/24/2025,7/28/2025,8/27/2025,1075|153,,,4,3,1,,3,3,NOT,NOT
PR19-50-HMBH-108552-U4BC1B-PP_01,1,HMBH-10005-01,46,3,HITO 7,7/1/2025,8/18/2025,7/22/2025,8/21/2025,153,,,0,0,0,,NOT_APPLY,0,NOT,NOT
A10005-100-VT4-106104-U4BC1B-CC_03,1,HMBI-10005-01,43,4,HITO 7,7/11/2025,8/10/2025,8/1/2025,8/31/2025,154,,,1,0,1,,NOT_APPLY,0,NOT,NOT
A10005-100-VT4-106104-U4BC1B-CC_04,1,HMBI-10005-01,43,4,HITO 7,7/11/2025,8/10/2025,8/1/2025,8/31/2025,154,,,1,0,1,,NOT_APPLY,0,NOT,NOT
A10005-100-VT4-108503-U4BC1B-CC_03,1,HMBH-10005-01,46,3,HITO 7,7/1/2025,8/18/2025,7/22/2025,8/21/2025,154,,,1,0,1,,NOT_APPLY,0,NOT,NOT
A10005-100-VT4-108503-U4BC1B-CC_04,1,HMBH-10005-01,46,3,HITO 7,7/1/2025,8/18/2025,7/22/2025,8/21/2025,154,,,1,0,1,,NOT_APPLY,0,NOT,NOT
A10005-100-VT4-16501-U4BC1B-CC_01,1,HMBI-10005-03,39,2,HITO 5,6/18/2025,7/24/2025,7/9/2025,8/8/2025,154,,,0,0,0,,NOT_APPLY,0,NOT,NOT
A10005-100-VT4-16501-U4BC1B-CC_03,1,HMBI-10005-03,39,2,HITO 5,6/18/2025,7/24/2025,7/9/2025,8/8/2025,154,,,1,0,1,,NOT_APPLY,0,NOT,NOT
A10005-100-VT4-16501-U4BC1B-CC_04,1,HMBI-10005-03,39,2,HITO 5,6/18/2025,7/24/2025,7/9/2025,8/8/2025,154,,,1,0,1,,NOT_APPLY,0,NOT,NOT
A10001-25-EFL-108823-U4BC1B-PP_01,0.48,EFL-10001-02,29,5,HITO 6,7/22/2025,8/7/2025,8/12/2025,9/11/2025,155,,,0,0,0,,,0,NOT,NOT
A10005-25-EFL-106125-U4BC1B-PP_01,0.7,EFL-10001-01,38,5,HITO 7,7/22/2025,8/28/2025,8/12/2025,9/11/2025,155,,,0,0,0,,,0,NOT,NOT
A10005-25-EFL-106129-U4BC1B-PP_01,0.5,EFL-10001-02,29,5,HITO 6,7/22/2025,8/7/2025,8/12/2025,9/11/2025,155,,,0,0,0,,,0,NOT,NOT
A10005-25-EFL-108523-U4BC1B-PP_01,0.7,EFL-10001-01,38,5,HITO 7,7/22/2025,8/28/2025,8/12/2025,9/11/2025,155,,,0,0,0,,,0,NOT,NOT
A10005-25-EFL-108525-U4BC1B-PP_01,0.5,EFL-10001-02,29,5,HITO 6,7/22/2025,8/7/2025,8/12/2025,9/11/2025,155,,,0,0,0,,,0,NOT,NOT
A10005-25-EFL-108823-U4BC1B-PP_01,0.97,EFL-10001-02,29,5,HITO 6,7/22/2025,8/7/2025,8/12/2025,9/11/2025,155,,,0,0,0,,,0,NOT,NOT
A10005-25-EFL-16525-U4BC1B-PP_01,0.7,EFL-10001-01,38,5,HITO 7,7/22/2025,8/28/2025,8/12/2025,9/11/2025,155|156,,,0,0,0,,,0,NOT,NOT
A10005-25-EFL-16526-U4BC1B-PP_01,0.5,EFL-10001-02,29,5,HITO 6,7/22/2025,8/7/2025,8/12/2025,9/11/2025,155,,,0,0,0,,,0,NOT,NOT
A10005-25-EFL-16545-U4BC1B-PP_01,1,EFL-10001-01,38,5,HITO 7,7/22/2025,8/28/2025,8/12/2025,9/11/2025,155|156,,,0,0,0,,NOT_APPLY,0,NOT,NOT
A10005-25-EFL-16546-U4BC1B-PP_01,0.5,EFL-10001-02,29,5,HITO 6,7/22/2025,8/7/2025,8/12/2025,9/11/2025,155,,,0,0,0,,,0,NOT,NOT
PR19-25-EFL-108823-U4BC1B-PP_01,0.98,EFL-10001-02,29,5,HITO 6,7/22/2025,8/7/2025,8/12/2025,9/11/2025,155,,,0,0,0,,,0,NOT,NOT
A10005-25-EFL-106128-U4BC1B-PP_01,0.5,EFL-10001-01,38,5,HITO 7,7/22/2025,8/28/2025,8/12/2025,9/11/2025,156,,,0,0,0,,,0,NOT,NOT
A10005-25-EFL-106199-U4BC1B-PP_01,0.7,EFL-10001-02,29,5,HITO 6,7/22/2025,8/7/2025,8/12/2025,9/11/2025,156,,,0,0,0,,,0,NOT,NOT
A10005-25-EFL-108524-U4BC1B-PP_01,0.5,EFL-10001-01,38,5,HITO 7,7/22/2025,8/28/2025,8/12/2025,9/11/2025,156,,,0,0,0,,,0,NOT,NOT
A10005-25-EFL-108553-U4BC1B-PP_01,0.93,EFL-10001-01,38,5,HITO 7,7/22/2025,8/28/2025,8/12/2025,9/11/2025,156,,,0,0,0,,,0,NOT,NOT
A10005-25-EFL-108553-U4BC1B-PP_02,0.68,EFL-10001-01,38,5,HITO 7,7/22/2025,8/28/2025,8/12/2025,9/11/2025,156,,,0,0,0,,,0,NOT,NOT
A10005-25-EFL-108599-U4BC1B-PP_01,0.7,EFL-10001-01,38,5,HITO 7,7/22/2025,8/28/2025,8/12/2025,9/11/2025,156,,,0,0,0,,,0,NOT,NOT
A10005-25-EFL-16524-U4BC1B-PP_01,0.7,EFL-10001-02,29,5,HITO 6,7/22/2025,8/7/2025,8/12/2025,9/11/2025,156,,,0,0,0,,,0,NOT,NOT
A10005-25-EFL-16547-U4BC1B-PP_01,0.5,EFL-10001-02,29,5,HITO 6,7/22/2025,8/7/2025,8/12/2025,9/11/2025,156,,,0,0,0,,,0,NOT,NOT
A10005-25-EFL-16562-U4BC1B-PP_01,0.7,EFL-10001-01,38,5,HITO 7,7/22/2025,8/28/2025,8/12/2025,9/11/2025,156,,,0,0,0,,,0,NOT,NOT
PR19-25-EFL-108553-U4BC1B-PP_01,0.55,EFL-10001-01,38,5,HITO 7,7/22/2025,8/28/2025,8/12/2025,9/11/2025,156,,,0,0,0,,,0,NOT,NOT
A10005-80-VE1-108055-U4BC1B-NC_02,0.74,VE1-10001-01,70,6,HITO 6,8/4/2025,,8/25/2025,9/24/2025,156|157,,,0,0,0,,,0,NOT,NOT
A10001-80-VE1-108055-U4BC1B-NC_01,0.85,VE1-10001-01,70,6,HITO 6,8/4/2025,,8/25/2025,9/24/2025,157,0,,0,0,0,,,0,NOT,NOT
A10005-80-VE1-108055-U4BC1B-NC_01,0.89,VE1-10001-01,70,6,HITO 6,8/4/2025,,8/25/2025,9/24/2025,157,,,1,0,1,,,0,NOT,NOT
PR19-80-VE1-108055-U4BC1B-NC_01,0.9,VE1-10001-01,70,6,HITO 6,8/4/2025,,8/25/2025,9/24/2025,157,,,0,0,0,,,0,NOT,NOT
A10005-100-EFL-108862-U4BC1B-PP_01,0.9,EFL-10005-01,26,5,HITO 6,7/22/2025,8/7/2025,8/12/2025,9/11/2025,158,,,0,0,0,,,0,NOT,NOT
A10001-100-V6-101299-U1CD2B-CC_01,0.79,V6-10001-01,73,6,HITO 7,7/18/2025,8/22/2025,8/8/2025,9/7/2025,1017|159,,,5,4,1,,,0,NOT,NOT
A10001-20-V6-92199-U1CD2B-CC_01,0.4,V6-00000-01,14,4,HITO 6,6/25/2025,7/26/2025,7/16/2025,8/15/2025,159,,,0,0,0,,,0,NOT,NOT
A10001-80-V6-104105-U1CD2B-CC_01,0.45,V6-00000-01,14,4,HITO 6,6/25/2025,7/26/2025,7/16/2025,8/15/2025,1020|159,,,3,2,1,,,0,NOT,NOT
A10003-100-V6-105557-U1CD2B-CC_01,0.85,V6-00000-01,14,4,HITO 6,6/25/2025,7/26/2025,7/16/2025,8/15/2025,1042|159,,,6,5,1,,,0,NOT,NOT
A10003-20-V6-92199-U1CD2B-CC_01,0.85,V6-00000-01,14,4,HITO 6,6/25/2025,7/26/2025,7/16/2025,8/15/2025,159,,,0,0,0,,,0,NOT,NOT
PR11-250-V6-92199-U1CD2B-CC_01,1,V6-00000-01,14,4,HITO 6,6/25/2025,7/26/2025,7/16/2025,8/15/2025,159,,,0,0,0,,NOT_APPLY,0,NOT,NOT
PR18-250-V6-92199-U1CD2B-CC_01,0.97,V6-00000-01,14,4,HITO 6,6/25/2025,7/26/2025,7/16/2025,8/15/2025,159,,,3,1,2,,,0,NOT,NOT
PR19-250-V6-92199-U1CD2B-CC_01,0.98,V6-00000-01,14,4,HITO 6,6/25/2025,7/26/2025,7/16/2025,8/15/2025,159,,,0,0,0,,,0,NOT,NOT
A10004-50-INC-108802-U4BC1B-PP_01,0.83,HOLD,,,NOT_FOUND,NOT_FOUND,NOT_FOUND,NOT_FOUND,NOT_FOUND,160,,,1,1,0,,,0,NOT,NOT
A10004-50-INC-15503-U4BC1B-NC_01,1,IPA-10004-01,22,3,HITO 4,7/14/2025,,8/4/2025,9/3/2025,160,,,3,3,0,,3,3,NOT,NOT
A10004-50-INC-15504-U4BC1B-PP_01,0.8,INC-10001-01,68,6,HITO 6,7/29/2025,8/7/2025,8/19/2025,9/18/2025,160,,,0,0,0,,,0,NOT,NOT
A10004-50-INC-15505-U4BC1B-NC_01,1,IPA-10004-01,22,3,HITO 4,7/14/2025,,8/4/2025,9/3/2025,160,,,1,1,0,,1,1,NOT,NOT
A10004-50-INC-15507-U4BC1B-NC_01,1,IPA-10004-01,22,3,HITO 4,7/14/2025,,8/4/2025,9/3/2025,160,,,0,0,0,,NOT_APPLY,0,NOT,NOT
PR19-100-INC-15504-U4BC1B-PP_01,0.83,INC-10001-01,68,6,HITO 6,7/29/2025,8/7/2025,8/19/2025,9/18/2025,160,,,1,0,1,,,0,NOT,NOT
A10003-15-NI-108964-U1BD2A-NC_01,0.4,EFL-10003-04,24,5,HITO 6,7/22/2025,,8/12/2025,9/11/2025,161,,,1,1,0,,,0,NOT,NOT
A10004-20-NI-101197-U1BD2A-NC_01,0.9,NI-00000-02,13,5,HITO 4,7/11/2025,,8/1/2025,8/31/2025,161,,,0,0,0,,,0,NOT,NOT
A10005-20-NI-101109-U1BD2A-NC_01,0.61,NI-00000-02,13,5,HITO 4,7/11/2025,,8/1/2025,8/31/2025,161,,,0,0,0,,,0,NOT,NOT
A10005-20-NI-101198-U1BD2A-NC_01,0.72,NI-00000-02,13,5,HITO 4,7/11/2025,,8/1/2025,8/31/2025,161,,,0,0,0,,,0,NOT,NOT
PR11-50-NI-91902-U1BD2A-NC_01,1,NI-PR12-01,11,2,HITO 2,6/19/2025,,7/10/2025,8/9/2025,161,,,0,0,0,,NOT_APPLY,0,NOT,NOT
PR12-50-NI-91902-U1BD2A-NC_01,0.98,NI-PR12-01,11,2,HITO 2,6/19/2025,,7/10/2025,8/9/2025,161,,,0,0,0,,,0,NOT,NOT
PR18-50-NI-91902-U1BD2A-NC_01,0.96,NI-PR12-01,11,2,HITO 2,6/19/2025,,7/10/2025,8/9/2025,161,,,2,1,1,,,0,NOT,NOT
PR19-50-NI-91902-U1BD2A-NC_01,0.92,NI-PR12-01,11,2,HITO 2,6/19/2025,,7/10/2025,8/9/2025,161,,,2,1,1,,,0,NOT,NOT
A10001-50-NI-101192-U1BD2A-NC_01,1,NI-00000-01,12,4,HITO 4,7/14/2025,,8/4/2025,9/3/2025,162,,,1,1,0,,1,1,NOT,NOT
A10003-25-NI-108908-U1BD2A-NC_01,0.55,NI-00000-01,12,4,HITO 4,7/14/2025,,8/4/2025,9/3/2025,162,,,1,1,0,,,0,NOT,NOT
A10005-50-NI-108554-U1BD2A-NC_01,0.91,NI-00000-01,12,4,HITO 4,7/14/2025,,8/4/2025,9/3/2025,162,,,2,1,1,,,0,NOT,NOT
A10005-50-NI-108557-U1BD2A-NC_01,1,NI-10005-01,44,3,HITO 2,6/29/2025,,7/20/2025,8/19/2025,162,,,1,1,0,,1,1,NOT,NOT
PR19-50-NI-101194-U1BD2A-NC_01,0.89,NI-00000-01,12,4,HITO 4,7/14/2025,,8/4/2025,9/3/2025,162,,,2,0,2,,,0,NOT,NOT
A10001-25-HMBI-103722-U4BC1B-CC_01,0.64,HMBI-10001-02,90,4,HITO 7,7/11/2025,8/10/2025,8/1/2025,8/31/2025,1001,,,1,1,0,,,0,NOT,NOT
A10001-40-HMBI-103721-U4BC1B-CC_01,0.55,HMBI-10001-02,90,4,HITO 7,7/11/2025,8/10/2025,8/1/2025,8/31/2025,1001,,,6,5,1,,,0,NOT,NOT
A10001-40-HMBI-103721-U4BC1B-CC_02,0.5,HMBI-10001-02,90,4,HITO 7,7/11/2025,8/10/2025,8/1/2025,8/31/2025,1001,,,0,0,0,,,0,NOT,NOT
A10001-40-HMBI-103721-U4BC1B-CC_03,0.58,HMBI-10001-02,90,4,HITO 7,7/11/2025,8/10/2025,8/1/2025,8/31/2025,1001,,,1,0,1,,,0,NOT,NOT
A10001-40-HMBI-103731-U4BC1B-CC_01,0.71,HMBI-10001-02,90,4,HITO 7,7/11/2025,8/10/2025,8/1/2025,8/31/2025,1001,,,1,0,1,,,0,NOT,NOT
A10001-40-HMBI-106122-U4BC1B-CCTN_01,0.63,HMBI-10001-02,90,4,HITO 7,7/11/2025,8/10/2025,8/1/2025,8/31/2025,1001,,,0,0,0,,,0,YES,EHT-106122-TH
A10001-50-HMBI-103701-U4BC1B-CC_01,0.85,HMBI-10001-02,90,4,HITO 7,7/11/2025,8/10/2025,8/1/2025,8/31/2025,1001,,,1,0,1,,,0,NOT,NOT
A10001-50-HMBI-103702-U4BC1B-CC_01,0.7,HMBI-10001-02,90,4,HITO 7,7/11/2025,8/10/2025,8/1/2025,8/31/2025,1001,,,1,0,1,,,0,NOT,NOT
A10001-100-HMBI-104621-U4BC1B-CC_01,0.98,HMBI-10001-01,47,6,HITO 6,7/19/2025,,8/9/2025,9/8/2025,1002|1072,,,6,4,2,,,0,YES,EHT-104621-TH
A10001-100-HMBI-104621-U4BC1B-CC_02,1,HMBI-10001-01,47,6,HITO 6,7/19/2025,,8/9/2025,9/8/2025,1002,,,0,0,0,,NOT_APPLY,0,YES,EHT-104621-TH
A10001-100-HMBI-104621-U4BC1B-CC_03,1,HMBI-10001-01,47,6,HITO 6,7/19/2025,,8/9/2025,9/8/2025,1002,,,0,0,0,,NOT_APPLY,0,YES,EHT-104621-TH
A10001-100-HMBI-104623-U4BC1B-CCTN_01,0.7,HMBI-10005-01,43,4,HITO 7,7/11/2025,8/10/2025,8/1/2025,8/31/2025,1002|1073,,,3,3,0,,,0,YES,EHT-104623-TH
A10001-100-HMBI-104631-U4BC1B-CC_01,1,HMBI-10001-01,47,6,HITO 6,7/19/2025,,8/9/2025,9/8/2025,1002,,,1,0,1,,NOT_APPLY,0,NOT,NOT
A10001-150-HMBI-104501-U4BC1B-CC_01,1,HMBI-10001-01,47,6,HITO 6,7/19/2025,,8/9/2025,9/8/2025,1002,,,4,3,1,,3,3,NOT,NOT
A10001-150-HMBI-104502-U4BC1B-CC_01,1,HMBI-10001-01,47,6,HITO 6,7/19/2025,,8/9/2025,9/8/2025,1002,,,1,0,1,,NOT_APPLY,0,NOT,NOT
A10001-150-HMBI-104601-U4BC1B-CC_01,1,HMBI-10001-01,47,6,HITO 6,7/19/2025,,8/9/2025,9/8/2025,1002,,,3,3,0,,3,3,NOT,NOT
A10001-80-HMBI-104622-U4BC1B-CC_01,0.85,HMBI-10001-01,47,6,HITO 6,7/19/2025,,8/9/2025,9/8/2025,1002,,,1,1,0,,,0,NOT,NOT
A10001-50-HMBI-103908-U4BC1B-CC_01,0.52,HMBI-10001-02,90,4,HITO 7,7/11/2025,8/10/2025,8/1/2025,8/31/2025,1003|14,,,6,6,0,,,0,NOT,NOT
A10001-80-HMBI-104151-U4BC1B-CC_01,0.66,HMBI-10001-01,47,6,HITO 6,7/19/2025,,8/9/2025,9/8/2025,1004,,,3,3,0,,,0,NOT,NOT
A10001-80-HMBI-104152-U4BC1B-CC_01,0.55,HMBI-10001-01,47,6,HITO 6,7/19/2025,,8/9/2025,9/8/2025,1004,,,3,3,0,,,0,NOT,NOT
A10001-20-ACL-108629-U4BC1B-CCTN_01,0.7,ACL-10001-01,33,4,HITO 3,6/10/2025,7/13/2025,7/1/2025,7/31/2025,1005,,,0,0,0,,,0,YES,ETH-108636-TH
A10001-20-ACL-95216-U4BC1B-CCTN_01,0.85,ACL-10001-01,33,4,HITO 3,6/10/2025,7/13/2025,7/1/2025,7/31/2025,1005,,,0,0,0,,,0,YES,ETH-95216-TH
A10001-20-ACL-95217-U4BC1B-CCTN_01,0.85,ACL-10001-01,33,4,HITO 3,6/10/2025,7/13/2025,7/1/2025,7/31/2025,1005,,,0,0,0,,,0,YES,ETH-95216-TH
A10001-20-ACL-95218-U4BC1B-CCTN_01,0.7,ACL-10001-01,33,4,HITO 3,6/10/2025,7/13/2025,7/1/2025,7/31/2025,1005,,,0,0,0,,,0,YES,ETH-95216-TH
A10001-20-ACL-95291-U4BC1B-CCTN_01,0.7,ACL-10001-01,33,4,HITO 3,6/10/2025,7/13/2025,7/1/2025,7/31/2025,1005,,,0,0,0,,,0,YES,ETH-95216-TH
A10001-20-ACL-95296-U4BC1B-CCTN_01,0.7,ACL-10001-01,33,4,HITO 3,6/10/2025,7/13/2025,7/1/2025,7/31/2025,1005,,,0,0,0,,,0,YES,ETH-95216-TH
A10001-20-ACL-95297-U4BC1B-CCTN_01,0.7,ACL-10001-01,33,4,HITO 3,6/10/2025,7/13/2025,7/1/2025,7/31/2025,1005,,,0,0,0,,,0,YES,ETH-95216-TH
A10001-20-ACL-95298-U4BC1B-CCTN_01,0.7,ACL-10001-01,33,4,HITO 3,6/10/2025,7/13/2025,7/1/2025,7/31/2025,1005,,,0,0,0,,,0,YES,ETH-95216-TH
A10001-20-ACL-95299-U4BC1B-CCTN_01,0.7,ACL-10001-01,33,4,HITO 3,6/10/2025,7/13/2025,7/1/2025,7/31/2025,1005,,,0,0,0,,,0,YES,ETH-95216-TH
A10001-25-ACL-101124-U4BC1B-CCTN_01,0.7,ACL-10001-01,33,4,HITO 3,6/10/2025,7/13/2025,7/1/2025,7/31/2025,1005,,,0,0,0,,,0,YES,ETH-101124-TH
A10001-25-ACL-101146-U4BC1B-CCTN_01,0.78,ACL-10001-01,33,4,HITO 3,6/10/2025,7/13/2025,7/1/2025,7/31/2025,1005,,,0,0,0,,,0,YES,ETH-101124-TH
A10001-25-ACL-101147-U4BC1B-CCTN_01,0.7,ACL-10001-01,33,4,HITO 3,6/10/2025,7/13/2025,7/1/2025,7/31/2025,1005,,,0,0,0,,,0,YES,ETH-101124-TH
A10001-25-ACL-101244-U4BC1B-CCTN_01,0.7,ACL-10001-01,33,4,HITO 3,6/10/2025,7/13/2025,7/1/2025,7/31/2025,1005,,,0,0,0,,,0,YES,ETH-101124-TH
A10001-25-ACL-101295-U4BC1B-CCTN_01,0.7,ACL-10001-01,33,4,HITO 3,6/10/2025,7/13/2025,7/1/2025,7/31/2025,1005,,,0,0,0,,,0,YES,ETH-101124-TH
A10001-25-ACL-101325-U4BC1B-CCTN_01,0.7,ACL-10001-01,33,4,HITO 3,6/10/2025,7/13/2025,7/1/2025,7/31/2025,1005,,,0,0,0,,,0,YES,ETH-108636-TH
A10001-25-ACL-101326-U4BC1B-CCTN_01,0.7,ACL-10001-01,33,4,HITO 3,6/10/2025,7/13/2025,7/1/2025,7/31/2025,1005,,,0,0,0,,,0,YES,ETH-95215-05-TH
A10001-25-ACL-102228-U4BC1B-CCTN_01,0.78,ACL-10001-01,33,4,HITO 3,6/10/2025,7/13/2025,7/1/2025,7/31/2025,1005,,,0,0,0,,,0,YES,ETH-102228-TH
A10001-25-ACL-102229-U4BC1B-CCTN_01,0.67,ACL-10001-01,33,4,HITO 3,6/10/2025,7/13/2025,7/1/2025,7/31/2025,1005,,,0,0,0,,,0,YES,ETH-102228-TH
A10001-25-ACL-102324-U4BC1B-CCTN_01,0.7,ACL-10001-01,33,4,HITO 3,6/10/2025,7/13/2025,7/1/2025,7/31/2025,1005,,,0,0,0,,,0,YES,ETH-108636-TH
A10001-25-ACL-103193-U4BC1B-CCTN_01,0.7,ACL-10001-01,33,4,HITO 3,6/10/2025,7/13/2025,7/1/2025,7/31/2025,1005,,,0,0,0,,,0,YES,ETH-103193-TH
A10001-25-ACL-103594-U4BC1B-CCTN_01,0.7,ACL-10001-01,33,4,HITO 3,6/10/2025,7/13/2025,7/1/2025,7/31/2025,1005,,,0,0,0,,,0,YES,ETH-103193-TH
A10001-25-ACL-103595-U4BC1B-CCTN_01,0.7,ACL-10001-01,33,4,HITO 3,6/10/2025,7/13/2025,7/1/2025,7/31/2025,1005,,,0,0,0,,,0,YES,ETH-103193-TH
A10001-25-ACL-103624-U4BC1B-CCTN_01,0.7,ACL-10001-01,33,4,HITO 3,6/10/2025,7/13/2025,7/1/2025,7/31/2025,1005,,,8,8,0,,,0,YES,ETH-103193-TH
A10001-25-ACL-103725-U4BC1B-CCTN_01,0.7,ACL-10001-01,33,4,HITO 3,6/10/2025,7/13/2025,7/1/2025,7/31/2025,1005,,,0,0,0,,,0,YES,ETH-103193-TH
A10001-25-ACL-103729-U4BC1B-CCTN_01,0.7,ACL-10001-01,33,4,HITO 3,6/10/2025,7/13/2025,7/1/2025,7/31/2025,1005,,,0,0,0,,,0,YES,ETH-103193-TH
A10001-25-ACL-104196-U4BC1B-CCTN_01,1,ACL-10001-01,33,4,HITO 3,6/10/2025,7/13/2025,7/1/2025,7/31/2025,1005,,,4,4,0,,4,4,YES,ETH-104196-TH
A10001-25-ACL-104224-U4BC1B-CCTN_01,0.7,ACL-10001-01,33,4,HITO 3,6/10/2025,7/13/2025,7/1/2025,7/31/2025,1005,,,0,0,0,,,0,YES,ETH-95215-05-TH
A10001-25-ACL-104229-U4BC1B-CCTN_01,0.7,ACL-10001-01,33,4,HITO 3,6/10/2025,7/13/2025,7/1/2025,7/31/2025,1005,,,0,0,0,,,0,YES,ETH-95215-05-TH
A10001-25-ACL-104626-U4BC1B-CCTN_01,0.7,ACL-10001-01,33,4,HITO 3,6/10/2025,7/13/2025,7/1/2025,7/31/2025,1005,,,0,0,0,,,0,YES,ETH-103193-TH
A10001-25-ACL-104628-U4BC1B-CCTN_01,0.7,ACL-10001-01,33,4,HITO 3,6/10/2025,7/13/2025,7/1/2025,7/31/2025,1005,,,0,0,0,,,0,YES,ETH-103193-TH
A10001-25-ACL-108125-U4BC1B-CCTN_01,0.7,ACL-10001-01,33,4,HITO 3,6/10/2025,7/13/2025,7/1/2025,7/31/2025,1005,,,0,0,0,,,0,YES,ETH-102228-TH
A10001-25-ACL-108636-U4BC1B-CCTN_01,0.7,ACL-10001-01,33,4,HITO 3,6/10/2025,7/13/2025,7/1/2025,7/31/2025,1005,,,0,0,0,,,0,YES,ETH-108636-TH
A10001-25-ACL-108693-U4BC1B-CCTN_01,0.7,ACL-10001-01,33,4,HITO 3,6/10/2025,7/13/2025,7/1/2025,7/31/2025,1005,,,0,0,0,,,0,YES,ETH-108636-TH
A10001-25-ACL-95215-U4BC1B-CCTN_01,1,ACL-PR18-01,16,4,HITO 3,6/13/2025,7/14/2025,7/4/2025,8/3/2025,1005,,,0,0,0,,NOT_APPLY,0,YES,ETH-101124-TH
A10001-25-ACL-952503-U4BC1B-CCTN_01,0.55,ACL-10001-01,33,4,HITO 3,6/10/2025,7/13/2025,7/1/2025,7/31/2025,1005,,,1,0,1,,,0,YES,ETH-95216-TH
A10001-25-ACL-103194-U4BC1B-CCTN_01,0.7,ACL-10001-02,77,3,HITO 3,6/10/2025,7/13/2025,7/1/2025,7/31/2025,1006,,,0,0,0,,,0,YES,ETH-103992-TH
A10001-25-ACL-103899-U4BC1B-CCTN_01,0.7,HMBI-10001-02,90,4,HITO 7,7/11/2025,8/10/2025,8/1/2025,8/31/2025,1006,,,4,4,0,,,0,YES,ETH-103992-TH
A10001-25-ACL-103992-U4BC1B-CCTN_01,0.85,ACL-10001-02,77,3,HITO 3,6/10/2025,7/13/2025,7/1/2025,7/31/2025,1006,,,0,0,0,,,0,YES,ETH-103992-TH
A10001-25-ACL-103993-U4BC1B-CCTN_01,0.7,ACL-10001-02,77,3,HITO 3,6/10/2025,7/13/2025,7/1/2025,7/31/2025,1006,,,4,4,0,,,0,YES,ETH-103992-TH
A10001-25-AP-100022-U4AC2A-NC_01,0.37,AP-00000-01,10,4,HITO 5,6/28/2025,7/29/2025,7/19/2025,8/18/2025,1007,,,0,0,0,,,0,NOT,NOT
A10001-25-AP-100052-U4AC2A-NC_01,0.56,AP-00000-01,10,4,HITO 5,6/28/2025,7/29/2025,7/19/2025,8/18/2025,1007,,,0,0,0,,,0,NOT,NOT
A10001-25-AP-100062-U4AC2A-NC_01,0.59,AP-00000-01,10,4,HITO 5,6/28/2025,7/29/2025,7/19/2025,8/18/2025,1007,,,0,0,0,,,0,NOT,NOT
A10001-25-AP-100072-U4AC2A-NC_01,0.59,AP-00000-01,10,4,HITO 5,6/28/2025,7/29/2025,7/19/2025,8/18/2025,1007,,,0,0,0,,,0,NOT,NOT
A10001-25-AP-100082-U4AC2A-NC_01,0.49,AP-00000-01,10,4,HITO 5,6/28/2025,7/29/2025,7/19/2025,8/18/2025,1007,,,0,0,0,,,0,NOT,NOT
A10001-25-AP-100092-U4AC2A-NC_01,0.4,AP-00000-01,10,4,HITO 5,6/28/2025,7/29/2025,7/19/2025,8/18/2025,1007,,,0,0,0,,,0,NOT,NOT
A10001-32-AP-100011-U4AC2A-CCTN_01,0.4,AP-00000-01,10,4,HITO 5,6/28/2025,7/29/2025,7/19/2025,8/18/2025,1007,,,0,0,0,,,0,YES,ETH-100031-TH
A10001-32-AP-100021-U4AC2A-CCTN_01,0.67,AP-00000-01,10,4,HITO 5,6/28/2025,7/29/2025,7/19/2025,8/18/2025,1007,,,0,0,0,,,0,YES,ETH-100031-TH
A10001-32-AP-100031-U4AC2A-CCTN_01,0.55,AP-00000-01,10,4,HITO 5,6/28/2025,7/29/2025,7/19/2025,8/18/2025,1007,,,0,0,0,,,0,YES,ETH-100031-TH
A10001-32-AP-100041-U4AC2A-CCTN_01,1,AP-00000-01,10,4,HITO 5,6/28/2025,7/29/2025,7/19/2025,8/18/2025,1007,,,0,0,0,,NOT_APPLY,0,YES,ETH-933235-TH
A10001-32-AP-100051-U4AC2A-CCTN_01,0.5,AP-00000-01,10,4,HITO 5,6/28/2025,7/29/2025,7/19/2025,8/18/2025,1007,,,0,0,0,,,0,YES,ETH-933235-TH
A10001-32-AP-100061-U4AC2A-CCTN_01,0.45,AP-00000-01,10,4,HITO 5,6/28/2025,7/29/2025,7/19/2025,8/18/2025,1007,,,0,0,0,,,0,YES,ETH-933235-TH
A10001-32-AP-100071-U4AC2A-CCTN_01,0,AP-00000-01,10,4,HITO 5,6/28/2025,7/29/2025,7/19/2025,8/18/2025,1007,,,0,0,0,,,0,YES,ETH-933235-TH
A10001-32-AP-100081-U4AC2A-CCTN_01,0.28,AP-00000-01,10,4,HITO 5,6/28/2025,7/29/2025,7/19/2025,8/18/2025,1007,,,0,0,0,,,0,YES,ETH-933235-TH
A10001-32-AP-100091-U4AC2A-CCTN_01,0.4,AP-00000-01,10,4,HITO 5,6/28/2025,7/29/2025,7/19/2025,8/18/2025,1007,,,0,0,0,,,0,YES,ETH-933235-TH
A10001-32-AP-933298-U4AC2A-CCTN_01,0.56,AP-00000-01,10,4,HITO 5,6/28/2025,7/29/2025,7/19/2025,8/18/2025,1007,,,0,0,0,,,0,YES,ETH-933235-TH
A10001-50-AP-933235-U4AC2A-CCTN_01,0.7,AP-00000-01,10,4,HITO 5,6/28/2025,7/29/2025,7/19/2025,8/18/2025,1007,,,0,0,0,,,0,YES,ETH-100031-TH
A10001-20-AT-94474-U4AC2A-CCTN_01,0.7,AT-10001-01,76,1,HITO 3,5/30/2025,6/28/2025,6/20/2025,7/20/2025,1008,,,0,0,0,,,0,YES,EHT-94493-TH
A10001-20-AT-94488-U4AC2A-CCTN_01,0.7,AT-10001-01,76,1,HITO 3,5/30/2025,6/28/2025,6/20/2025,7/20/2025,1008,,,0,0,0,,,0,YES,EHT-94493-TH
A10001-20-AT-94489-U4AC2A-CCTN_01,0.78,AT-10001-01,76,1,HITO 3,5/30/2025,6/28/2025,6/20/2025,7/20/2025,1008,,,0,0,0,,,0,YES,EHT-94493-TH
A10001-20-AT-94494-U4AC2A-CCTN_01,1,AT-10001-01,76,1,HITO 3,5/30/2025,6/28/2025,6/20/2025,7/20/2025,1008,,,0,0,0,,NOT_APPLY,0,YES,EHT-94495-TH
A10001-20-AT-94495-U4AC2A-CCTN_01,1,AT-10001-01,76,1,HITO 3,5/30/2025,6/28/2025,6/20/2025,7/20/2025,1008,,,0,0,0,,NOT_APPLY,0,YES,EHT-94495-TH
A10001-20-AT-94496-U4AC2A-CCTN_01,0.85,AT-10001-01,76,1,HITO 3,5/30/2025,6/28/2025,6/20/2025,7/20/2025,1008,,,0,0,0,,,0,YES,EHT-94493-TH
A10001-20-AT-94498-U4AC2A-CCTN_01,0.7,AT-10001-01,76,1,HITO 3,5/30/2025,6/28/2025,6/20/2025,7/20/2025,1008,,,0,0,0,,,0,YES,EHT-94493-TH
A10001-20-AT-94499-U4AC2A-CCTN_01,0.78,AT-10001-01,76,1,HITO 3,5/30/2025,6/28/2025,6/20/2025,7/20/2025,1008,,,0,0,0,,,0,YES,EHT-94493-TH
A10001-25-AT-94493-U4AC2A-CCTN_01,1,AT-10001-01,76,1,HITO 3,5/30/2025,6/28/2025,6/20/2025,7/20/2025,1008,,,0,0,0,,NOT_APPLY,0,YES,EHT-94493-TH
A10001-25-AT-108205-U4AC2A-CCTN_01,1,AT-00000-01,8,1,HITO 3,5/30/2025,6/28/2025,6/20/2025,7/20/2025,1009,,,0,0,0,,NOT_APPLY,0,YES,ETH-108205-TH
A10001-15-ARC-104629-U1BC2A-NC_01,0.7,ARC-10001-01,32,4,HITO 2,6/17/2025,,7/8/2025,8/7/2025,1010,,,1,1,0,,,0,NOT,NOT
A10001-15-ARC-104634-U1BC2A-NC_01,0.7,ARC-10001-01,32,4,HITO 2,6/17/2025,,7/8/2025,8/7/2025,1010,,,1,1,0,,,0,NOT,NOT
A10001-15-ARC-108726-U1BC2A-NC_01,0.7,ARC-10001-01,32,4,HITO 2,6/17/2025,,7/8/2025,8/7/2025,1010,,,1,1,0,,,0,NOT,NOT
A10001-20-ARC-91273-U1BC2A-NC_01,0.7,ARC-10001-01,32,4,HITO 2,6/17/2025,,7/8/2025,8/7/2025,1010,,,0,0,0,,,0,NOT,NOT
A10001-20-ARC-91274-U1BC2A-NC_01,1,ARC-10001-01,32,4,HITO 2,6/17/2025,,7/8/2025,8/7/2025,1010,,,0,0,0,,NOT_APPLY,0,NOT,NOT
A10001-20-ARC-91275-U1BC2A-NC_01,0.7,ARC-10001-01,32,4,HITO 2,6/17/2025,,7/8/2025,8/7/2025,1010,,,0,0,0,,,0,NOT,NOT
A10001-20-ARC-91276-U1BC2A-NC_01,0.7,ARC-10001-01,32,4,HITO 2,6/17/2025,,7/8/2025,8/7/2025,1010,,,0,0,0,,,0,NOT,NOT
A10001-20-ARC-91277-U1BC2A-NC_01,0.7,ARC-10001-01,32,4,HITO 2,6/17/2025,,7/8/2025,8/7/2025,1010,,,0,0,0,,,0,NOT,NOT
A10001-20-ARC-91278-U1BC2A-NC_01,0.7,ARC-10001-01,32,4,HITO 2,6/17/2025,,7/8/2025,8/7/2025,1010,,,0,0,0,,,0,NOT,NOT
A10001-20-ARC-91279-U1BC2A-NC_01,0.78,ARC-10001-01,32,4,HITO 2,6/17/2025,,7/8/2025,8/7/2025,1010,,,0,0,0,,,0,NOT,NOT
A10001-20-ARC-91299-U1BC2A-NC_01,0.7,ARC-10001-01,32,4,HITO 2,6/17/2025,,7/8/2025,8/7/2025,1010,,,0,0,0,,,0,NOT,NOT
A10001-25-ARC-108722-U1BC2A-NC_01,0.83,ARC-10001-01,32,4,HITO 2,6/17/2025,,7/8/2025,8/7/2025,1010,,,0,0,0,,,0,NOT,NOT
A10001-50-ARC-910063-U1BC2A-NC_01,0.84,ARC-10001-01,32,4,HITO 2,6/17/2025,,7/8/2025,8/7/2025,1010,,,0,0,0,,,0,NOT,NOT
A10001-20-ARI-101979-U4AC2A-NC_01,1,ARI-10001-01,84,1,HITO 1,5/31/2025,,6/21/2025,7/21/2025,1011,,,0,0,0,,NOT_APPLY,0,NOT,NOT
A10001-20-ARI-101982-U4AC2A-NC_01,1,ARI-10001-01,84,1,HITO 1,5/31/2025,,6/21/2025,7/21/2025,1011,,,0,0,0,,NOT_APPLY,0,NOT,NOT
A10001-25-ARI-101908-U4AC2A-NC_01,1,ARI-10001-01,84,1,HITO 1,5/31/2025,,6/21/2025,7/21/2025,1011,,,0,0,0,,NOT_APPLY,0,NOT,NOT
A10001-25-ARI-101909-U4AC2A-NC_01,1,ARI-10001-01,84,1,HITO 1,5/31/2025,,6/21/2025,7/21/2025,1011,,,0,0,0,,NOT_APPLY,0,NOT,NOT
A10001-25-ARI-101981-U4AC2A-NC_01,1,ARI-10001-01,84,1,HITO 1,5/31/2025,,6/21/2025,7/21/2025,1011,,,0,0,0,,NOT_APPLY,0,NOT,NOT
A10001-25-ARI-101983-U4AC2A-NC_01,1,ARI-10001-01,84,1,HITO 1,5/31/2025,,6/21/2025,7/21/2025,1011,,,0,0,0,,NOT_APPLY,0,NOT,NOT
A10001-25-ARI-101984-U4AC2A-NC_01,1,ARI-10001-01,84,1,HITO 1,5/31/2025,,6/21/2025,7/21/2025,1011,,,0,0,0,,NOT_APPLY,0,NOT,NOT
A10001-25-ARI-101985-U4AC2A-NC_01,1,ARI-10001-01,84,1,HITO 1,5/31/2025,,6/21/2025,7/21/2025,1011,,,0,0,0,,NOT_APPLY,0,NOT,NOT
A10001-25-ARI-101986-U4AC2A-NC_01,1,ARI-10001-01,84,1,HITO 1,5/31/2025,,6/21/2025,7/21/2025,1011,,,0,0,0,,NOT_APPLY,0,NOT,NOT
A10001-25-ARI-101997-U4AC2A-NC_01,1,ARI-10001-01,84,1,HITO 1,5/31/2025,,6/21/2025,7/21/2025,1011,,,0,0,0,,NOT_APPLY,0,NOT,NOT
A10001-25-ARI-101998-U4AC2A-NC_01,1,ARI-10001-01,84,1,HITO 1,5/31/2025,,6/21/2025,7/21/2025,1011,,,0,0,0,,NOT_APPLY,0,NOT,NOT
A10001-25-ARI-101999-U4AC2A-NC_01,1,ARI-10001-01,84,1,HITO 1,5/31/2025,,6/21/2025,7/21/2025,1011,,,0,0,0,,NOT_APPLY,0,NOT,NOT
A10001-25-ARI-103201-U4AC2A-NC_01,1,ARI-10001-01,84,1,HITO 1,5/31/2025,,6/21/2025,7/21/2025,1011,,,0,0,0,,NOT_APPLY,0,NOT,NOT
A10001-25-ARI-103991-U4AC2A-NC_01,1,ARI-10001-01,84,1,HITO 1,5/31/2025,,6/21/2025,7/21/2025,1011,,,0,0,0,,NOT_APPLY,0,NOT,NOT
A10001-25-ARI-10498-U4AC2A-NC_01,1,ARI-10001-01,84,1,HITO 1,5/31/2025,,6/21/2025,7/21/2025,1011,,,0,0,0,,NOT_APPLY,0,NOT,NOT
A10001-50-ARI-101907-U4AC2A-NC_01,1,ARI-10001-01,84,1,HITO 1,5/31/2025,,6/21/2025,7/21/2025,1011,,,1,0,1,,NOT_APPLY,0,NOT,NOT
A10001-100-AR-104155-U1BC2A-PP_01,0.96,AR-00000-02,71,7,HITO 8,6/8/2025,9/7/2025,6/29/2025,7/29/2025,1012,,,2,1,1,,,0,NOT,NOT
A10001-100-AR-104156-U1BC2A-PP_01,0.8,AR-00000-02,71,7,HITO 8,6/8/2025,9/7/2025,6/29/2025,7/29/2025,1012,,,0,0,0,,,0,NOT,NOT
A10001-150-AR-101166-U1BC2A-PP_01,1,AR-00000-02,71,7,HITO 8,6/8/2025,9/7/2025,6/29/2025,7/29/2025,1012,,,0,0,0,,NOT_APPLY,0,NOT,NOT
A10001-150-AR-101167-U1BC2A-PP_01,0.87,AR-00000-02,71,7,HITO 8,6/8/2025,9/7/2025,6/29/2025,7/29/2025,1012,,,2,1,1,,,0,NOT,NOT
A10001-150-AR-101265-U1BC2A-PP_01,1,AR-00000-02,71,7,HITO 8,6/8/2025,9/7/2025,6/29/2025,7/29/2025,1012,,,2,1,1,,1,1,NOT,NOT
A10001-150-AR-101266-U1BC2A-PP_01,0.87,AR-00000-02,71,7,HITO 8,6/8/2025,9/7/2025,6/29/2025,7/29/2025,1012,,,0,0,0,,,0,NOT,NOT
A10001-150-AR-102253-U1BC2A-PP_01,1,AR-00000-02,71,7,HITO 8,6/8/2025,9/7/2025,6/29/2025,7/29/2025,1012,,,0,0,0,,NOT_APPLY,0,NOT,NOT
A10001-150-AR-102254-U1BC2A-PP_01,0.95,AR-00000-02,71,7,HITO 8,6/8/2025,9/7/2025,6/29/2025,7/29/2025,1012,,,2,1,1,,,0,NOT,NOT
A10001-250-AR-101904-U1BC2A-NC_01,0.93,AR-00000-02,71,7,HITO 8,6/8/2025,9/7/2025,6/29/2025,7/29/2025,1012|1109,,,0,0,0,,,0,NOT,NOT
A10001-25-AR-10195-U1BC2A-NC_01,0.7,AR-00000-02,71,7,HITO 8,6/8/2025,9/7/2025,6/29/2025,7/29/2025,1012,,,0,0,0,,,0,NOT,NOT
A10001-25-AR-10196-U1BC2A-NC_01,0.7,AR-00000-02,71,7,HITO 8,6/8/2025,9/7/2025,6/29/2025,7/29/2025,1012,,,0,0,0,,,0,NOT,NOT
A10001-25-AR-10324-U1BC2A-NC_01,0.7,AR-00000-02,71,7,HITO 8,6/8/2025,9/7/2025,6/29/2025,7/29/2025,1012,,,0,0,0,,,0,NOT,NOT
A10001-25-AR-10325-U1BC2A-NC_01,0.7,AR-00000-02,71,7,HITO 8,6/8/2025,9/7/2025,6/29/2025,7/29/2025,1012,,,0,0,0,,,0,NOT,NOT
A10001-25-AR-103607-U1BC2A-NC_01,0.7,AR-00000-02,71,7,HITO 8,6/8/2025,9/7/2025,6/29/2025,7/29/2025,1012,,,0,0,0,,,0,NOT,NOT
A10001-25-AR-103608-U1BC2A-NC_01,0.5,AR-00000-02,71,7,HITO 8,6/8/2025,9/7/2025,6/29/2025,7/29/2025,1012,,,0,0,0,,,0,NOT,NOT
A10001-25-AR-10391-U1BC2A-NC_01,0.7,AR-00000-02,71,7,HITO 8,6/8/2025,9/7/2025,6/29/2025,7/29/2025,1012,,,0,0,0,,,0,NOT,NOT
A10001-25-AR-10392-U1BC2A-NC_01,0.7,AR-00000-02,71,7,HITO 8,6/8/2025,9/7/2025,6/29/2025,7/29/2025,1012,,,0,0,0,,,0,NOT,NOT
A10001-25-AR-104111-U1BC2A-NC_01,0.85,AR-00000-02,71,7,HITO 8,6/8/2025,9/7/2025,6/29/2025,7/29/2025,1012,,,0,0,0,,,0,NOT,NOT
A10001-25-AR-104112-U1BC2A-NC_01,0.85,AR-00000-02,71,7,HITO 8,6/8/2025,9/7/2025,6/29/2025,7/29/2025,1012,,,0,0,0,,,0,NOT,NOT
A10001-40-AR-10495-U1BC2A-NC_01,1,CIPA-10001-02,92,7,HITO 8,8/23/2025,,9/13/2025,10/13/2025,1012,,,0,0,0,,NOT_APPLY,0,NOT,NOT
A10001-40-AR-10496-U1BC2A-NC_01,1,AR-00000-02,71,7,HITO 8,6/8/2025,9/7/2025,6/29/2025,7/29/2025,1012,,,0,0,0,,NOT_APPLY,0,NOT,NOT
A10001-50-AR-10295-U1BC2A-NC_01,0.9,AR-00000-02,71,7,HITO 8,6/8/2025,9/7/2025,6/29/2025,7/29/2025,1012,,,0,0,0,,,0,NOT,NOT
A10001-50-AR-10296-U1BC2A-NC_01,0.85,AR-00000-02,71,7,HITO 8,6/8/2025,9/7/2025,6/29/2025,7/29/2025,1012,,,0,0,0,,,0,NOT,NOT
A10001-50-AR-10328-U1BC2A-NC_01,0.85,AR-PR11-01,1,1,HITO 2,6/8/2025,6/29/2025,6/29/2025,7/29/2025,1012,,,0,0,0,,,0,NOT,NOT
A10001-50-AR-10329-U1BC2A-PP_01,0.7,AR-00000-02,71,7,HITO 8,6/8/2025,9/7/2025,6/29/2025,7/29/2025,1012,,,0,0,0,,,0,NOT,NOT
A10001-250-AR-101903-U1BC2A-NC_01,1,AR-00000-01,2,1,HITO 2,6/8/2025,6/26/2025,6/29/2025,7/29/2025,1012|1109,,,0,0,0,,NOT_APPLY,0,NOT,NOT
A10001-20-AR-101113-U1BC2A-PP_01,0.7,AR-PR11-01,1,1,HITO 2,6/8/2025,6/29/2025,6/29/2025,7/29/2025,1013,,,0,0,0,,,0,NOT,NOT
A10001-20-AR-101114-U1BC2A-PP_01,0.7,AR-PR11-01,1,1,HITO 2,6/8/2025,6/29/2025,6/29/2025,7/29/2025,1013,,,0,0,0,,,0,NOT,NOT
A10001-20-AR-101248-U1BC2A-PP_01,0.7,AR-PR11-01,1,1,HITO 2,6/8/2025,6/29/2025,6/29/2025,7/29/2025,1013,,,0,0,0,,,0,NOT,NOT
A10001-20-AR-101249-U1BC2A-PP_01,0.7,AR-PR11-01,1,1,HITO 2,6/8/2025,6/29/2025,6/29/2025,7/29/2025,1013,,,0,0,0,,,0,NOT,NOT
A10001-20-AR-101327-U1BC2A-PP_01,0.7,CHMB-10001-04,36,6,HITO 8,7/23/2025,9/10/2025,8/13/2025,9/12/2025,1013,,,0,0,0,,,0,NOT,NOT
A10001-20-AR-101328-U1BC2A-PP_01,0.7,CHMB-10001-04,36,6,HITO 8,7/23/2025,9/10/2025,8/13/2025,9/12/2025,1013,,,0,0,0,,,0,NOT,NOT
A10001-20-AR-102226-U1BC2A-PP_01,0.7,AR-PR11-01,1,1,HITO 2,6/8/2025,6/29/2025,6/29/2025,7/29/2025,1013,,,0,0,0,,,0,NOT,NOT
A10001-20-AR-102227-U1BC2A-PP_01,0.7,AR-PR11-01,1,1,HITO 2,6/8/2025,6/29/2025,6/29/2025,7/29/2025,1013,,,0,0,0,,,0,NOT,NOT
A10001-20-AR-103527-U1BC2A-PP_01,0.7,CHMB-10001-04,36,6,HITO 8,7/23/2025,9/10/2025,8/13/2025,9/12/2025,1013,,,0,0,0,,,0,NOT,NOT
A10001-20-AR-103528-U1BC2A-PP_01,0.7,AR-PR11-01,1,1,HITO 2,6/8/2025,6/29/2025,6/29/2025,7/29/2025,1013,,,0,0,0,,,0,NOT,NOT
A10001-20-AR-103727-U1BC2A-PP_01,0.7,AR-PR11-01,1,1,HITO 2,6/8/2025,6/29/2025,6/29/2025,7/29/2025,1013,,,0,0,0,,,0,NOT,NOT
A10001-20-AR-103728-U1BC2A-PP_01,0.7,HMBI-10001-02,90,4,HITO 7,7/11/2025,8/10/2025,8/1/2025,8/31/2025,1013,,,0,0,0,,,0,NOT,NOT
A10001-20-AR-104226-U1BC2A-PP_01,0.7,AR-PR11-01,1,1,HITO 2,6/8/2025,6/29/2025,6/29/2025,7/29/2025,1013,,,0,0,0,,,0,NOT,NOT
A10001-20-AR-104227-U1BC2A-PP_01,0.7,AR-PR11-01,1,1,HITO 2,6/8/2025,6/29/2025,6/29/2025,7/29/2025,1013,,,0,0,0,,,0,NOT,NOT
A10001-250-AR-101903-U1BC2A-NC_02,0.94,AR-00000-02,71,7,HITO 8,6/8/2025,9/7/2025,6/29/2025,7/29/2025,1013,,,0,0,0,,,0,NOT,NOT
A10001-250-AR-101904-U1BC2A-NC_02,0.92,AR-00000-02,71,7,HITO 8,6/8/2025,9/7/2025,6/29/2025,7/29/2025,1013,,,0,0,0,,,0,NOT,NOT
A10001-25-AR-101111-U1BC2A-NC_01,0.7,AR-PR11-01,1,1,HITO 2,6/8/2025,6/29/2025,6/29/2025,7/29/2025,1013,,,0,0,0,,,0,NOT,NOT
A10001-25-AR-101181-U1BC2A-NC_01,0.7,AR-PR11-01,1,1,HITO 2,6/8/2025,6/29/2025,6/29/2025,7/29/2025,1013,,,0,0,0,,,0,NOT,NOT
A10001-25-AR-101212-U1BC2A-NC_01,0.5,AR-PR11-01,1,1,HITO 2,6/8/2025,6/29/2025,6/29/2025,7/29/2025,1013,,,0,0,0,,,0,NOT,NOT
A10001-25-AR-101213-U1BC2A-NC_01,0.7,AR-PR11-01,1,1,HITO 2,6/8/2025,6/29/2025,6/29/2025,7/29/2025,1013,,,0,0,0,,,0,NOT,NOT
A10001-25-AR-103123-U1BC2A-NC_01,0.7,AR-PR11-01,1,1,HITO 2,6/8/2025,6/29/2025,6/29/2025,7/29/2025,1013,,,0,0,0,,,0,NOT,NOT
A10001-25-AR-103129-U1BC2A-NC_01,0.7,AR-PR11-01,1,1,HITO 2,6/8/2025,6/29/2025,6/29/2025,7/29/2025,1013,,,0,0,0,,,0,NOT,NOT
A10001-25-AR-103132-U1BC2A-NC_01,0.7,AR-PR11-01,1,1,HITO 2,6/8/2025,6/29/2025,6/29/2025,7/29/2025,1013,,,0,0,0,,,0,NOT,NOT
A10001-25-AR-103133-U1BC2A-NC_01,0.7,AR-PR11-01,1,1,HITO 2,6/8/2025,6/29/2025,6/29/2025,7/29/2025,1013,,,0,0,0,,,0,NOT,NOT
A10001-25-AR-103198-U1BC2A-NC_01,0.7,HMBN-10001-01,82,5,HITO 7,7/28/2025,8/26/2025,8/18/2025,9/17/2025,1013,,,0,0,0,,,0,NOT,NOT
A10001-25-AR-103199-U1BC2A-NC_01,1,AR-PR11-01,1,1,HITO 2,6/8/2025,6/29/2025,6/29/2025,7/29/2025,1013,,,0,0,0,,NOT_APPLY,0,NOT,NOT
A10001-25-AR-103525-U1BC2A-NC_01,0.7,AR-PR11-01,1,1,HITO 2,6/8/2025,6/29/2025,6/29/2025,7/29/2025,1013,,,0,0,0,,,0,NOT,NOT
A10001-25-AR-103526-U1BC2A-NC_01,0.7,AR-PR11-01,1,1,HITO 2,6/8/2025,6/29/2025,6/29/2025,7/29/2025,1013,,,0,0,0,,,0,NOT,NOT
A10001-25-AR-103532-U1BC2A-NC_01,0.7,AR-PR11-01,1,1,HITO 2,6/8/2025,6/29/2025,6/29/2025,7/29/2025,1013,,,0,0,0,,,0,NOT,NOT
A10001-25-AR-103533-U1BC2A-NC_01,0.7,AR-PR11-01,1,1,HITO 2,6/8/2025,6/29/2025,6/29/2025,7/29/2025,1013,,,0,0,0,,,0,NOT,NOT
A10001-25-AR-104232-U1BC2A-NC_01,0.7,AR-PR11-01,1,1,HITO 2,6/8/2025,6/29/2025,6/29/2025,7/29/2025,1013,,,0,0,0,,,0,NOT,NOT
A10001-25-AR-104233-U1BC2A-NC_01,0.7,AR-PR11-01,1,1,HITO 2,6/8/2025,6/29/2025,6/29/2025,7/29/2025,1013,,,0,0,0,,,0,NOT,NOT
A10001-25-AR-104298-U1BC2A-NC_01,0.7,AR-00000-03,18,1,HITO 2,6/8/2025,6/29/2025,6/29/2025,7/29/2025,1013,,,0,0,0,,,0,NOT,NOT
A10001-25-AR-104299-U1BC2A-NC_01,0.7,AR-PR11-01,1,1,HITO 2,6/8/2025,6/29/2025,6/29/2025,7/29/2025,1013,,,0,0,0,,,0,NOT,NOT
A10001-25-AR-104632-U1BC2A-NC_01,0.7,AR-PR11-01,1,1,HITO 2,6/8/2025,6/29/2025,6/29/2025,7/29/2025,1013,,,0,0,0,,,0,NOT,NOT
A10001-25-AR-104633-U1BC2A-NC_01,0.7,AR-PR11-01,1,1,HITO 2,6/8/2025,6/29/2025,6/29/2025,7/29/2025,1013,,,0,0,0,,,0,NOT,NOT
A10001-25-AR-104698-U1BC2A-NC_01,0.7,AR-PR11-01,1,1,HITO 2,6/8/2025,6/29/2025,6/29/2025,7/29/2025,1013,,,0,0,0,,,0,NOT,NOT
A10001-25-AR-104699-U1BC2A-NC_01,0.7,AR-PR11-01,1,1,HITO 2,6/8/2025,6/29/2025,6/29/2025,7/29/2025,1013,,,0,0,0,,,0,NOT,NOT
A10001-25-AR-95625-U1BC2A-NC_01,0.7,AR-00000-03,18,1,HITO 2,6/8/2025,6/29/2025,6/29/2025,7/29/2025,1013,,,0,0,0,,,0,NOT,NOT
A10001-25-AR-95626-U1BC2A-NC_01,0.7,AR-00000-03,18,1,HITO 2,6/8/2025,6/29/2025,6/29/2025,7/29/2025,1013,,,0,0,0,,,0,NOT,NOT
A10001-25-AR-95632-U1BC2A-NC_01,0.7,AR-PR11-01,1,1,HITO 2,6/8/2025,6/29/2025,6/29/2025,7/29/2025,1013,,,0,0,0,,,0,NOT,NOT
A10001-25-AR-95633-U1BC2A-NC_01,0.7,AR-PR11-01,1,1,HITO 2,6/8/2025,6/29/2025,6/29/2025,7/29/2025,1013,,,0,0,0,,,0,NOT,NOT
A10001-100-AR-104264-U1BC2A-PP_01,1,HMBI-10001-03,93,4,HITO 7,7/11/2025,8/10/2025,8/1/2025,8/31/2025,1014,,,2,1,1,,1,1,NOT,NOT
A10001-100-AR-104265-U1BC2A-NC_01,0.95,AR-00000-01,2,1,HITO 2,6/8/2025,6/26/2025,6/29/2025,7/29/2025,1014,,,0,0,0,,,0,NOT,NOT
A10001-150-AR-95641-U1BC2A-PP_01,1,AR-00000-01,2,1,HITO 2,6/8/2025,6/26/2025,6/29/2025,7/29/2025,1015,,,0,0,0,,NOT_APPLY,0,NOT,NOT
A10001-150-AR-95642-U1BC2A-PP_01,1,AR-00000-01,2,1,HITO 2,6/8/2025,6/26/2025,6/29/2025,7/29/2025,1015,,,1,1,0,,1,1,NOT,NOT
A10001-20-AR-103125-U1BC2A-NC_01,0.7,AR-00000-01,2,1,HITO 2,6/8/2025,6/26/2025,6/29/2025,7/29/2025,1015,,,0,0,0,,,0,NOT,NOT
A10001-20-AR-103126-U1BC2A-NC_01,0.7,AR-00000-01,2,1,HITO 2,6/8/2025,6/26/2025,6/29/2025,7/29/2025,1015,,,0,0,0,,,0,NOT,NOT
A10001-25-AR-103512-U1BC2A-NC_01,0.7,AR-00000-01,2,1,HITO 2,6/8/2025,6/26/2025,6/29/2025,7/29/2025,1015,,,0,0,0,,,0,NOT,NOT
A10001-25-AR-103513-U1BC2A-NC_01,0.7,HMBN-10001-02,83,7,HITO 8,8/8/2025,9/1/2025,8/29/2025,9/28/2025,1015,,,0,0,0,,,0,NOT,NOT
A10001-40-AR-103152-U1BC2A-PP_01,1,AR-00000-01,2,1,HITO 2,6/8/2025,6/26/2025,6/29/2025,7/29/2025,1016,,,1,1,0,,1,1,NOT,NOT
A10001-40-AR-103153-U1BC2A-PP_01,0.97,AR-00000-01,2,1,HITO 2,6/8/2025,6/26/2025,6/29/2025,7/29/2025,1016,,,0,0,0,,,0,NOT,NOT
A10001-100-V6-101188-U1CD2B-CC_01,0.95,V6-10001-01,73,6,HITO 7,7/18/2025,8/22/2025,8/8/2025,9/7/2025,1017,,,5,4,1,,,0,NOT,NOT
A10001-20-V6-92198-U1CD2B-CC_01,0.4,V6-10001-01,73,6,HITO 7,7/18/2025,8/22/2025,8/8/2025,9/7/2025,1017,,,0,0,0,,,0,NOT,NOT
A10001-80-V6-102206-U1CD2B-CC_01,0.4,HMBC-10001-01,80,7,HITO 8,7/16/2025,8/9/2025,8/6/2025,9/5/2025,1018|159,,,6,5,1,,,0,NOT,NOT
A10001-80-V6-103504-U1CD2B-CC_01,0.41,V6-00000-01,14,4,HITO 6,6/25/2025,7/26/2025,7/16/2025,8/15/2025,1019|159,,,7,6,1,,,0,NOT,NOT
A10001-20-C6-104195-U1CD2B-CC_01,0.4,C6-10001-01,88,5,HITO 6,7/10/2025,8/5/2025,7/31/2025,8/30/2025,1020,,,0,0,0,,,0,NOT,NOT
A10001-25-C6-101296-U1CD2B-PP_01,0.4,EFL-10001-03,72,5,HITO 7,7/22/2025,8/28/2025,8/12/2025,9/11/2025,1020,,,0,0,0,,,0,NOT,NOT
A10001-25-C6-10396-U1CD2B-CC_01,0.42,C6-10001-01,88,5,HITO 6,7/10/2025,8/5/2025,7/31/2025,8/30/2025,1020,,,0,0,0,,,0,NOT,NOT
A10001-25-C6-104197-U1CD2B-PP_01,0.4,EFL-10001-03,72,5,HITO 7,7/22/2025,8/28/2025,8/12/2025,9/11/2025,1020,,,0,0,0,,,0,NOT,NOT
A10001-80-C6-104107-U1CD2B-CC_01,0.45,C6-10001-01,88,5,HITO 6,7/10/2025,8/5/2025,7/31/2025,8/30/2025,1020,,,0,0,0,,,0,NOT,NOT
A10001-80-C6-104109-U1CD2B-CC_01,0.4,C6-10001-01,88,5,HITO 6,7/10/2025,8/5/2025,7/31/2025,8/30/2025,1020,,,0,0,0,,,0,NOT,NOT
A10001-80-C6-104198-U1CD2B-CC_01,0.5,C6-10001-01,88,5,HITO 6,7/10/2025,8/5/2025,7/31/2025,8/30/2025,1020,,,0,0,0,,,0,NOT,NOT
A10001-80-V6-104106-U1CD2B-CC_01,0.4,HMBI-10001-03,93,4,HITO 7,7/11/2025,8/10/2025,8/1/2025,8/31/2025,1020,,,0,0,0,,,0,NOT,NOT
A10001-80-V6-104108-U1CD2B-CC_01,0.4,HMBI-10001-03,93,4,HITO 7,7/11/2025,8/10/2025,8/1/2025,8/31/2025,1020,,,0,0,0,,,0,NOT,NOT
A10001-80-V6-104199-U1CD2B-CC_01,0.5,HMBI-10001-03,93,4,HITO 7,7/11/2025,8/10/2025,8/1/2025,8/31/2025,1020,,,0,0,0,,,0,NOT,NOT
A10001-25-C6-101185-U1CD2B-PP_01,0.4,EFL-10001-03,72,5,HITO 7,7/22/2025,8/28/2025,8/12/2025,9/11/2025,1021,,,0,0,0,,,0,NOT,NOT
A10001-25-C6-101357-U1CD2B-CC_01,0.4,C6-10001-03,37,5,HITO 6,7/10/2025,8/5/2025,7/31/2025,8/30/2025,1021,,,0,0,0,,,0,NOT,NOT
A10001-25-C6-101358-U1CD2B-CC_01,0.4,EFL-10001-03,72,5,HITO 7,7/22/2025,8/28/2025,8/12/2025,9/11/2025,1021,,,0,0,0,,,0,NOT,NOT
A10001-25-C6-102209-U1CD2B-PP_01,0.4,EFL-10001-03,72,5,HITO 7,7/22/2025,8/28/2025,8/12/2025,9/11/2025,1021,,,0,0,0,,,0,NOT,NOT
A10001-25-V6-101356-U1CD2B-CC_01,0.4,CHMB-10001-04,36,6,HITO 8,7/23/2025,9/10/2025,8/13/2025,9/12/2025,1021,,,0,0,0,,,0,NOT,NOT
A10001-40-C6-102208-U1CD2B-CC_01,0.4,C6-10001-03,37,5,HITO 6,7/10/2025,8/5/2025,7/31/2025,8/30/2025,1021,,,0,0,0,,,0,NOT,NOT
A10001-40-V6-102207-U1CD2B-CC_01,0.4,HMBC-10001-01,80,7,HITO 8,7/16/2025,8/9/2025,8/6/2025,9/5/2025,1021,,,0,0,0,,,0,NOT,NOT
A10001-80-C6-101186-U1CD2B-CC_01,0.95,C6-10001-03,37,5,HITO 6,7/10/2025,8/5/2025,7/31/2025,8/30/2025,1021,,,0,0,0,,,0,NOT,NOT
A10001-80-C6-101297-U1CD2B-CC_01,0.4,C6-10001-03,37,5,HITO 6,7/10/2025,8/5/2025,7/31/2025,8/30/2025,1021,,,0,0,0,,,0,NOT,NOT
A10001-80-V6-101187-U1CD2B-CC_01,0.78,CHMB-10001-01,98,7,HITO 8,8/6/2025,9/10/2025,8/27/2025,9/26/2025,1021,,,0,0,0,,,0,NOT,NOT
A10001-80-V6-101298-U1CD2B-CC_01,0.5,CHMB-10001-02,99,7,HITO 8,7/18/2025,9/10/2025,8/8/2025,9/7/2025,1021,,,0,0,0,,,0,NOT,NOT
A10001-25-V6-10397-U1CD2B-CC_01,0.4,V6-10001-02,90,4,NOT_FOUND,NOT_FOUND,NOT_FOUND,NOT_FOUND,NOT_FOUND,1022,,,0,0,0,,,0,NOT,NOT
A10001-25-C6-103508-U1CD2B-PP_01,0.4,EFL-10001-03,72,5,HITO 7,7/22/2025,8/28/2025,8/12/2025,9/11/2025,1023,,,0,0,0,,,0,NOT,NOT
A10001-25-V6-103505-U1CD2B-CC_01,0.4,HMBN-10001-02,83,7,HITO 8,8/8/2025,9/1/2025,8/29/2025,9/28/2025,1023,,,0,0,0,,,0,NOT,NOT
A10001-40-V6-103507-U1CD2B-CC_01,0.4,HMBN-10001-02,83,7,HITO 8,8/8/2025,9/1/2025,8/29/2025,9/28/2025,1023,,,0,0,0,,,0,NOT,NOT
A10001-40-V6-101355-U1CD2B-CC_01,0.4,CHMB-10001-04,36,6,HITO 8,7/23/2025,9/10/2025,8/13/2025,9/12/2025,1024|159,,,5,4,1,,,0,NOT,NOT
A10001-25-C6-95622-U1CD2B-CC_01,0.4,C6-10001-02,Apr-25,1,HITO 3,6/26/2025,7/13/2025,7/17/2025,8/16/2025,1025,,,1,1,0,,,0,NOT,NOT
A10001-25-C6-95623-U1CD2B-PP_01,1,EFL-10001-03,72,5,HITO 7,7/22/2025,8/28/2025,8/12/2025,9/11/2025,1025,,,0,0,0,,NOT_APPLY,0,NOT,NOT
A10001-50-C6-95621-U1CD2B-CC_01,0.88,C6-PR18-01,Apr-25,1,HITO 3,6/26/2025,7/13/2025,7/17/2025,8/16/2025,1025,,,11,8,3,,,0,YES,EHT-95621-01-TH
A10001-50-C6-95624-U1CD2B-PP_01,0.7,EFL-10001-03,72,5,HITO 7,7/22/2025,8/28/2025,8/12/2025,9/11/2025,1025,,,0,0,0,,,0,NOT,NOT
A10001-50-C6-95631-U1CD2B-CC_01,0.85,C6-10001-02,Apr-25,1,HITO 3,6/26/2025,7/13/2025,7/17/2025,8/16/2025,1025,,,1,0,1,,,0,NOT,NOT
A10001-80-C6-95601-U1CD2B-CC_01,0.87,C6-10001-02,Apr-25,1,HITO 3,6/26/2025,7/13/2025,7/17/2025,8/16/2025,1025,,,1,0,1,,,0,NOT,NOT
A10001-80-C6-95602-U1CD2B-CC_01,0.8,C6-10001-02,Apr-25,1,HITO 3,6/26/2025,7/13/2025,7/17/2025,8/16/2025,1025,,,1,0,1,,,0,NOT,NOT
PR18-50-C6-95621-U1CD2B-CC_01,0.94,C6-10001-02,Apr-25,1,HITO 3,6/26/2025,7/13/2025,7/17/2025,8/16/2025,1025|1053,,,0,0,0,,,0,YES,EHT-95621-02-TH
PR19-50-C6-95621-U1CD2B-CC_01,0.84,C6-10001-02,Apr-25,1,HITO 3,6/26/2025,7/13/2025,7/17/2025,8/16/2025,1025,,,0,0,0,,,0,YES,EHT-95621-02-TH
A10001-50-C6-95643-U1CD2B-CC_01,0.9,C6-10001-02,Apr-25,1,HITO 3,6/26/2025,7/13/2025,7/17/2025,8/16/2025,1026,,,0,0,0,,,0,NOT,NOT
A10001-100-HMBI-106121-U4BC1B-CCTN_01,0.85,HMBI-10005-01,43,4,HITO 7,7/11/2025,8/10/2025,8/1/2025,8/31/2025,1027,,,0,0,0,,,0,YES,EHT-106121-TH
A10001-100-HMBI-106124-U4BC1B-CCTN_01,0.92,HMBI-10005-01,43,4,HITO 7,7/11/2025,8/10/2025,8/1/2025,8/31/2025,1028,,,1,1,0,,,0,YES,EHT-106124-TH
A10003-20-ACL-108963-U4BC1B-CCTN_01,0.4,ACL-10003-01,50,2,HITO 3,6/13/2025,7/14/2025,7/4/2025,8/3/2025,1029,,,0,0,0,,,0,YES,ETH-95215-01-TH
A10003-20-ACL-95292-U4BC1B-CCTN_01,0.7,ACL-10003-01,50,2,HITO 3,6/13/2025,7/14/2025,7/4/2025,8/3/2025,1029,,,0,0,0,,,0,YES,ETH-952504-TH
A10003-20-ACL-95293-U4BC1B-CCTN_01,0.7,ACL-10003-01,50,2,HITO 3,6/13/2025,7/14/2025,7/4/2025,8/3/2025,1029,,,0,0,0,,,0,YES,ETH-952504-TH
A10003-20-ACL-95294-U4BC1B-CCTN_01,0.7,ACL-10003-01,50,2,HITO 3,6/13/2025,7/14/2025,7/4/2025,8/3/2025,1029,,,0,0,0,,,0,YES,ETH-952504-TH
A10003-20-ACL-95295-U4BC1B-CCTN_01,0.58,ACL-10003-01,50,2,HITO 3,6/13/2025,7/14/2025,7/4/2025,8/3/2025,1029,,,0,0,0,,,0,YES,ETH-952504-TH
A10003-25-ACL-105224-U4BC1B-CCTN_01,0.4,ACL-10003-01,50,2,HITO 3,6/13/2025,7/14/2025,7/4/2025,8/3/2025,1029,,,0,0,0,,,0,YES,ETH-95215-01-TH
A10003-25-ACL-105264-U4BC1B-CCTN_01,0.4,ACL-10003-01,50,2,HITO 3,6/13/2025,7/14/2025,7/4/2025,8/3/2025,1029,,,0,0,0,,,0,YES,ETH-95215-01-TH
A10003-25-ACL-105425-U4BC1B-CCTN_01,0.7,ACL-10003-01,50,2,HITO 3,6/13/2025,7/14/2025,7/4/2025,8/3/2025,1029,,,0,0,0,,,0,YES,ETH-95215-01-TH
A10003-25-ACL-105427-U4BC1B-CCTN_01,0.7,ACL-10003-01,50,2,HITO 3,6/13/2025,7/14/2025,7/4/2025,8/3/2025,1029,,,0,0,0,,,0,YES,ETH-95215-01-TH
A10003-25-ACL-105628-U4BC1B-CCTN_01,0.7,ACL-10003-01,50,2,HITO 3,6/13/2025,7/14/2025,7/4/2025,8/3/2025,1029,,,0,0,0,,,0,YES,ETH-95215-01-TH
A10003-25-ACL-95215-U4BC1B-CCTN_01,0.7,ACL-PR18-01,16,4,HITO 3,6/13/2025,7/14/2025,7/4/2025,8/3/2025,1029,,,0,0,0,,,0,YES,ETH-95215-01-TH
A10003-25-ACL-952504-U4BC1B-CCTN_01,0.94,ACL-10003-01,50,2,HITO 3,6/13/2025,7/14/2025,7/4/2025,8/3/2025,1029,,,0,0,0,,,0,YES,ETH-952504-TH
A10003-25-ACL-105324-U4BC1B-CCTN_01,1,ACL-00000-01,17,2,HITO 3,6/12/2025,7/13/2025,7/3/2025,8/2/2025,1030,,,0,0,0,,NOT_APPLY,0,YES,ETH-105324-TH
A10003-25-ACL-105523-U4BC1B-CCTN_01,0.88,ACL-00000-01,17,2,HITO 3,6/12/2025,7/13/2025,7/3/2025,8/2/2025,1030,,,0,0,0,,,0,YES,ETH-105324-TH
A10003-25-AP-100112-U4AC2A-NC_01,0.4,AP-00000-01,10,4,HITO 5,6/28/2025,7/29/2025,7/19/2025,8/18/2025,1031,,,0,0,0,,,0,NOT,NOT
A10003-25-AP-100122-U4AC2A-NC_01,0.4,AP-00000-01,10,4,HITO 5,6/28/2025,7/29/2025,7/19/2025,8/18/2025,1031,,,0,0,0,,,0,NOT,NOT
A10003-25-AP-100132-U4AC2A-NC_01,0.4,AP-00000-01,10,4,HITO 5,6/28/2025,7/29/2025,7/19/2025,8/18/2025,1031,,,0,0,0,,,0,NOT,NOT
A10003-32-AP-100101-U4AC2A-CCTN_01,0.4,AP-00000-01,10,4,HITO 5,6/28/2025,7/29/2025,7/19/2025,8/18/2025,1031,,,0,0,0,,,0,YES,ETH-933231-TH
A10003-32-AP-100111-U4AC2A-CCTN_01,0.4,AP-00000-01,10,4,HITO 5,6/28/2025,7/29/2025,7/19/2025,8/18/2025,1031,,,0,0,0,,,0,YES,ETH-933231-TH
A10003-32-AP-100121-U4AC2A-CCTN_01,0.7,AP-00000-01,10,4,HITO 5,6/28/2025,7/29/2025,7/19/2025,8/18/2025,1031,,,0,0,0,,,0,YES,ETH-100171-TH
A10003-32-AP-100131-U4AC2A-CCTN_01,0.4,AP-00000-01,10,4,HITO 5,6/28/2025,7/29/2025,7/19/2025,8/18/2025,1031,,,0,0,0,,,0,YES,ETH-100171-TH
A10003-32-AP-933236-U4AC2A-CCTN_01,0.55,AP-00000-01,10,4,HITO 5,6/28/2025,7/29/2025,7/19/2025,8/18/2025,1031,,,0,0,0,,,0,YES,ETH-933231-TH
A10003-20-ARI-91631-U4AC2A-NC_01,1,ARI-10003-01,54,1,HITO 1,5/31/2025,,6/21/2025,7/21/2025,1032,,,0,0,0,,NOT_APPLY,0,NOT,NOT
A10003-25-ARI-101993-U4AC2A-NC_01,1,ARI-10003-01,54,1,HITO 1,5/31/2025,,6/21/2025,7/21/2025,1033,,,0,0,0,,NOT_APPLY,0,NOT,NOT
A10003-25-ARI-101994-U4AC2A-NC_01,0.7,ARI-10003-01,54,1,HITO 1,5/31/2025,,6/21/2025,7/21/2025,1033,,,0,0,0,,,0,NOT,NOT
A10003-25-ARI-101995-U4AC2A-NC_01,0.7,ARI-10003-01,54,1,HITO 1,5/31/2025,,6/21/2025,7/21/2025,1033,,,0,0,0,,,0,NOT,NOT
A10003-50-ARI-101996-U4AC2A-NC_01,0.81,ARI-10003-01,54,1,HITO 1,5/31/2025,,6/21/2025,7/21/2025,1033,,,1,0,1,,,0,NOT,NOT
A10003-20-AT-94476-U4AC2A-CCTN_01,1,AT-10003-01,55,1,HITO 3,5/30/2025,6/28/2025,6/20/2025,7/20/2025,1034,,,0,0,0,,NOT_APPLY,0,YES,EHT-94485-TH
A10003-20-AT-94481-U4AC2A-CCTN_01,0.7,AT-10003-01,55,1,HITO 3,5/30/2025,6/28/2025,6/20/2025,7/20/2025,1034,,,0,0,0,,,0,YES,EHT-94485-TH
A10003-20-AT-94482-U4AC2A-CCTN_01,0.7,AT-10003-01,55,1,HITO 3,5/30/2025,6/28/2025,6/20/2025,7/20/2025,1034,,,0,0,0,,,0,YES,EHT-94485-TH
A10003-20-AT-94483-U4AC2A-CCTN_01,0.7,AT-10003-01,55,1,HITO 3,5/30/2025,6/28/2025,6/20/2025,7/20/2025,1034,,,0,0,0,,,0,YES,EHT-94485-TH
A10003-25-AT-94485-U4AC2A-CCTN_01,0.96,AT-10003-01,55,1,HITO 3,5/30/2025,6/28/2025,6/20/2025,7/20/2025,1034,,,0,0,0,,,0,YES,EHT-94485-TH
A10003-15-ARC-105527-U1BC2A-NC_01,1,ARC-00000-01,6,2,HITO 1,6/11/2025,,7/2/2025,8/1/2025,1035,,,1,1,0,,1,1,NOT,NOT
A10003-15-ARC-105534-U1BC2A-NC_01,1,ARC-00000-01,6,2,HITO 1,6/11/2025,,7/2/2025,8/1/2025,1035,,,1,1,0,,1,1,NOT,NOT
A10003-15-ARC-108965-U1BC2A-NC_01,1,ARC-00000-01,6,2,HITO 1,6/11/2025,,7/2/2025,8/1/2025,1035,,,1,1,0,,1,1,NOT,NOT
A10003-25-ARC-108955-U1BC2A-NC_01,1,ARC-00000-01,6,2,HITO 1,6/11/2025,,7/2/2025,8/1/2025,1035,,,0,0,0,,NOT_APPLY,0,NOT,NOT
A10003-50-ARC-91272-U1BC2A-NC_01,1,ARC-PR19-01,5,2,HITO 1,6/11/2025,,7/2/2025,8/1/2025,1035,,,0,0,0,,NOT_APPLY,0,NOT,NOT
A10003-50-ARC-91272-U1BC2A-NC_02,1,ARC-PR19-01,5,2,HITO 1,6/11/2025,,7/2/2025,8/1/2025,1035,,,0,0,0,,NOT_APPLY,0,NOT,NOT
A10003-20-ARC-91295-U1BC2A-NC_01,0.7,ARC-10003-01,53,4,HITO 2,6/12/2025,,7/3/2025,8/2/2025,1036,,,0,0,0,,,0,NOT,NOT
A10003-20-ARC-91296-U1BC2A-NC_01,0.7,ARC-10003-01,53,4,HITO 2,6/12/2025,,7/3/2025,8/2/2025,1036,,,0,0,0,,,0,NOT,NOT
A10003-20-ARC-91297-U1BC2A-NC_01,0.7,ARC-10003-01,53,4,HITO 2,6/12/2025,,7/3/2025,8/2/2025,1036,,,0,0,0,,,0,NOT,NOT
A10003-20-ARC-91298-U1BC2A-NC_01,0.7,ARC-10003-01,53,4,HITO 2,6/12/2025,,7/3/2025,8/2/2025,1036,,,0,0,0,,,0,NOT,NOT
A10003-25-ARC-910065-U1BC2A-NC_01,0.7,ARC-10003-01,53,4,HITO 2,6/12/2025,,7/3/2025,8/2/2025,1036,,,0,0,0,,,0,NOT,NOT
A10003-100-AR-105453-U1BC2A-PP_01,1,RIPA-10003-01,65,6,HITO 6,6/28/2025,7/29/2025,7/19/2025,8/18/2025,1037,,,1,1,0,,1,1,NOT,NOT
A10003-100-AR-105454-U1BC2A-PP_01,1,AR-00000-01,2,1,HITO 2,6/8/2025,6/26/2025,6/29/2025,7/29/2025,1037,,,0,0,0,,NOT_APPLY,0,NOT,NOT
A10003-100-AR-105573-U1BC2A-PP_01,0.97,AR-00000-01,2,1,HITO 2,6/8/2025,6/26/2025,6/29/2025,7/29/2025,1037,,,2,1,1,,,0,NOT,NOT
A10003-100-AR-105574-U1BC2A-PP_01,0.95,AR-00000-01,2,1,HITO 2,6/8/2025,6/26/2025,6/29/2025,7/29/2025,1037,,,0,0,0,,,0,NOT,NOT
A10003-200-AR-105364-U1BC2A-PP_01,1,RIPA-10003-05,62,7,HITO 8,6/28/2025,8/23/2025,7/19/2025,8/18/2025,1037,,,0,0,0,,NOT_APPLY,0,NOT,NOT
A10003-200-AR-105365-U1BC2A-PP_01,0.94,AR-00000-01,2,1,HITO 2,6/8/2025,6/26/2025,6/29/2025,7/29/2025,1037,,,2,1,1,,,0,NOT,NOT
A10003-300-AR-101903-U1BC2A-NC_01,0.94,AR-PR11-01,1,1,HITO 2,6/8/2025,6/29/2025,6/29/2025,7/29/2025,1037,,,0,0,0,,,0,NOT,NOT
A10003-300-AR-101904-U1BC2A-NC_01,1,AR-PR11-01,1,1,HITO 2,6/8/2025,6/29/2025,6/29/2025,7/29/2025,1037,,,0,0,0,,NOT_APPLY,0,NOT,NOT
A10003-20-AR-105398-U1BC2A-NC_01,0.7,RIPA-10003-05,62,7,HITO 8,6/28/2025,8/23/2025,7/19/2025,8/18/2025,1038,,,0,0,0,,,0,NOT,NOT
A10003-20-AR-105399-U1BC2A-NC_01,0.7,AR-00000-05,52,7,HITO 8,6/8/2025,9/7/2025,6/29/2025,7/29/2025,1038,,,0,0,0,,,0,NOT,NOT
A10003-20-AR-105428-U1BC2A-NC_01,0.7,RIPA-10003-01,65,6,HITO 6,6/28/2025,7/29/2025,7/19/2025,8/18/2025,1038,,,0,0,0,,,0,NOT,NOT
A10003-20-AR-105429-U1BC2A-NC_01,0.7,AR-00000-05,52,7,HITO 8,6/8/2025,9/7/2025,6/29/2025,7/29/2025,1038,,,0,0,0,,,0,NOT,NOT
A10003-20-AR-105525-U1BC2A-NC_01,0.7,AR-00000-05,52,7,HITO 8,6/8/2025,9/7/2025,6/29/2025,7/29/2025,1038,,,0,0,0,,,0,NOT,NOT
A10003-20-AR-105526-U1BC2A-NC_01,0.7,AR-00000-05,52,7,HITO 8,6/8/2025,9/7/2025,6/29/2025,7/29/2025,1038,,,0,0,0,,,0,NOT,NOT
A10003-20-AR-105624-U1BC2A-PP_01,0.7,AR-00000-05,52,7,HITO 8,6/8/2025,9/7/2025,6/29/2025,7/29/2025,1038,,,0,0,0,,,0,NOT,NOT
A10003-20-AR-105625-U1BC2A-PP_01,0.7,RIPA-10003-03,61,6,HITO 6,6/28/2025,7/29/2025,7/19/2025,8/18/2025,1038,,,0,0,0,,,0,NOT,NOT
A10003-25-AR-105528-U1BC2A-NC_01,0.9,AR-00000-05,52,7,HITO 8,6/8/2025,9/7/2025,6/29/2025,7/29/2025,1038,,,0,0,0,,,0,NOT,NOT
A10003-25-AR-105529-U1BC2A-NC_01,1,AR-00000-05,52,7,HITO 8,6/8/2025,9/7/2025,6/29/2025,7/29/2025,1038,,,0,0,0,,NOT_APPLY,0,NOT,NOT
A10003-25-AR-105532-U1BC2A-NC_01,1,AR-00000-05,52,7,HITO 8,6/8/2025,9/7/2025,6/29/2025,7/29/2025,1038,,,0,0,0,,NOT_APPLY,0,NOT,NOT
A10003-25-AR-105533-U1BC2A-NC_01,0.9,AR-00000-05,52,7,HITO 8,6/8/2025,9/7/2025,6/29/2025,7/29/2025,1038,,,0,0,0,,,0,NOT,NOT
A10003-25-AR-105598-U1BC2A-NC_01,1,EFL-10003-06,64,4,HITO 7,7/22/2025,8/28/2025,8/12/2025,9/11/2025,1038,,,0,0,0,,NOT_APPLY,0,NOT,NOT
A10003-25-AR-105599-U1BC2A-NC_01,1,EFL-10003-06,64,4,HITO 7,7/22/2025,8/28/2025,8/12/2025,9/11/2025,1038,,,0,0,0,,NOT_APPLY,0,NOT,NOT
A10003-300-AR-101903-U1BC2A-NC_02,0.94,AR-00000-01,2,1,HITO 2,6/8/2025,6/26/2025,6/29/2025,7/29/2025,1038,,,0,0,0,,,0,NOT,NOT
A10003-300-AR-101904-U1BC2A-NC_02,0.79,AR-00000-01,2,1,HITO 2,6/8/2025,6/26/2025,6/29/2025,7/29/2025,1038,,,0,0,0,,,0,NOT,NOT
A10003-40-AR-105583-U1BC2A-NC_01,0.89,AR-00000-05,52,7,HITO 8,6/8/2025,9/7/2025,6/29/2025,7/29/2025,1038,,,2,1,1,,,0,NOT,NOT
A10003-40-AR-105584-U1BC2A-NC_01,0.85,AR-00000-05,52,7,HITO 8,6/8/2025,9/7/2025,6/29/2025,7/29/2025,1038,,,0,0,0,,,0,NOT,NOT
A10003-25-ARI-101987-U4AC2A-NC_01,1,ARI-00000-01,4,1,HITO 1,5/31/2025,,6/21/2025,7/21/2025,1039,,,0,0,0,,NOT_APPLY,0,NOT,NOT
A10003-25-C6-105555-U1CD2B-PP_01,0.5,EFL-10003-05,101,3,HITO 5,7/15/2025,7/27/2025,8/5/2025,9/4/2025,1040,,,0,0,0,,,0,NOT,NOT
A10003-80-V6-105554-U1CD2B-CC_01,0.89,EFL-10003-06,64,4,HITO 7,7/22/2025,8/28/2025,8/12/2025,9/11/2025,1040,,,0,0,0,,,0,NOT,NOT
A10003-100-V6-105355-U1CD2B-CC_01,0.86,RIPA-10003-05,62,7,HITO 8,6/28/2025,8/23/2025,7/19/2025,8/18/2025,1041,,,0,0,0,,,0,NOT,NOT
A10003-25-C6-105357-U1CD2B-PP_01,0.7,EFL-10003-05,101,3,HITO 5,7/15/2025,7/27/2025,8/5/2025,9/4/2025,1041,,,0,0,0,,,0,NOT,NOT
A10003-100-V6-105557-U1CD2B-CC_02,1,V6-00000-01,14,4,HITO 6,6/25/2025,7/26/2025,7/16/2025,8/15/2025,1042,,,0,0,0,,NOT_APPLY,0,NOT,NOT
A10004-25-ACL-108824-U4BC1B-CCTN_01,1,ACL-00000-01,17,2,HITO 3,6/12/2025,7/13/2025,7/3/2025,8/2/2025,1043,,,4,4,0,,4,4,YES,ETH-95215-08-TH
A10004-25-ACL-95215-U4BC1B-CCTN_01,1,ACL-00000-01,17,2,HITO 3,6/12/2025,7/13/2025,7/3/2025,8/2/2025,1043,,,0,0,0,,NOT_APPLY,0,YES,ETH-95215-08-TH
A10001-20-ARC-91272-U1BC2A-NC_01,1,ARC-PR19-01,5,2,HITO 1,6/11/2025,,7/2/2025,8/1/2025,1045,,,0,0,0,,NOT_APPLY,0,NOT,NOT
A10004-20-ACL-952505-U4BC1B-CCTN_01,1,ACL-00000-01,17,2,HITO 3,6/12/2025,7/13/2025,7/3/2025,8/2/2025,1045,,,0,0,0,,NOT_APPLY,0,YES,ETH-95215-08-TH
A10004-20-ARC-91272-U1BC2A-NC_01,1,ARC-PR19-01,5,2,HITO 1,6/11/2025,,7/2/2025,8/1/2025,1045,,,0,0,0,,NOT_APPLY,0,NOT,NOT
PR19-50-ARC-91272-U1BC2A-NC_01,1,ARC-PR19-01,5,2,HITO 1,6/11/2025,,7/2/2025,8/1/2025,1045|1087,,,3,1,2,,1,1,NOT,NOT
A10004-20-ARC-910067-U1BC2A-NC_01,1,ARC-00000-01,6,2,HITO 1,6/11/2025,,7/2/2025,8/1/2025,1046,,,0,0,0,,NOT_APPLY,0,NOT,NOT
A10004-25-ARC-15584-U1BC2A-NC_01,1,ARC-00000-01,6,2,HITO 1,6/11/2025,,7/2/2025,8/1/2025,1047|125,,,3,3,0,,3,3,NOT,NOT
A10004-25-ARI-101988-U4AC2A-NC_01,1,ARI-00000-01,4,1,HITO 1,5/31/2025,,6/21/2025,7/21/2025,1048,,,0,0,0,,NOT_APPLY,0,NOT,NOT
A10004-25-ARI-101989-U4AC2A-NC_01,0.7,ARI-00000-01,4,1,HITO 1,5/31/2025,,6/21/2025,7/21/2025,1049,,,0,0,0,,,0,NOT,NOT
A10004-20-AT-94478-U4AC2A-CCTN_01,1,AT-00000-01,8,1,HITO 3,5/30/2025,6/28/2025,6/20/2025,7/20/2025,1050,,,0,0,0,,NOT_APPLY,0,YES,EHT-94479-TH
A10004-50-AT-94492-U4AC2A-CCTN_01,0.96,AT-PR19-01,7,1,HITO 3,5/30/2025,6/28/2025,6/20/2025,7/20/2025,1051,,,0,0,0,,,0,YES,EHT-94479-TH
A10004-32-AP-933234-U4AC2A-CCTN_01,0.8,AP-00000-01,10,4,HITO 5,6/28/2025,7/29/2025,7/19/2025,8/18/2025,1052,,,0,0,0,,,0,YES,ETH-100171-TH
PR01-50-C6-95621-U1CD2B-CC_01,0.97,C6-10001-02,Apr-25,1,HITO 3,6/26/2025,7/13/2025,7/17/2025,8/16/2025,1053,,,0,0,0,,,0,YES,EHT-95621-04-TH
PR02-50-C6-95621-U1CD2B-CC_01,0.7,C6-10001-02,Apr-25,1,HITO 3,6/26/2025,7/13/2025,7/17/2025,8/16/2025,1053|ANULADA,,,0,0,0,,,0,YES,EHT-95621-06-TH
PR11-50-C6-95621-U1CD2B-CC_01,1,C6-10001-02,Apr-25,1,HITO 3,6/26/2025,7/13/2025,7/17/2025,8/16/2025,1053,,,0,0,0,,NOT_APPLY,0,YES,EHT-95621-02-TH
PR12-50-C6-95621-U1CD2B-CC_01,0.95,C6-10001-02,Apr-25,1,HITO 3,6/26/2025,7/13/2025,7/17/2025,8/16/2025,1053,,,0,0,0,,,0,YES,EHT-95621-03-TH
PR20-50-C6-95621-U1CD2B-CC_01,0.87,C6-10001-02,Apr-25,1,HITO 3,6/26/2025,7/13/2025,7/17/2025,8/16/2025,1053,,,0,0,0,,,0,YES,EHT-95621-05-TH
PR01-150-HMBI-16541-U4BC1B-CCTN_01,0.96,HMBI-PR11-01,42,3,HITO 5,6/18/2025,7/24/2025,7/9/2025,8/8/2025,1054,,,0,0,0,,,0,YES,EHT-16541-03-TH
PR11-150-HMBI-16541-U4BC1B-CCTN_01,1,HMBI-PR11-01,42,3,HITO 5,6/18/2025,7/24/2025,7/9/2025,8/8/2025,1054,,,0,0,0,,NOT_APPLY,0,YES,EHT-16541-01-TH
PR12-150-HMBI-16541-U4BC1B-CCTN_01,0.94,HMBI-PR11-01,42,3,HITO 5,6/18/2025,7/24/2025,7/9/2025,8/8/2025,1054,,,0,0,0,,,0,YES,EHT-16541-02-TH
PR18-150-HMBI-16541-U4BC1B-CCTN_01,0.91,HMBI-PR11-01,42,3,HITO 5,6/18/2025,7/24/2025,7/9/2025,8/8/2025,1054,,,0,0,0,,,0,YES,EHT-16541-01-TH
PR19-150-HMBI-16541-U4BC1B-CCTN_01,0.99,HMBI-PR11-01,42,3,HITO 5,6/18/2025,7/24/2025,7/9/2025,8/8/2025,1054,,,0,0,0,,,0,YES,EHT-16541-01-TH
PR20-150-HMBI-16541-U4BC1B-CCTN_01,0.85,HMBI-PR11-01,42,3,HITO 5,6/18/2025,7/24/2025,7/9/2025,8/8/2025,1054,,,0,0,0,,,0,YES,EHT-16541-04-TH
PR19-150-HMBI-106121-U4BC1B-CCTN_01,0.99,HMBI-10005-01,43,4,HITO 7,7/11/2025,8/10/2025,8/1/2025,8/31/2025,1055,,,0,0,0,,,0,YES,EHT-106121-TH
A1900-150-HMBI-16541-U4BC1B-CCTN_01,1,HMBI-PR11-01,42,3,HITO 5,6/18/2025,7/24/2025,7/9/2025,8/8/2025,1056,,,4,3,1,,3,3,YES,EHT-16541-06-TH
A2001-15-ARC-83542-U1BC2A-NC_01,1,ARC-A8001-02,Apr-25,2,HITO 1,6/11/2025,,7/2/2025,8/1/2025,1057,,,1,1,0,,1,1,NOT,NOT
PR20-15-ARC-83542-U1BC2A-NC_01,1,ARC-A8001-02,Apr-25,2,HITO 1,6/11/2025,,7/2/2025,8/1/2025,1057,,,0,0,0,,NOT_APPLY,0,NOT,NOT
A2001-20-AR-28117-U1BC2A-NC_01,1,EFL-A2001-01,Apr-25,1,HITO 2,6/11/2025,,7/2/2025,8/1/2025,1058,,,0,0,0,,NOT_APPLY,0,NOT,NOT
A6001-15-ARC-66534-U1BC2A-NC_01,1,ARC-A6001-01,1,2,HITO 1,6/11/2025,,7/2/2025,8/1/2025,1059,,,1,1,0,,1,1,NOT,NOT
A6001-15-ARC-66598-U1BC2A-NC_01,1,ARC-A6001-01,1,2,HITO 1,6/11/2025,,7/2/2025,8/1/2025,1059,,,1,1,0,,1,1,NOT,NOT
A6001-20-AR-66529-U1BC2A-NC_01,1,AR-A6001-01,1,1,HITO 2,6/8/2025,6/29/2025,6/29/2025,7/29/2025,1060,,,0,0,0,,NOT_APPLY,0,NOT,NOT
A6001-20-AR-66532-U1BC2A-NC_01,1,AR-A6001-01,1,1,HITO 2,6/8/2025,6/29/2025,6/29/2025,7/29/2025,1060,,,0,0,0,,NOT_APPLY,0,NOT,NOT
A6001-20-AR-66533-U1BC2A-NC_01,1,AR-A6001-01,1,1,HITO 2,6/8/2025,6/29/2025,6/29/2025,7/29/2025,1060,,,0,0,0,,NOT_APPLY,0,NOT,NOT
A6001-20-AR-66599-U1BC2A-NC_01,1,AR-A6001-01,1,1,HITO 2,6/8/2025,6/29/2025,6/29/2025,7/29/2025,1060,,,0,0,0,,NOT_APPLY,0,NOT,NOT
A6001-25-ACL-66526-U4BC1B-CCTN_01,0.7,ACL-A6001-01,TBD,3,HITO 3,6/13/2025,7/14/2025,7/4/2025,8/3/2025,1061,,,0,0,0,,,0,YES,ETH-66526-TH
A8001-20-ARC-83599-U1BC2A-NC_01,1,ARC-A8001-01,Apr-25,2,HITO 1,6/11/2025,,7/2/2025,8/1/2025,1062,,,0,0,0,,NOT_APPLY,0,NOT,NOT
A8004-20-ARC-83596-U1BC2A-NC_01,0.8,ARC-A8004-01,Apr-25,2,HITO 1,6/11/2025,,7/2/2025,8/1/2025,1063,,,0,0,0,,,0,NOT,NOT
A10005-150-HMBI-106101-U4BC1B-CC_01,0.9,HMBI-10005-01,43,4,HITO 7,7/11/2025,8/10/2025,8/1/2025,8/31/2025,1064,,,1,0,1,,,0,NOT,NOT
A10005-150-HMBI-106501-U4BC1B-CC_01,0.92,HMBI-10005-03,39,2,HITO 5,6/18/2025,7/24/2025,7/9/2025,8/8/2025,1065,,,1,0,1,,,0,NOT,NOT
A10005-150-HMBI-106504-U4BC1B-CC_01,1,HMBI-10005-03,39,2,HITO 5,6/18/2025,7/24/2025,7/9/2025,8/8/2025,1065,,,1,0,1,,NOT_APPLY,0,NOT,NOT
A10005-150-HMBI-16541-U4BC1B-CCTN_01,0.97,HMBI-PR11-01,42,3,HITO 5,6/18/2025,7/24/2025,7/9/2025,8/8/2025,1066,,,5,4,1,,,0,YES,EHT-16541-07-TH
A10005-150-HMBI-16551-U4BC1B-CC_01,1,HMBI-10005-03,39,2,HITO 5,6/18/2025,7/24/2025,7/9/2025,8/8/2025,1066,,,1,0,1,,NOT_APPLY,0,NOT,NOT
A10005-20-HMBI-16543-U4BC1B-CCTN_01,1,HMBI-PR11-01,42,3,HITO 5,6/18/2025,7/24/2025,7/9/2025,8/8/2025,1066,,,1,1,0,,1,1,YES,EHT-16543-TH
A10005-80-HMBI-16542-U4BC1B-CC_01,0.9,HMBI-10005-03,39,2,HITO 5,6/18/2025,7/24/2025,7/9/2025,8/8/2025,1066,,,1,1,0,,,0,NOT,NOT
A10005-150-HMBI-106502-U4BC1B-CC_01,0.97,HMBI-10005-03,39,2,HITO 5,6/18/2025,7/24/2025,7/9/2025,8/8/2025,1067,,,1,0,1,,,0,NOT,NOT
A10005-150-HMBI-106503-U4BC1B-CC_01,1,HMBI-10005-03,39,2,HITO 5,6/18/2025,7/24/2025,7/9/2025,8/8/2025,1067,,,1,0,1,,NOT_APPLY,0,NOT,NOT
A10005-25-HMBI-16544-U4BC1B-CC_01,0.4,HMBI-10005-03,39,2,HITO 5,6/18/2025,7/24/2025,7/9/2025,8/8/2025,1067,,,0,0,0,,,0,NOT,NOT
A10005-100-HMBI-106124-U4BC1B-CCTN_01,0.9,HMBI-10005-01,43,4,HITO 7,7/11/2025,8/10/2025,8/1/2025,8/31/2025,1068,,,2,0,2,,,0,YES,EHT-106124-TH
A10005-150-HMBI-106121-U4BC1B-CCTN_01,0.99,HMBI-10005-01,43,4,HITO 7,7/11/2025,8/10/2025,8/1/2025,8/31/2025,1068,,,5,2,3,,,0,YES,EHT-106121-TH
A10005-150-HMBI-106121-U4BC1B-CCTN_02,1,HMBI-10005-01,43,4,HITO 7,7/11/2025,8/10/2025,8/1/2025,8/31/2025,1068,,,0,0,0,,NOT_APPLY,0,NOT,NOT
A10005-150-HMBI-106123-U4BC1B-CCTN_01,1,HMBI-10005-01,43,4,HITO 7,7/11/2025,8/10/2025,8/1/2025,8/31/2025,1068,,,5,2,3,,2,2,YES,EHT-106123-TH
A10005-40-HMBI-106122-U4BC1B-CCTN_01,0.7,HMBI-10001-02,90,4,HITO 7,7/11/2025,8/10/2025,8/1/2025,8/31/2025,1068,,,2,0,2,,,0,YES,EHT-106122-TH
A10005-80-HMBI-106126-U4BC1B-CC_01,1,HMBI-10005-01,43,4,HITO 7,7/11/2025,8/10/2025,8/1/2025,8/31/2025,1068,,,2,1,1,,1,1,NOT,NOT
A10005-150-HMBI-16521-U4BC1B-CCTN_01,0.97,HMBI-10005-03,39,2,HITO 5,6/18/2025,7/24/2025,7/9/2025,8/8/2025,1069,,,6,5,1,,,0,YES,EHT-16521-TH
A10005-150-HMBI-16521-U4BC1B-CCTN_02,0.93,HMBI-10005-03,39,2,HITO 5,6/18/2025,7/24/2025,7/9/2025,8/8/2025,1069,,,1,0,1,,,0,YES,EHT-16521-TH
A10005-150-HMBI-16531-U4BC1B-CC_01,0.78,HMBI-10005-03,39,2,HITO 5,6/18/2025,7/24/2025,7/9/2025,8/8/2025,1069,,,1,0,1,,,0,NOT,NOT
A10005-80-HMBI-16523-U4BC1B-CC_01,0.85,HMBI-10005-03,39,2,HITO 5,6/18/2025,7/24/2025,7/9/2025,8/8/2025,1069,,,2,1,1,,,0,NOT,NOT
A10005-80-HMBI-16522-U4BC1B-CC_01,0.89,HMBI-10005-03,39,2,HITO 5,6/18/2025,7/24/2025,7/9/2025,8/8/2025,1070,,,1,1,0,,,0,NOT,NOT
A10005-80-HMBI-106151-U4BC1B-CC_01,0.89,HMBI-10005-01,43,4,HITO 7,7/11/2025,8/10/2025,8/1/2025,8/31/2025,1071,,,1,1,0,,,0,NOT,NOT
A10005-100-HMBI-104621-U4BC1B-CC_01,0.7,HMBI-10001-01,47,6,HITO 6,7/19/2025,,8/9/2025,9/8/2025,1072,,,0,0,0,,,0,YES,EHT-104621-TH
PR19-100-HMBI-104621-U4BC1B-CC_01,1,HMBI-10001-01,47,6,HITO 6,7/19/2025,,8/9/2025,9/8/2025,1072,,,0,0,0,,NOT_APPLY,0,YES,EHT-104621-TH
A10005-100-HMBI-104623-U4BC1B-CCTN_01,0.9,HMBI-10005-01,43,4,HITO 7,7/11/2025,8/10/2025,8/1/2025,8/31/2025,1073,,,0,0,0,,,0,YES,EHT-104623-TH
PR19-100-HMBI-104623-U4BC1B-CCTN_01,0.76,HMBI-10005-01,43,4,HITO 7,7/11/2025,8/10/2025,8/1/2025,8/31/2025,1073,,,0,0,0,,,0,YES,EHT-104623-TH
A10005-50-HMBI-16561-U4BC1B-NC_01,0.8,HMBI-10005-03,39,2,HITO 5,6/18/2025,7/24/2025,7/9/2025,8/8/2025,1074,,,4,3,1,,,0,NOT,NOT
A10005-50-HMBI-16561-U4BC1B-NC_02,0.84,HMBI-10005-03,39,2,HITO 5,6/18/2025,7/24/2025,7/9/2025,8/8/2025,1074,,,0,0,0,,,0,NOT,NOT
PR19-50-HMBI-16561-U4BC1B-NC_01,1,HMBI-10005-03,39,2,HITO 5,6/18/2025,7/24/2025,7/9/2025,8/8/2025,1074,,,0,0,0,,NOT_APPLY,0,NOT,NOT
A10005-50-HMBI-108551-U4BC1B-PP_02,0.77,HMBI-10005-02,45,4,HITO 5,7/7/2025,7/24/2025,7/28/2025,8/27/2025,1075,,,0,0,0,,,0,NOT,NOT
PR19-50-HMBI-108551-U4BC1B-PP_01,0.7,HMBI-10005-02,45,4,HITO 5,7/7/2025,7/24/2025,7/28/2025,8/27/2025,1075,,,0,0,0,,,0,NOT,NOT
A10005-25-HMBI-108555-U4BC1B-NC_01,1,NI-10005-01,44,3,HITO 2,6/29/2025,,7/20/2025,8/19/2025,1076,,,0,0,0,,NOT_APPLY,0,NOT,NOT
A10005-25-HMBI-108556-U4BC1B-NC_01,1,NI-10005-01,44,3,HITO 2,6/29/2025,,7/20/2025,8/19/2025,1076,,,0,0,0,,NOT_APPLY,0,NOT,NOT
A10005-25-HMBI-108559-U4BC1B-NC_01,1,HMBI-10005-02,45,4,HITO 5,7/7/2025,7/24/2025,7/28/2025,8/27/2025,1076,,,0,0,0,,NOT_APPLY,0,NOT,NOT
A10005-25-HMBI-108595-U4BC1B-NC_01,1,HMBI-10005-02,45,4,HITO 5,7/7/2025,7/24/2025,7/28/2025,8/27/2025,1076,,,0,0,0,,NOT_APPLY,0,NOT,NOT
A10005-25-HMBI-16563-U4BC1B-NC_01,1,HMBI-10005-04,48,3,HITO 5,7/22/2025,,8/12/2025,9/11/2025,1076,,,0,0,0,,NOT_APPLY,0,NOT,NOT
A10005-25-HMBI-16564-U4BC1B-NC_01,1,HMBI-10005-04,48,3,HITO 5,7/22/2025,,8/12/2025,9/11/2025,1076,,,0,0,0,,NOT_APPLY,0,NOT,NOT
A10005-20-ACL-952507-U4BC1B-CCTN_01,0.7,ACL-00000-01,17,2,HITO 3,6/12/2025,7/13/2025,7/3/2025,8/2/2025,1077,,,0,0,0,,,0,YES,ETH-95215-07-TH
A10005-25-ACL-106127-U4BC1B-CCTN_01,0.7,ACL-10005-01,40,2,HITO 3,6/13/2025,7/14/2025,7/4/2025,8/3/2025,1078,,,0,0,0,,,0,YES,ETH-95215-03-TH
A10005-25-ACL-106198-U4BC1B-CCTN_01,0.7,ACL-10005-01,40,2,HITO 3,6/13/2025,7/14/2025,7/4/2025,8/3/2025,1078,,,0,0,0,,,0,YES,ETH-95215-03-TH
A10005-25-ACL-108526-U4BC1B-CCTN_01,0.7,ACL-10005-01,40,2,HITO 3,6/13/2025,7/14/2025,7/4/2025,8/3/2025,1078,,,0,0,0,,,0,YES,ETH-95215-03-TH
A10005-25-ACL-108529-U4BC1B-CCTN_01,0.7,ACL-10005-01,40,2,HITO 3,6/13/2025,7/14/2025,7/4/2025,8/3/2025,1078,,,0,0,0,,,0,YES,ETH-95215-03-TH
A10005-25-ACL-16527-U4BC1B-CCTN_01,0.7,ACL-10005-01,40,2,HITO 3,6/13/2025,7/14/2025,7/4/2025,8/3/2025,1078,,,0,0,0,,,0,YES,ETH-95215-03-TH
A10005-25-ACL-16594-U4BC1B-CCTN_01,0.7,ACL-10005-01,40,2,HITO 3,6/13/2025,7/14/2025,7/4/2025,8/3/2025,1078,,,0,0,0,,,0,YES,ETH-95215-03-TH
A10005-25-ACL-95215-U4BC1B-CCTN_01,0.98,ACL-PR18-01,16,4,HITO 3,6/13/2025,7/14/2025,7/4/2025,8/3/2025,1078,,,0,0,0,,,0,YES,ETH-95215-02-TH
A10005-20-ACL-952506-U4BC1B-CCTN_01,0.7,ACL-00000-01,17,2,HITO 3,6/12/2025,7/13/2025,7/3/2025,8/2/2025,1079,,,0,0,0,,,0,YES,ETH-95215-04-TH
A10005-25-ACL-16548-U4BC1B-CCTN_01,0.5,ACL-00000-01,17,2,HITO 3,6/12/2025,7/13/2025,7/3/2025,8/2/2025,1079,,,0,0,0,,,0,YES,ETH-95215-04-TH
A10005-25-ACL-16599-U4BC1B-CCTN_01,0.7,ACL-00000-01,17,2,HITO 3,6/12/2025,7/13/2025,7/3/2025,8/2/2025,1079,,,0,0,0,,,0,YES,ETH-95215-04-TH
A10005-25-ACL-95215-U4BC1B-CCTN_02,0.7,ACL-PR18-01,16,4,HITO 3,6/13/2025,7/14/2025,7/4/2025,8/3/2025,1079,,,0,0,0,,,0,YES,ETH-95215-04-TH
A10005-25-ARI-101991-U4AC2A-NC_01,0.7,ARI-00000-01,4,1,HITO 1,5/31/2025,,6/21/2025,7/21/2025,1080,,,0,0,0,,,0,NOT,NOT
A10005-25-ARI-101992-U4AC2A-NC_01,0.7,ARI-00000-01,4,1,HITO 1,5/31/2025,,6/21/2025,7/21/2025,1081,,,0,0,0,,,0,NOT,NOT
A10005-32-AP-100151-U4AC2A-CCTN_01,0.75,AP-00000-01,10,4,HITO 5,6/28/2025,7/29/2025,7/19/2025,8/18/2025,1082,,,0,0,0,,,0,YES,ETH-933231-TH
A10005-32-AP-100161-U4AC2A-CCTN_01,0.7,AP-00000-01,10,4,HITO 5,6/28/2025,7/29/2025,7/19/2025,8/18/2025,1083,,,0,0,0,,,0,YES,ETH-100171-TH
A10005-32-AP-100171-U4AC2A-CCTN_01,0.7,AP-00000-01,10,4,HITO 5,6/28/2025,7/29/2025,7/19/2025,8/18/2025,1084,,,0,0,0,,,0,YES,ETH-100171-TH
A10005-20-AT-94473-U4AC2A-CCTN_01,1,AT-00000-01,8,1,HITO 3,5/30/2025,6/28/2025,6/20/2025,7/20/2025,1085,,,0,0,0,,NOT_APPLY,0,YES,ETH-94492-TH
A10005-20-AT-94479-U4AC2A-CCTN_01,1,AT-00000-01,8,1,HITO 3,5/30/2025,6/28/2025,6/20/2025,7/20/2025,1086,,,0,0,0,,NOT_APPLY,0,YES,EHT-94479-TH
A10005-15-ARC-106195-U1BC2A-NC_01,1,ARC-10005-01,41,2,HITO 1,6/11/2025,,7/2/2025,8/1/2025,1087,,,1,1,0,,1,1,NOT,NOT
A10005-15-ARC-108596-U1BC2A-NC_01,1,ARC-10005-01,41,2,HITO 1,6/11/2025,,7/2/2025,8/1/2025,1087,,,1,1,0,,1,1,NOT,NOT
A10005-15-ARC-16534-U1BC2A-NC_01,1,ARC-10005-01,41,2,HITO 1,6/11/2025,,7/2/2025,8/1/2025,1087,,,1,1,0,,1,1,NOT,NOT
A10005-15-ARC-16595-U1BC2A-NC_01,1,ARC-10005-01,41,2,HITO 1,6/11/2025,,7/2/2025,8/1/2025,1087,,,1,1,0,,1,1,NOT,NOT
A10005-20-ARC-910066-U1BC2A-NC_01,1,ARC-10005-01,41,2,HITO 1,6/11/2025,,7/2/2025,8/1/2025,1087,,,0,0,0,,NOT_APPLY,0,NOT,NOT
A10005-20-ARC-91272-U1BC2A-NC_01,1,ARC-PR19-01,5,2,HITO 1,6/11/2025,,7/2/2025,8/1/2025,1087,,,0,0,0,,NOT_APPLY,0,NOT,NOT
A10005-15-ARC-16554-U1BC2A-NC_01,1,ARC-00000-01,6,2,HITO 1,6/11/2025,,7/2/2025,8/1/2025,1088,,,1,1,0,,1,1,NOT,NOT
A10005-15-ARC-16598-U1BC2A-NC_01,1,ARC-00000-01,6,2,HITO 1,6/11/2025,,7/2/2025,8/1/2025,1088,,,1,1,0,,1,1,NOT,NOT
A10005-20-ARC-910064-U1BC2A-NC_01,0.7,ARC-00000-01,6,2,HITO 1,6/11/2025,,7/2/2025,8/1/2025,1089,,,0,0,0,,,0,NOT,NOT
A10005-25-ARC-108863-U1BC2A-NC_01,0.7,ARC-00000-01,6,2,HITO 1,6/11/2025,,7/2/2025,8/1/2025,1090|158,,,3,3,0,,,0,NOT,NOT
A10005-100-AR-109802-U1BC2A-NC_01,0.9,AGL-10005-01,86,5,HITO 6,6/26/2025,8/6/2025,7/17/2025,8/16/2025,1091,,,4,3,1,,,0,NOT,NOT
A10005-100-AR-109803-U1BC2A-NC_01,1,AR-00000-01,2,1,HITO 2,6/8/2025,6/26/2025,6/29/2025,7/29/2025,1091,,,0,0,0,,NOT_APPLY,0,NOT,NOT
A10005-20-AR-108527-U1BC2A-PP_01,0.9,HMBH-10005-01,46,3,HITO 7,7/1/2025,8/18/2025,7/22/2025,8/21/2025,1092,,,0,0,0,,,0,NOT,NOT
A10005-20-AR-108528-U1BC2A-PP_01,0.7,AR-00000-04,51,5,HITO 5,6/8/2025,7/9/2025,6/29/2025,7/29/2025,1092,,,0,0,0,,,0,NOT,NOT
A10005-25-AR-16528-U1BC2A-NC_01,0.7,AR-00000-04,51,5,HITO 5,6/8/2025,7/9/2025,6/29/2025,7/29/2025,1093,,,0,0,0,,,0,NOT,NOT
A10005-25-AR-16529-U1BC2A-NC_01,0.7,AR-00000-04,51,5,HITO 5,6/8/2025,7/9/2025,6/29/2025,7/29/2025,1093,,,0,0,0,,,0,NOT,NOT
A10005-25-AR-16532-U1BC2A-NC_01,0.7,AR-00000-04,51,5,HITO 5,6/8/2025,7/9/2025,6/29/2025,7/29/2025,1094,,,0,0,0,,,0,NOT,NOT
A10005-25-AR-16533-U1BC2A-NC_01,0.7,AR-00000-04,51,5,HITO 5,6/8/2025,7/9/2025,6/29/2025,7/29/2025,1094,,,0,0,0,,,0,NOT,NOT
A10005-25-AR-16552-U1BC2A-NC_01,0.7,AR-00000-04,51,5,HITO 5,6/8/2025,7/9/2025,6/29/2025,7/29/2025,1095,,,0,0,0,,,0,NOT,NOT
A10005-25-AR-16553-U1BC2A-NC_01,0.7,AR-00000-01,2,1,HITO 2,6/8/2025,6/26/2025,6/29/2025,7/29/2025,1095,,,0,0,0,,,0,NOT,NOT
A10005-25-AR-16596-U1BC2A-NC_01,0.7,AR-00000-04,51,5,HITO 5,6/8/2025,7/9/2025,6/29/2025,7/29/2025,1096,,,0,0,0,,,0,NOT,NOT
A10005-25-AR-16597-U1BC2A-NC_01,0.7,AR-00000-01,2,1,HITO 2,6/8/2025,6/26/2025,6/29/2025,7/29/2025,1096,,,0,0,0,,,0,NOT,NOT
A10005-25-AR-106196-U1BC2A-NC_01,0.85,AR-00000-04,51,5,HITO 5,6/8/2025,7/9/2025,6/29/2025,7/29/2025,1097,,,0,0,0,,,0,NOT,NOT
A10005-25-AR-106197-U1BC2A-NC_01,1,AR-00000-04,51,5,HITO 5,6/8/2025,7/9/2025,6/29/2025,7/29/2025,1097,,,0,0,0,,NOT_APPLY,0,NOT,NOT
A10005-25-AR-108597-U1BC2A-NC_01,1,HMBH-10005-01,46,3,HITO 7,7/1/2025,8/18/2025,7/22/2025,8/21/2025,1098,,,0,0,0,,NOT_APPLY,0,NOT,NOT
A10005-25-AR-108598-U1BC2A-NC_01,1,AR-00000-04,51,5,HITO 5,6/8/2025,7/9/2025,6/29/2025,7/29/2025,1098,,,0,0,0,,NOT_APPLY,0,NOT,NOT
PR18-25-ACL-95215-U4BC1B-CCTN_01,0.3,ACL-PR18-01,16,4,HITO 3,6/13/2025,7/14/2025,7/4/2025,8/3/2025,1099,,,0,0,0,,,0,YES,ETH-95215-06-TH
PR19-25-ACL-95215-U4BC1B-CCTN_01,1,ACL-PR18-01,16,4,HITO 3,6/13/2025,7/14/2025,7/4/2025,8/3/2025,1099,,,1,1,0,,1,1,YES,ETH-95215-06-TH
PR19-32-AP-933233-U4AC2A-CCTN_01,0.98,AP-00000-01,10,4,HITO 5,6/28/2025,7/29/2025,7/19/2025,8/18/2025,1100,,,0,0,0,,,0,YES,ETH-100171-TH
PR19-50-AP-933231-U4AC2A-CCTN_01,1,AP-PR19-01,9,2,HITO 4,6/21/2025,7/16/2025,7/12/2025,8/11/2025,1100,,,2,1,1,,1,1,YES,ETH-933231-TH
PR19-50-AP-933232-U4AC2A-CCTN_01,0.97,AP-00000-01,10,4,HITO 5,6/28/2025,7/29/2025,7/19/2025,8/18/2025,1100,,,0,0,0,,,0,YES,ETH-933231-TH
PR19-40-HMBI-106122-U4BC1B-CCTN_01,0.84,HMBI-10001-02,90,4,HITO 7,7/11/2025,8/10/2025,8/1/2025,8/31/2025,1101,,,0,0,0,,,0,YES,EHT-106122-TH
PR19-50-ARI-91631-U4AC2A-NC_01,1,ARI-PR19-01,3,1,HITO 1,5/31/2025,,6/21/2025,7/21/2025,1102,,,3,1,2,,1,1,NOT,NOT
A10001-50-ARI-91631-U4AC2A-NC_01,0.7,ARI-00000-01,4,1,HITO 1,5/31/2025,,6/21/2025,7/21/2025,1103,,,0,0,0,,,0,NOT,NOT
PR19-50-AT-94492-U4AC2A-CCTN_01,0.95,AT-PR19-01,7,1,HITO 3,5/30/2025,6/28/2025,6/20/2025,7/20/2025,1104,,,2,1,1,,,0,YES,ETH-94492-TH
PR19-100-HMBI-106124-U4BC1B-CCTN_01,1,HMBI-10005-01,43,4,HITO 7,7/11/2025,8/10/2025,8/1/2025,8/31/2025,1105,,,0,0,0,,NOT_APPLY,0,YES,EHT-106124-TH
PR10-300-AR-101903-U1BC2A-NC_01,1,AR-00000-01,2,1,HITO 2,6/8/2025,6/26/2025,6/29/2025,7/29/2025,1106,,,0,0,0,,NOT_APPLY,0,NOT,NOT
PR10-300-AR-101904-U1BC2A-NC_01,1,AR-00000-01,2,1,HITO 2,6/8/2025,6/26/2025,6/29/2025,7/29/2025,1107,,,0,0,0,,NOT_APPLY,0,NOT,NOT
PR19-300-AR-101903-U1BC2A-NC_02,1,AR-00000-01,2,1,HITO 2,6/8/2025,6/26/2025,6/29/2025,7/29/2025,1108,,,0,0,0,,NOT_APPLY,0,NOT,NOT
PR19-300-AR-101904-U1BC2A-NC_02,1,AR-00000-01,2,1,HITO 2,6/8/2025,6/26/2025,6/29/2025,7/29/2025,1108,,,0,0,0,,NOT_APPLY,0,NOT,NOT
PR11-300-AR-101903-U1BC2A-NC_01,0.7,AR-00000-01,2,1,HITO 2,6/8/2025,6/26/2025,6/29/2025,7/29/2025,1109,,,0,0,0,,,0,NOT,NOT
PR11-300-AR-101904-U1BC2A-NC_01,0.7,AR-00000-01,2,1,HITO 2,6/8/2025,6/26/2025,6/29/2025,7/29/2025,1109,,,0,0,0,,,0,NOT,NOT
PR18-300-AR-101903-U1BC2A-NC_01,1,AR-00000-01,2,1,HITO 2,6/8/2025,6/26/2025,6/29/2025,7/29/2025,1109,,,4,1,3,,1,1,NOT,NOT
PR18-300-AR-101904-U1BC2A-NC_01,1,AR-00000-01,2,1,HITO 2,6/8/2025,6/26/2025,6/29/2025,7/29/2025,1109,,,2,0,2,,NOT_APPLY,0,NOT,NOT
PR18-300-AR-101905-U1BC2A-NC_01,1,AR-PR11-01,1,1,HITO 2,6/8/2025,6/29/2025,6/29/2025,7/29/2025,1109,,,1,1,0,,1,1,NOT,NOT
PR19-300-AR-101903-U1BC2A-NC_01,0.96,AR-00000-01,2,1,HITO 2,6/8/2025,6/26/2025,6/29/2025,7/29/2025,1109,,,0,0,0,,,0,NOT,NOT
PR19-300-AR-101904-U1BC2A-NC_01,0.96,AR-00000-01,2,1,HITO 2,6/8/2025,6/26/2025,6/29/2025,7/29/2025,1109,,,0,0,0,,,0,NOT,NOT
A10001-900-HMBI-104103-U4BC1B-CC_01,1,HMBI-10001-03,93,4,HITO 7,7/11/2025,8/10/2025,8/1/2025,8/31/2025,1110,,,2,0,2,,NOT_APPLY,0,NOT,NOT
A10001-40-EFL-108727-U4BC1B-NC_01,0.7,EFL-10001-05,26,6,HITO 6,7/22/2025,,8/12/2025,9/11/2025,2001|26,,,0,0,0,,,0,NOT,NOT
A10001-50-AGL-108206-U1BC2A-NC_01,0.4,AGL-10005-01,86,5,HITO 6,6/26/2025,8/6/2025,7/17/2025,8/16/2025,2002,,,0,0,0,,,0,NOT,NOT
A10001-50-CHMB-101354-U4BC1B-NC_01,0.86,EFL-10001-03,72,5,HITO 7,7/22/2025,8/28/2025,8/12/2025,9/11/2025,2003,,,0,0,0,,,0,NOT,NOT
A10001-50-EFL-103984-U4BC1B-NC_01,0.7,EFL-10001-03,72,5,HITO 7,7/22/2025,8/28/2025,8/12/2025,9/11/2025,2004,,,0,0,0,,,0,NOT,NOT
A10001-50-EFL-103985-U4BC1B-NC_01,1,EFL-10001-03,72,5,HITO 7,7/22/2025,8/28/2025,8/12/2025,9/11/2025,2004,,,0,0,0,,NOT_APPLY,0,NOT,NOT
A10001-50-EFL-103986-U4BC1B-NC_01,1,EFL-10001-03,72,5,HITO 7,7/22/2025,8/28/2025,8/12/2025,9/11/2025,2004,,,0,0,0,,NOT_APPLY,0,NOT,NOT
A10001-50-EFL-103987-U4BC1B-NC_01,1,EFL-10001-03,72,5,HITO 7,7/22/2025,8/28/2025,8/12/2025,9/11/2025,2004,,,0,0,0,,NOT_APPLY,0,NOT,NOT
A10001-50-EFL-103988-U4BC1B-NC_01,0.63,EFL-10001-03,72,5,HITO 7,7/22/2025,8/28/2025,8/12/2025,9/11/2025,2004,,,0,0,0,,,0,NOT,NOT
A10001-50-EFL-108704-U4BC1B-NC_01,0.7,EFL-10001-03,72,5,HITO 7,7/22/2025,8/28/2025,8/12/2025,9/11/2025,2004,,,0,0,0,,,0,NOT,NOT
A10001-80-EFL-103909-U4BC1B-PP_01,0.84,EFL-10001-03,72,5,HITO 7,7/22/2025,8/28/2025,8/12/2025,9/11/2025,2004|ANULADA,,,0,0,0,,,0,NOT,NOT
A10001-50-EFL-104245-U4BC1B-CC_01,1,EFL-10001-03,72,5,HITO 7,7/22/2025,8/28/2025,8/12/2025,9/11/2025,2005,,,0,0,0,,NOT_APPLY,0,NOT,NOT
A10001-50-EFL-108702-U4BC1B-NC_01,0.55,EFL-10001-03,72,5,HITO 7,7/22/2025,8/28/2025,8/12/2025,9/11/2025,2006,,,0,0,0,,,0,NOT,NOT
A10001-50-EFL-108703-U4BC1B-NC_01,1,EFL-10001-03,72,5,HITO 7,7/22/2025,8/28/2025,8/12/2025,9/11/2025,2007,,,0,0,0,,NOT_APPLY,0,NOT,NOT
A10001-150-CIPA-102309-U4BC1B-PP_01,0.97,EFL-10001-03,72,5,HITO 7,7/22/2025,8/28/2025,8/12/2025,9/11/2025,2008,,,0,0,0,,,0,NOT,NOT
A10001-150-CIPA-103599-U4BC1B-NC_01,0.96,EFL-10001-03,72,5,HITO 7,7/22/2025,8/28/2025,8/12/2025,9/11/2025,2008,,,0,0,0,,,0,NOT,NOT
A10001-200-CIPA-102308-U4BC1B-NC_01,1,EFL-10001-03,72,5,HITO 7,7/22/2025,8/28/2025,8/12/2025,9/11/2025,2008,,,0,0,0,,NOT_APPLY,0,NOT,NOT
A10001-80-CIPA-103598-U4BC1B-NC_01,0.86,EFL-10001-03,72,5,HITO 7,7/22/2025,8/28/2025,8/12/2025,9/11/2025,2008,,,0,0,0,,,0,NOT,NOT
A10001-80-EFL-108724-U4BC1B-NC_01,0.91,EFL-10001-05,26,6,HITO 6,7/22/2025,,8/12/2025,9/11/2025,2009|26,,,1,0,1,,,0,NOT,NOT
A10001-100-AGL-108208-U1BC2A-NC_01,1,AGL-10005-01,86,5,HITO 6,6/26/2025,8/6/2025,7/17/2025,8/16/2025,2010,,,0,0,0,,NOT_APPLY,0,NOT,NOT
A10001-100-CHMB-101304-U4BC1B-NC_01,1,CHMB-10001-04,36,6,HITO 8,7/23/2025,9/10/2025,8/13/2025,9/12/2025,2011,,,0,0,0,,NOT_APPLY,0,NOT,NOT
A10001-100-EFL-108705-U4BC1B-NC_01,1,EFL-10001-05,26,6,HITO 6,7/22/2025,,8/12/2025,9/11/2025,2012,,,1,0,1,,NOT_APPLY,0,NOT,NOT
A10001-100-HMBH-104247-U4BC1B-NC_01,0.5,HMBI-10001-03,93,4,HITO 7,7/11/2025,8/10/2025,8/1/2025,8/31/2025,2013,,,0,0,0,,,0,NOT,NOT
A10001-100-HMBH-104252-U4BC1B-NC_01,0.98,HMBI-10001-03,93,4,HITO 7,7/11/2025,8/10/2025,8/1/2025,8/31/2025,2014|ANULADA,,,0,0,0,,,0,NOT,NOT
A10001-100-INC-103105-U4BC1B-NC_01,0.65,EFL-10001-03,72,5,HITO 7,7/22/2025,8/28/2025,8/12/2025,9/11/2025,2015,,,0,0,0,,,0,NOT,NOT
A10001-100-INC-103107-U4BC1B-NC_01,0.89,EFL-10001-03,72,5,HITO 7,7/22/2025,8/28/2025,8/12/2025,9/11/2025,2015,,,0,0,0,,,0,NOT,NOT
A10001-100-VE1-10323-U4BC1B-NC_01,0.45,HMBI-10001-04,89,4,HITO 7,7/11/2025,8/10/2025,8/1/2025,8/31/2025,2016,,,0,0,0,,,0,NOT,NOT
A10001-100-VE1-10326-U4BC1B-NC_01,0.4,HMBI-10001-04,89,4,HITO 7,7/11/2025,8/10/2025,8/1/2025,8/31/2025,2017,,,0,0,0,,,0,NOT,NOT
A10001-100-VE1-108699-U4BC1B-NC_01,1,EFL-10001-04,34,6,HITO 6,7/22/2025,,8/12/2025,9/11/2025,2018,,,0,0,0,,NOT_APPLY,0,NOT,NOT
A10001-200-VE1-108607-U4BC1B-NC_01,0.9,EFL-10001-04,34,6,HITO 6,7/22/2025,,8/12/2025,9/11/2025,2018,,,0,0,0,,,0,NOT,NOT
A10001-150-CIPA-102103-U4BC1B-NC_01,0.88,INC-10001-04,79,5,HITO 6,7/13/2025,,8/3/2025,9/2/2025,2019,,,0,0,0,,,0,NOT,NOT
A10001-150-CIPA-102203-U4BC1B-NC_01,1,HMBC-10001-01,80,7,HITO 8,7/16/2025,8/9/2025,8/6/2025,9/5/2025,2020,,,0,0,0,,NOT_APPLY,0,NOT,NOT
A10001-150-CIPA-108105-U4BC1B-NC_01,0.93,INC-10001-02,69,4,HITO 7,7/29/2025,8/26/2025,8/19/2025,9/18/2025,2021,,,0,0,0,,,0,NOT,NOT
A10001-150-HMBC-104505-U4BC1B-NC_01,1,HMBI-10001-01,47,6,HITO 6,7/19/2025,,8/9/2025,9/8/2025,2022,,,0,0,0,,NOT_APPLY,0,NOT,NOT
A10001-200-HMBC-104605-U4BC1B-NC_01,1,HMBI-10001-01,47,6,HITO 6,7/19/2025,,8/9/2025,9/8/2025,2023,,,0,0,0,,NOT_APPLY,0,NOT,NOT
A10001-200-IPAV-101107-U4BC1B-NC_01,0.88,EFL-10001-03,72,5,HITO 7,7/22/2025,8/28/2025,8/12/2025,9/11/2025,2024,,,0,0,0,,,0,NOT,NOT
A10001-200-IPAV-101205-U4BC1B-NC_01,0.84,EFL-10001-03,72,5,HITO 7,7/22/2025,8/28/2025,8/12/2025,9/11/2025,2024,,,0,0,0,,,0,NOT,NOT
A10001-250-IPAV-101106-U4BC1B-NC_01,1,EFL-10001-03,72,5,HITO 7,7/22/2025,8/28/2025,8/12/2025,9/11/2025,2024,,,0,0,0,,NOT_APPLY,0,NOT,NOT
A10001-250-IPAV-101207-U4BC1B-NC_01,0.81,EFL-10001-03,72,5,HITO 7,7/22/2025,8/28/2025,8/12/2025,9/11/2025,2024,,,0,0,0,,,0,NOT,NOT
A10001-300-HMBH-104204-U4BC1B-NC_01,1,HMBI-10001-03,93,4,HITO 7,7/11/2025,8/10/2025,8/1/2025,8/31/2025,2025,,,0,0,0,,NOT_APPLY,0,NOT,NOT
A10001-40-NI-103514-U1BD2A-NC_01,0.44,HMBN-10001-02,83,7,HITO 8,8/8/2025,9/1/2025,8/29/2025,9/28/2025,2026,,,0,0,0,,,0,NOT,NOT
A10001-100-NI-103994-U1BD2A-NC_01,1,HMBI-10001-02,90,4,HITO 7,7/11/2025,8/10/2025,8/1/2025,8/31/2025,2027,,,0,0,0,,NOT_APPLY,0,NOT,NOT
A10001-150-NI-101191-U1BD2A-NC_01,0.81,NI-00000-01,12,4,HITO 4,7/14/2025,,8/4/2025,9/3/2025,2028,,,0,0,0,,,0,NOT,NOT
A10001-100-V6-95606-U1CD2B-NC_01,1,C6-10001-02,Apr-25,1,HITO 3,6/26/2025,7/13/2025,7/17/2025,8/16/2025,2029,,,0,0,0,,NOT_APPLY,0,NOT,NOT
A10001-100-V6-95607-U1CD2B-NC_01,0.89,EFL-10001-03,72,5,HITO 7,7/22/2025,8/28/2025,8/12/2025,9/11/2025,2029,,,0,0,0,,,0,YES,EHT-95607-TH
A10001-150-V6-95603-U1CD2B-CC_01,0.94,EFL-10001-03,72,5,HITO 7,7/22/2025,8/28/2025,8/12/2025,9/11/2025,2030|2031|58,,,1,1,0,,,0,NOT,NOT
A10001-100-C6-95604-U1CD2B-CCTN_01,1,EFL-10001-03,72,5,HITO 7,7/22/2025,8/28/2025,8/12/2025,9/11/2025,2031,,,0,0,0,,NOT_APPLY,0,YES,EHT-95604-TH
A10001-20-EFL-108723-U4BC1B-NC_01,0.4,EFL-10001-05,26,6,HITO 6,7/22/2025,,8/12/2025,9/11/2025,2032,,,0,0,0,,,0,NOT,NOT
A10003-80-EFL-108961-U4BC1B-NC_01,0.93,EFL-10003-03,25,3,HITO 5,7/20/2025,,8/10/2025,9/9/2025,2033|72|78,,,1,0,1,,,0,NOT,NOT
A10003-100-EFL-108953-U4BC1B-NC_01,0.5,EFL-10003-03,25,3,HITO 5,7/20/2025,,8/10/2025,9/9/2025,2034,,,1,0,1,,,0,NOT,NOT
A10003-150-EFL-108907-U4BC1B-NC_01,0.94,EFL-10003-04,24,5,HITO 6,7/22/2025,,8/12/2025,9/11/2025,2035,,,0,0,0,,,0,NOT,NOT
A10003-150-RIPA-105407-U4BC1B-NC_01,1,EFL-10003-05,101,3,HITO 5,7/15/2025,7/27/2025,8/5/2025,9/4/2025,2036,,,0,0,0,,NOT_APPLY,0,NOT,NOT
A10003-150-RIPA-105408-U4BC1B-NC_01,0.92,EFL-10003-05,101,3,HITO 5,7/15/2025,7/27/2025,8/5/2025,9/4/2025,2036,,,0,0,0,,,0,NOT,NOT
A10003-50-EFL-108952-U4BC1B-NC_01,0.84,EFL-10003-05,101,3,HITO 5,7/15/2025,7/27/2025,8/5/2025,9/4/2025,2036,,,0,0,0,,,0,NOT,NOT
A10003-100-RIPA-105208-U4BC1B-NC_01,1,RIPA-10003-02,60,5,HITO 7,7/9/2025,8/25/2025,7/30/2025,8/29/2025,2037,,,0,0,0,,NOT_APPLY,0,NOT,NOT
A10003-150-RIPA-105505-U4BC1B-NC_01,0.9,EFL-10003-06,64,4,HITO 7,7/22/2025,8/28/2025,8/12/2025,9/11/2025,2038,,,0,0,0,,,0,NOT,NOT
A10003-150-RIPA-105607-U4BC1B-NC_01,0.87,RIPA-10003-03,61,6,HITO 6,6/28/2025,7/29/2025,7/19/2025,8/18/2025,2039,,,0,0,0,,,0,NOT,NOT
A10003-200-EFL-105553-U4BC1B-NC_01,0.94,EFL-10003-06,64,4,HITO 7,7/22/2025,8/28/2025,8/12/2025,9/11/2025,2040,,,0,0,0,,,0,NOT,NOT
A10003-300-RIPA-105318-U4BC1B-NC_01,1,RIPA-10003-05,62,7,HITO 8,6/28/2025,8/23/2025,7/19/2025,8/18/2025,2041,,,0,0,0,,NOT_APPLY,0,NOT,NOT
A10003-450-RIPA-105353-U4BC1B-NC_01,1,RIPA-10003-05,62,7,HITO 8,6/28/2025,8/23/2025,7/19/2025,8/18/2025,2042,,,0,0,0,,NOT_APPLY,0,NOT,NOT
A10003-25-RIPA-105319-U4BC1B-PP_01,0.4,EFL-10003-05,101,3,HITO 5,7/15/2025,7/27/2025,8/5/2025,9/4/2025,2043|99,,,0,0,0,,,0,NOT,NOT
A10003-40-EFL-108962-U4BC1B-NC_01,0.5,EFL-10003-03,25,3,HITO 5,7/20/2025,,8/10/2025,9/9/2025,2044|78,,,0,0,0,,,0,NOT,NOT
A10003-20-EFL-108966-U4BC1B-NC_01,0.26,EFL-10003-03,25,3,HITO 5,7/20/2025,,8/10/2025,9/9/2025,2044|78,,,0,0,0,,,0,NOT,NOT
A10003-50-EFL-108956-U4BC1B-NC_01,1,EFL-10003-05,101,3,HITO 5,7/15/2025,7/27/2025,8/5/2025,9/4/2025,1044,,,0,0,0,,NOT_APPLY,0,NOT,NOT
A10004-50-EFL-15582-U4BC1B-NC_01,1,EFL-10004-01,100,3,HITO 4,7/13/2025,,8/3/2025,9/2/2025,125|2046,,,0,0,0,,NOT_APPLY,0,NOT,NOT
A10004-25-SSAM-15546-U4BC1B-NC_01,1,NI-10004-01,19,2,HITO 2,6/29/2025,,7/20/2025,8/19/2025,126|2047,,,0,0,0,,NOT_APPLY,0,NOT,NOT
A10004-25-SSAM-15547-U4BC1B-NC_01,1,NI-10004-01,19,2,HITO 2,6/29/2025,,7/20/2025,8/19/2025,126|2047,,,0,0,0,,NOT_APPLY,0,NOT,NOT
A10004-100-EFL-15586-U4BC1B-NC_01,1,EFL-10004-01,100,3,HITO 4,7/13/2025,,8/3/2025,9/2/2025,2048,,,1,0,1,,NOT_APPLY,0,NOT,NOT
A10004-100-NI-15543-U1BD2A-NC_01,1,NI-10004-01,19,2,HITO 2,6/29/2025,,7/20/2025,8/19/2025,2049,,,0,0,0,,NOT_APPLY,0,NOT,NOT
A2001-100-VE1-83536-U4BC1B-NC_01,1,EFL-A2001-01,Apr-25,1,HITO 2,6/11/2025,,7/2/2025,8/1/2025,2050,,,0,0,0,,NOT_APPLY,0,NOT,NOT
A10005-25-VE1-10953-U4BC1B-NC_01,0.7,EFL-10001-03,72,5,HITO 7,7/22/2025,8/28/2025,8/12/2025,9/11/2025,2051,,,0,0,0,,,0,NOT,NOT
A10005-25-VE1-10954-U4BC1B-NC_01,0.9,EFL-10001-03,72,5,HITO 7,7/22/2025,8/28/2025,8/12/2025,9/11/2025,2051,,,0,0,0,,,0,NOT,NOT
A10005-32-VE1-10955-U4BC1B-NC_01,0.5,EFL-10001-03,72,5,HITO 7,7/22/2025,8/28/2025,8/12/2025,9/11/2025,2051,,,0,0,0,,,0,NOT,NOT
A10005-32-VE1-10956-U4BC1B-NC_01,0.88,EFL-10001-03,72,5,HITO 7,7/22/2025,8/28/2025,8/12/2025,9/11/2025,2051,,,0,0,0,,,0,NOT,NOT
A10005-32-VE1-10957-U4BC1B-NC_01,0.73,AGL-10005-01,86,5,HITO 6,6/26/2025,8/6/2025,7/17/2025,8/16/2025,2052,,,0,0,0,,,0,NOT,NOT
A10005-32-VE1-10958-U4BC1B-NC_01,0.61,AGL-10005-01,86,5,HITO 6,6/26/2025,8/6/2025,7/17/2025,8/16/2025,2052,,,0,0,0,,,0,NOT,NOT
A10005-32-VE1-10959-U4BC1B-NC_01,0.4,AGL-10005-01,86,5,HITO 6,6/26/2025,8/6/2025,7/17/2025,8/16/2025,2053,,,0,0,0,,,0,NOT,NOT
A10005-32-VE1-10999-U4BC1B-NC_01,0.67,AGL-10005-01,86,5,HITO 6,6/26/2025,8/6/2025,7/17/2025,8/16/2025,2053,,,0,0,0,,,0,NOT,NOT
A10005-80-VE1-106102-U4BC1B-NC_01,0.87,HMBI-10005-01,43,4,HITO 7,7/11/2025,8/10/2025,8/1/2025,8/31/2025,157|2054,,,5,4,1,,,0,NOT,NOT
A10005-80-VE1-108502-U4BC1B-PP_01,0.7,HMBH-10005-01,46,3,HITO 7,7/1/2025,8/18/2025,7/22/2025,8/21/2025,157|2055,,,5,4,1,,,0,NOT,NOT
A10005-100-VE1-16502-U4BC1B-NC_01,1,HMBI-10005-03,39,2,HITO 5,6/18/2025,7/24/2025,7/9/2025,8/8/2025,157|2056,,,5,4,1,,4,4,NOT,NOT
A10005-100-NI-108558-U1BD2A-NC_01,0.93,NI-10005-01,44,3,HITO 2,6/29/2025,,7/20/2025,8/19/2025,2057,,,0,0,0,,,0,NOT,NOT
A10005-100-EFL-108861-U4BC1B-PP_01,0.92,EFL-10005-01,26,5,HITO 6,7/22/2025,8/7/2025,8/12/2025,9/11/2025,158|2058|2059,,,0,0,0,,,0,NOT,NOT
A10001-100-EFL-108861-U4BC1B-PP_01,0.46,EFL-10005-01,26,5,HITO 6,7/22/2025,8/7/2025,8/12/2025,9/11/2025,2059,,,0,0,0,,,0,NOT,NOT
PR19-100-EFL-108861-U4BC1B-PP_01,0.99,EFL-10005-01,26,5,HITO 6,7/22/2025,8/7/2025,8/12/2025,9/11/2025,2059,,,0,0,0,,,0,NOT,NOT
A10005-100-EFL-108864-U4BC1B-NC_01,0.5,EFL-10005-01,26,5,HITO 6,7/22/2025,8/7/2025,8/12/2025,9/11/2025,2060,,,1,0,1,,,0,NOT,NOT
A10003-25-CYH-105283-U4BC1B-CCTN_01,0,CYH-10003-01,58,5,HITO 7,7/4/2025,8/10/2025,7/25/2025,8/24/2025,107|2061,,,1,0,1,,,0,YES,EHT-105283-TH
A10003-40-CYH-105281-U4BC1B-CCTN_01,0,CYH-10003-01,58,5,HITO 7,7/4/2025,8/10/2025,7/25/2025,8/24/2025,108|2061,,,2,0,2,,,0,YES,EHT-105284-TH
A10001-100-VT4-101184-U4BC1B-CC_03,1,CHMB-10001-01,98,7,HITO 8,8/6/2025,9/10/2025,8/27/2025,9/26/2025,K-10110,,,1,0,1,,NOT_APPLY,0,NOT,NOT
A10001-100-VT4-101294-U4BC1B-CC_03,1,CHMB-10001-02,99,7,HITO 8,7/18/2025,9/10/2025,8/8/2025,9/7/2025,A-10121,0,,1,1,0,,1,1,NOT,NOT
A10001-100-VT4-101308-U4BC1B-CC_02,1,CHMB-10001-04,36,6,HITO 8,7/23/2025,9/10/2025,8/13/2025,9/12/2025,R-10130,0,,0,0,0,,NOT_APPLY,0,NOT,NOT
A10001-100-VT4-101308-U4BC1B-CC_03,1,CHMB-10001-04,36,6,HITO 8,7/23/2025,9/10/2025,8/13/2025,9/12/2025,R-10130,0,,1,0,1,,NOT_APPLY,0,NOT,NOT
A10001-100-VT4-101308-U4BC1B-CC_04,1,CHMB-10001-04,36,6,HITO 8,7/23/2025,9/10/2025,8/13/2025,9/12/2025,R-10130,0,,1,0,1,,NOT_APPLY,0,NOT,NOT
A10001-100-VT4-101308-U4BC1B-CC_05,1,CHMB-10001-04,36,6,HITO 8,7/23/2025,9/10/2025,8/13/2025,9/12/2025,R-10130,0,,1,0,1,,NOT_APPLY,0,NOT,NOT
A10001-80-VT4-102106-U4BC1B-CC_01,1,INC-10001-04,79,5,HITO 6,7/13/2025,,8/3/2025,9/2/2025,D-10210,1,5/21/2025,1,0,1,,NOT_APPLY,0,NOT,NOT
A10001-80-VT4-102106-U4BC1B-CC_02,1,INC-10001-04,79,5,HITO 6,7/13/2025,,8/3/2025,9/2/2025,D-10210,1,5/21/2025,0,0,0,,NOT_APPLY,0,NOT,NOT
A10001-80-VT4-102106-U4BC1B-CC_04,1,INC-10001-04,79,5,HITO 6,7/13/2025,,8/3/2025,9/2/2025,D-10210,1,5/21/2025,1,0,1,,NOT_APPLY,0,NOT,NOT
A10001-80-VT4-102106-U4BC1B-CC_05,1,INC-10001-04,79,5,HITO 6,7/13/2025,,8/3/2025,9/2/2025,D-10210,1,5/21/2025,1,0,1,,NOT_APPLY,0,NOT,NOT
A10001-80-VT4-102106-U4BC1B-CC_08,1,INC-10001-04,79,5,HITO 6,7/13/2025,,8/3/2025,9/2/2025,D-10210,1,5/21/2025,0,0,0,,NOT_APPLY,0,NOT,NOT
A10001-80-VT4-102299-U4BC1B-CC_01,1,HMBC-10001-01,80,7,HITO 8,7/16/2025,8/9/2025,8/6/2025,9/5/2025,I-10220,1,5/21/2025,0,0,0,,NOT_APPLY,0,NOT,NOT
A10001-80-VT4-102299-U4BC1B-CC_02,1,HMBC-10001-01,80,7,HITO 8,7/16/2025,8/9/2025,8/6/2025,9/5/2025,I-10220,1,5/21/2025,0,0,0,,NOT_APPLY,0,NOT,NOT
A10001-80-VT4-102299-U4BC1B-CC_03,1,HMBC-10001-01,80,7,HITO 8,7/16/2025,8/9/2025,8/6/2025,9/5/2025,I-10220,1,5/21/2025,1,0,1,,NOT_APPLY,0,NOT,NOT
A10001-80-VT4-102299-U4BC1B-CC_04,1,HMBC-10001-01,80,7,HITO 8,7/16/2025,8/9/2025,8/6/2025,9/5/2025,I-10220,1,5/21/2025,1,0,1,,NOT_APPLY,0,NOT,NOT
A10001-80-VT4-102299-U4BC1B-CC_05,1,HMBC-10001-01,80,7,HITO 8,7/16/2025,8/9/2025,8/6/2025,9/5/2025,I-10220,1,5/21/2025,1,0,1,,NOT_APPLY,0,NOT,NOT
A10001-80-VT4-102299-U4BC1B-CC_06,1,HMBC-10001-01,80,7,HITO 8,7/16/2025,8/9/2025,8/6/2025,9/5/2025,I-10220,1,5/21/2025,1,0,1,,NOT_APPLY,0,NOT,NOT
A10001-80-VT4-102299-U4BC1B-CC_07,1,HMBC-10001-01,80,7,HITO 8,7/16/2025,8/9/2025,8/6/2025,9/5/2025,I-10220,1,5/21/2025,0,0,0,,NOT_APPLY,0,NOT,NOT
A10001-100-VT4-102397-U4BC1B-CC_03,1,CIPA-10001-01,49,6,HITO 8,7/23/2025,9/1/2025,8/13/2025,9/12/2025,R-10230,0,,1,0,1,,NOT_APPLY,0,NOT,NOT
A10001-100-VT4-102397-U4BC1B-CC_04,1,CIPA-10001-01,49,6,HITO 8,7/23/2025,9/1/2025,8/13/2025,9/12/2025,R-10230,0,,1,0,1,,NOT_APPLY,0,NOT,NOT
A10001-100-VT4-102397-U4BC1B-CC_05,1,CIPA-10001-01,49,6,HITO 8,7/23/2025,9/1/2025,8/13/2025,9/12/2025,R-10230,0,,1,0,1,,NOT_APPLY,0,NOT,NOT
A10001-80-VT4-103195-U4BC1B-CC_01,1,HMBN-10001-01,82,5,HITO 7,7/28/2025,8/26/2025,8/18/2025,9/17/2025,K-10310,0.9,,1,0,1,,NOT_APPLY,0,NOT,NOT
A10001-80-VT4-103195-U4BC1B-CC_02,1,HMBN-10001-01,82,5,HITO 7,7/28/2025,8/26/2025,8/18/2025,9/17/2025,K-10310,0.9,,1,0,1,,NOT_APPLY,0,NOT,NOT
A10001-80-VT4-103195-U4BC1B-CC_03,1,HMBN-10001-01,82,5,HITO 7,7/28/2025,8/26/2025,8/18/2025,9/17/2025,K-10310,0.9,,1,0,1,,NOT_APPLY,0,NOT,NOT
A10001-80-VT4-103195-U4BC1B-CC_04,1,HMBN-10001-01,82,5,HITO 7,7/28/2025,8/26/2025,8/18/2025,9/17/2025,K-10310,0.9,,1,0,1,,NOT_APPLY,0,NOT,NOT
A10001-80-VT4-103195-U4BC1B-CC_05,1,HMBN-10001-01,82,5,HITO 7,7/28/2025,8/26/2025,8/18/2025,9/17/2025,K-10310,0.9,,1,0,1,,NOT_APPLY,0,NOT,NOT
A10001-80-VT4-103597-U4BC1B-CC_01,1,HMBN-10001-02,83,7,HITO 8,8/8/2025,9/1/2025,8/29/2025,9/28/2025,R-10350,1,5/21/2025,1,0,1,,NOT_APPLY,0,NOT,NOT
A10001-80-VT4-103597-U4BC1B-CC_02,1,HMBN-10001-02,83,7,HITO 8,8/8/2025,9/1/2025,8/29/2025,9/28/2025,R-10350,1,5/21/2025,1,0,1,,NOT_APPLY,0,NOT,NOT
A10001-80-VT4-103597-U4BC1B-CC_03,1,HMBN-10001-02,83,7,HITO 8,8/8/2025,9/1/2025,8/29/2025,9/28/2025,R-10350,1,5/21/2025,1,0,1,,NOT_APPLY,0,NOT,NOT
A10001-80-VT4-103597-U4BC1B-CC_04,1,HMBN-10001-02,83,7,HITO 8,8/8/2025,9/1/2025,8/29/2025,9/28/2025,R-10350,1,5/21/2025,1,0,1,,NOT_APPLY,0,NOT,NOT
A10001-80-VT4-103699-U4BC1B-PP_02,1,HMBI-10001-02,90,4,HITO 7,7/11/2025,8/10/2025,8/1/2025,8/31/2025,R-10360,1,5/21/2025,1,0,1,,NOT_APPLY,0,NOT,NOT
A10001-80-VT4-103699-U4BC1B-PP_03,1,HMBI-10001-02,90,4,HITO 7,7/11/2025,8/10/2025,8/1/2025,8/31/2025,R-10360,1,5/21/2025,1,0,1,,NOT_APPLY,0,NOT,NOT
A10001-100-VT4-103707-U4BC1B-CC_01,1,HMBI-10001-02,90,4,HITO 7,7/11/2025,8/10/2025,8/1/2025,8/31/2025,R-10370,1,5/21/2025,1,0,1,,NOT_APPLY,0,NOT,NOT
A10001-100-VT4-103707-U4BC1B-CC_04,1,HMBI-10001-02,90,4,HITO 7,7/11/2025,8/10/2025,8/1/2025,8/31/2025,R-10370,1,5/21/2025,1,0,1,,NOT_APPLY,0,NOT,NOT
A10001-100-VT4-103707-U4BC1B-CC_05,1,HMBI-10001-02,90,4,HITO 7,7/11/2025,8/10/2025,8/1/2025,8/31/2025,R-10370,1,5/21/2025,1,0,1,,NOT_APPLY,0,NOT,NOT
A10001-25-VT4-103897-U4BC1B-CC_01,1,IPA-10001-01,85,3,HITO 5,6/30/2025,7/27/2025,7/21/2025,8/20/2025,I-10395,1,6/4/2025,0,0,0,,NOT_APPLY,0,NOT,NOT
A10001-80-VT4-104205-U4BC1B-CC_04,1,HMBI-10001-03,93,4,HITO 7,7/11/2025,8/10/2025,8/1/2025,8/31/2025,R-10420,1,5/21/2025,0,0,0,,NOT_APPLY,0,NOT,NOT
A10001-25-VT4-104248-U4BC1B-CC_01,1,HMBI-10001-03,93,4,HITO 7,7/11/2025,8/10/2025,8/1/2025,8/31/2025,S-10424,0,,0,0,0,,NOT_APPLY,0,NOT,NOT
A10001-25-VT4-104253-U4BC1B-CC_01,1,HMBI-10001-03,93,4,HITO 7,7/11/2025,8/10/2025,8/1/2025,8/31/2025,S-10425,1,5/21/2025,0,0,0,,NOT_APPLY,0,NOT,NOT
A10001-25-VT4-104266-U4BC1B-CC_01,1,HMBI-10001-03,93,4,HITO 7,7/11/2025,8/10/2025,8/1/2025,8/31/2025,I-10426,0.9,,0,0,0,,NOT_APPLY,0,NOT,NOT
A10001-25-VT4-104266-U4BC1B-CC_02,1,HMBI-10001-03,93,4,HITO 7,7/11/2025,8/10/2025,8/1/2025,8/31/2025,I-10426,0.9,,0,0,0,,NOT_APPLY,0,NOT,NOT
A10001-100-VT4-104506-U4BC1B-CC_02,1,HMBI-10001-01,47,6,HITO 6,7/19/2025,,8/9/2025,9/8/2025,R-10450,0.15,5/21/2025,1,0,1,,NOT_APPLY,0,NOT,NOT
A10001-100-VT4-104506-U4BC1B-CC_03,1,HMBI-10001-01,47,6,HITO 6,7/19/2025,,8/9/2025,9/8/2025,R-10450,0.15,5/21/2025,0,0,0,,NOT_APPLY,0,NOT,NOT
A10001-100-VT4-104506-U4BC1B-CC_04,1,HMBI-10001-01,47,6,HITO 6,7/19/2025,,8/9/2025,9/8/2025,R-10450,0.15,5/21/2025,1,0,1,,NOT_APPLY,0,NOT,NOT
A10001-100-VT4-104606-U4BC1B-CC_01,1,HMBI-10001-01,47,6,HITO 6,7/19/2025,,8/9/2025,9/8/2025,R-10460,1,5/5/2025,1,0,1,,NOT_APPLY,0,NOT,NOT
A10001-100-VT4-104606-U4BC1B-CC_02,1,HMBI-10001-01,47,6,HITO 6,7/19/2025,,8/9/2025,9/8/2025,R-10460,1,5/5/2025,0,0,0,,NOT_APPLY,0,NOT,NOT
A10001-100-VT4-104606-U4BC1B-CC_03,1,HMBI-10001-01,47,6,HITO 6,7/19/2025,,8/9/2025,9/8/2025,R-10460,1,5/5/2025,1,0,1,,NOT_APPLY,0,NOT,NOT
A10001-100-VT4-108107-U4BC1B-PP_02,1,INC-10001-02,69,4,HITO 7,7/29/2025,8/26/2025,8/19/2025,9/18/2025,R-10810,1,5/21/2025,1,0,1,,NOT_APPLY,0,NOT,NOT
A10001-100-VT4-108107-U4BC1B-PP_04,1,INC-10001-02,69,4,HITO 7,7/29/2025,8/26/2025,8/19/2025,9/18/2025,R-10810,1,5/21/2025,1,0,1,,NOT_APPLY,0,NOT,NOT
A10001-100-VT4-108107-U4BC1B-PP_05,1,INC-10001-02,69,4,HITO 7,7/29/2025,8/26/2025,8/19/2025,9/18/2025,R-10810,1,5/21/2025,0,0,0,,NOT_APPLY,0,NOT,NOT
A10001-100-VT3-108209-U1BC2A-CF_04,1,AGL-10005-01,86,5,HITO 6,6/26/2025,8/6/2025,7/17/2025,8/16/2025,R-10820,,,1,0,1,,NOT_APPLY,0,NOT,NOT
A10001-100-VT3-108209-U1BC2A-CF_05,1,AGL-10005-01,86,5,HITO 6,6/26/2025,8/6/2025,7/17/2025,8/16/2025,R-10820,,,1,0,1,,NOT_APPLY,0,NOT,NOT
A10001-100-VT3-108209-U1BC2A-CF_06,1,AGL-10005-01,86,5,HITO 6,6/26/2025,8/6/2025,7/17/2025,8/16/2025,R-10820,,,0,0,0,,NOT_APPLY,0,NOT,NOT
A10001-100-VT3-108209-U1BC2A-CF_07,1,AGL-10005-01,86,5,HITO 6,6/26/2025,8/6/2025,7/17/2025,8/16/2025,R-10820,,,0,0,0,,NOT_APPLY,0,NOT,NOT
A10001-40-VT4-108694-U4BC1B-NC_01,1,EFL-10001-04,34,6,HITO 6,7/22/2025,,8/12/2025,9/11/2025,R-10860,1,5/21/2025,0,0,0,,NOT_APPLY,0,NOT,NOT
A10001-40-VT4-108694-U4BC1B-NC_02,1,EFL-10001-04,34,6,HITO 6,7/22/2025,,8/12/2025,9/11/2025,R-10860,1,5/21/2025,0,0,0,,NOT_APPLY,0,NOT,NOT
A10001-50-VT4-108694-U4BC1B-NC_01,1,EFL-10001-04,34,6,HITO 6,7/22/2025,,8/12/2025,9/11/2025,R-10860,1,5/21/2025,0,0,0,,NOT_APPLY,0,NOT,NOT
A10001-50-VT4-108694-U4BC1B-NC_02,1,EFL-10001-04,34,6,HITO 6,7/22/2025,,8/12/2025,9/11/2025,R-10860,1,5/21/2025,0,0,0,,NOT_APPLY,0,NOT,NOT
A10001-50-VT4-108694-U4BC1B-NC_03,1,EFL-10001-04,34,6,HITO 6,7/22/2025,,8/12/2025,9/11/2025,R-10860,1,5/21/2025,1,0,1,,NOT_APPLY,0,NOT,NOT
A10001-50-VT4-108694-U4BC1B-NC_04,1,EFL-10001-04,34,6,HITO 6,7/22/2025,,8/12/2025,9/11/2025,R-10860,1,5/21/2025,1,0,1,,NOT_APPLY,0,NOT,NOT
A10001-50-VT4-108694-U4BC1B-NC_05,1,EFL-10001-04,34,6,HITO 6,7/22/2025,,8/12/2025,9/11/2025,R-10860,1,5/21/2025,1,0,1,,NOT_APPLY,0,NOT,NOT
A10001-50-VT4-108694-U4BC1B-NC_06,1,EFL-10001-04,34,6,HITO 6,7/22/2025,,8/12/2025,9/11/2025,R-10860,1,5/21/2025,1,0,1,,NOT_APPLY,0,NOT,NOT
A10001-50-VT4-108694-U4BC1B-NC_09,1,EFL-10001-04,34,6,HITO 6,7/22/2025,,8/12/2025,9/11/2025,R-10860,1,5/21/2025,0,0,0,,NOT_APPLY,0,NOT,NOT
A10001-50-VT4-108694-U4BC1B-NC_10,1,EFL-10001-04,34,6,HITO 6,7/22/2025,,8/12/2025,9/11/2025,R-10860,1,5/21/2025,0,0,0,,NOT_APPLY,0,NOT,NOT
A10001-80-VT2-95609-U1CD2B-CC_02,1,C6-10001-02,Apr-25,1,HITO 3,6/26/2025,7/13/2025,7/17/2025,8/16/2025,R-9560,,,1,0,1,,NOT_APPLY,0,NOT,NOT
A10001-80-VT2-95609-U1CD2B-CC_03,1,C6-10001-02,Apr-25,1,HITO 3,6/26/2025,7/13/2025,7/17/2025,8/16/2025,R-9561,,,1,0,1,,NOT_APPLY,0,NOT,NOT
A10001-80-VT2-95609-U1CD2B-CC_04,1,C6-10001-02,Apr-25,1,HITO 3,6/26/2025,7/13/2025,7/17/2025,8/16/2025,R-9562,,,1,0,1,,NOT_APPLY,0,NOT,NOT
A10001-80-VT2-95609-U1CD2B-CC_05,1,C6-10001-02,Apr-25,1,HITO 3,6/26/2025,7/13/2025,7/17/2025,8/16/2025,R-9563,,,0,0,0,,NOT_APPLY,0,NOT,NOT
A10003-50-VT4-105298-U4BC1B-CC_01,1,RIPA-10003-02,60,5,HITO 7,7/9/2025,8/25/2025,7/30/2025,8/29/2025,S-10520,0.9,,0,0,0,,NOT_APPLY,0,NOT,NOT
A10003-50-VT4-105298-U4BC1B-CC_02,1,RIPA-10003-02,60,5,HITO 7,7/9/2025,8/25/2025,7/30/2025,8/29/2025,S-10520,0.9,,1,0,1,,NOT_APPLY,0,NOT,NOT
A10003-50-VT4-105298-U4BC1B-CC_03,1,RIPA-10003-02,60,5,HITO 7,7/9/2025,8/25/2025,7/30/2025,8/29/2025,S-10520,0.9,,1,0,1,,NOT_APPLY,0,NOT,NOT
A10003-50-VT4-105298-U4BC1B-CC_04,1,RIPA-10003-02,60,5,HITO 7,7/9/2025,8/25/2025,7/30/2025,8/29/2025,S-10520,0.9,,1,0,1,,NOT_APPLY,0,NOT,NOT
A10003-50-VT4-105298-U4BC1B-CC_05,1,RIPA-10003-02,60,5,HITO 7,7/9/2025,8/25/2025,7/30/2025,8/29/2025,S-10520,0.9,,1,0,1,,NOT_APPLY,0,NOT,NOT
A10003-50-VT4-105298-U4BC1B-CC_06,1,RIPA-10003-02,60,5,HITO 7,7/9/2025,8/25/2025,7/30/2025,8/29/2025,S-10520,0.9,,1,0,1,,NOT_APPLY,0,NOT,NOT
A10003-50-VT4-105298-U4BC1B-CC_07,1,RIPA-10003-02,60,5,HITO 7,7/9/2025,8/25/2025,7/30/2025,8/29/2025,S-10520,0.9,,1,0,1,,NOT_APPLY,0,NOT,NOT
A10003-80-VT4-105395-U4BC1B-CC_01,1,RIPA-10003-05,62,7,HITO 8,6/28/2025,8/23/2025,7/19/2025,8/18/2025,D-10530,0,,0,0,0,,NOT_APPLY,0,NOT,NOT
A10003-80-VT4-105395-U4BC1B-CC_02,1,RIPA-10003-05,62,7,HITO 8,6/28/2025,8/23/2025,7/19/2025,8/18/2025,D-10530,0,,1,0,1,,NOT_APPLY,0,NOT,NOT
A10003-80-VT4-105395-U4BC1B-CC_03,1,RIPA-10003-05,62,7,HITO 8,6/28/2025,8/23/2025,7/19/2025,8/18/2025,D-10530,0,,0,0,0,,NOT_APPLY,0,NOT,NOT
A10003-80-VT4-105395-U4BC1B-CC_05,1,RIPA-10003-05,62,7,HITO 8,6/28/2025,8/23/2025,7/19/2025,8/18/2025,D-10530,0,,1,0,1,,NOT_APPLY,0,NOT,NOT
A10003-80-VT4-105395-U4BC1B-CC_06,1,RIPA-10003-05,62,7,HITO 8,6/28/2025,8/23/2025,7/19/2025,8/18/2025,D-10530,0,,1,0,1,,NOT_APPLY,0,NOT,NOT
A10003-80-VT4-105395-U4BC1B-CC_07,1,RIPA-10003-05,62,7,HITO 8,6/28/2025,8/23/2025,7/19/2025,8/18/2025,D-10530,0,,1,0,1,,NOT_APPLY,0,NOT,NOT
A10003-80-VT4-105395-U4BC1B-CC_08,1,RIPA-10003-05,62,7,HITO 8,6/28/2025,8/23/2025,7/19/2025,8/18/2025,D-10530,0,,1,0,1,,NOT_APPLY,0,NOT,NOT
A10003-80-VT4-105395-U4BC1B-CC_09,1,RIPA-10003-05,62,7,HITO 8,6/28/2025,8/23/2025,7/19/2025,8/18/2025,D-10530,0,,1,0,1,,NOT_APPLY,0,NOT,NOT
A10003-80-VT4-105395-U4BC1B-CC_10,1,RIPA-10003-05,62,7,HITO 8,6/28/2025,8/23/2025,7/19/2025,8/18/2025,D-10530,0,,1,0,1,,NOT_APPLY,0,NOT,NOT
A10003-80-VT4-105395-U4BC1B-CC_11,1,RIPA-10003-05,62,7,HITO 8,6/28/2025,8/23/2025,7/19/2025,8/18/2025,D-10530,0,,1,0,1,,NOT_APPLY,0,NOT,NOT
A10003-80-VT4-105395-U4BC1B-CC_12,1,RIPA-10003-05,62,7,HITO 8,6/28/2025,8/23/2025,7/19/2025,8/18/2025,D-10530,0,,1,0,1,,NOT_APPLY,0,NOT,NOT
A10003-80-VT4-105395-U4BC1B-CC_13,1,RIPA-10003-05,62,7,HITO 8,6/28/2025,8/23/2025,7/19/2025,8/18/2025,D-10530,0,,1,0,1,,NOT_APPLY,0,NOT,NOT
A10003-80-VT4-105395-U4BC1B-CC_14,1,RIPA-10003-05,62,7,HITO 8,6/28/2025,8/23/2025,7/19/2025,8/18/2025,D-10530,0,,1,0,1,,NOT_APPLY,0,NOT,NOT
A10003-80-VT4-105395-U4BC1B-CC_15,1,RIPA-10003-05,62,7,HITO 8,6/28/2025,8/23/2025,7/19/2025,8/18/2025,D-10530,0,,1,0,1,,NOT_APPLY,0,NOT,NOT
A10003-80-VT4-105395-U4BC1B-CC_16,1,RIPA-10003-05,62,7,HITO 8,6/28/2025,8/23/2025,7/19/2025,8/18/2025,D-10530,0,,1,0,1,,NOT_APPLY,0,NOT,NOT
A10003-80-VT4-105395-U4BC1B-CC_17,1,RIPA-10003-05,62,7,HITO 8,6/28/2025,8/23/2025,7/19/2025,8/18/2025,D-10530,0,,1,0,1,,NOT_APPLY,0,NOT,NOT
A10003-80-VT4-105409-U4BC1B-CC_01,1,RIPA-10003-01,65,6,HITO 6,6/28/2025,7/29/2025,7/19/2025,8/18/2025,R-10540,0.9,,1,0,1,,NOT_APPLY,0,NOT,NOT
A10003-80-VT4-105409-U4BC1B-CC_02,1,RIPA-10003-01,65,6,HITO 6,6/28/2025,7/29/2025,7/19/2025,8/18/2025,R-10540,0.9,,0,0,0,,NOT_APPLY,0,NOT,NOT
A10003-80-VT4-105409-U4BC1B-CC_03,1,RIPA-10003-01,65,6,HITO 6,6/28/2025,7/29/2025,7/19/2025,8/18/2025,R-10540,0.9,,1,0,1,,NOT_APPLY,0,NOT,NOT
A10003-80-VT4-105409-U4BC1B-CC_04,1,RIPA-10003-01,65,6,HITO 6,6/28/2025,7/29/2025,7/19/2025,8/18/2025,R-10540,0.9,,1,0,1,,NOT_APPLY,0,NOT,NOT
A10003-80-VT4-105409-U4BC1B-CC_05,1,RIPA-10003-01,65,6,HITO 6,6/28/2025,7/29/2025,7/19/2025,8/18/2025,R-10540,0.9,,1,0,1,,NOT_APPLY,0,NOT,NOT
A10003-80-VT4-105507-U4BC1B-CC_01,1,EFL-10003-06,64,4,HITO 7,7/22/2025,8/28/2025,8/12/2025,9/11/2025,D-10550,0,,0,0,0,,NOT_APPLY,0,NOT,NOT
A10003-80-VT4-105507-U4BC1B-CC_02,1,EFL-10003-06,64,4,HITO 7,7/22/2025,8/28/2025,8/12/2025,9/11/2025,D-10550,0,,1,0,1,,NOT_APPLY,0,NOT,NOT
A10003-80-VT4-105507-U4BC1B-CC_03,1,EFL-10003-06,64,4,HITO 7,7/22/2025,8/28/2025,8/12/2025,9/11/2025,D-10550,0,,0,0,0,,NOT_APPLY,0,NOT,NOT
A10003-80-VT4-105507-U4BC1B-CC_05,1,EFL-10003-06,64,4,HITO 7,7/22/2025,8/28/2025,8/12/2025,9/11/2025,D-10550,0,,1,0,1,,NOT_APPLY,0,NOT,NOT
A10003-80-VT4-105507-U4BC1B-CC_06,1,EFL-10003-06,64,4,HITO 7,7/22/2025,8/28/2025,8/12/2025,9/11/2025,D-10550,0,,1,0,1,,NOT_APPLY,0,NOT,NOT
A10003-80-VT4-105507-U4BC1B-CC_07,1,EFL-10003-06,64,4,HITO 7,7/22/2025,8/28/2025,8/12/2025,9/11/2025,D-10550,0,,1,0,1,,NOT_APPLY,0,NOT,NOT
A10003-80-VT4-105507-U4BC1B-CC_08,1,EFL-10003-06,64,4,HITO 7,7/22/2025,8/28/2025,8/12/2025,9/11/2025,D-10550,0,,1,0,1,,NOT_APPLY,0,NOT,NOT
A10003-80-VT4-105507-U4BC1B-CC_09,1,EFL-10003-06,64,4,HITO 7,7/22/2025,8/28/2025,8/12/2025,9/11/2025,D-10550,0,,1,0,1,,NOT_APPLY,0,NOT,NOT
A10003-80-VT4-105507-U4BC1B-CC_10,1,EFL-10003-06,64,4,HITO 7,7/22/2025,8/28/2025,8/12/2025,9/11/2025,D-10550,0,,1,0,1,,NOT_APPLY,0,NOT,NOT
A10003-80-VT4-105507-U4BC1B-CC_11,1,EFL-10003-06,64,4,HITO 7,7/22/2025,8/28/2025,8/12/2025,9/11/2025,D-10550,0,,1,0,1,,NOT_APPLY,0,NOT,NOT
A10003-80-VT4-105507-U4BC1B-CC_12,1,EFL-10003-06,64,4,HITO 7,7/22/2025,8/28/2025,8/12/2025,9/11/2025,D-10550,0,,1,0,1,,NOT_APPLY,0,NOT,NOT
A10003-80-VT4-105507-U4BC1B-CC_13,1,EFL-10003-06,64,4,HITO 7,7/22/2025,8/28/2025,8/12/2025,9/11/2025,D-10550,0,,1,0,1,,NOT_APPLY,0,NOT,NOT
A10003-80-VT4-105507-U4BC1B-CC_14,1,EFL-10003-06,64,4,HITO 7,7/22/2025,8/28/2025,8/12/2025,9/11/2025,D-10550,0,,1,0,1,,NOT_APPLY,0,NOT,NOT
A10003-80-VT4-105507-U4BC1B-CC_15,1,EFL-10003-06,64,4,HITO 7,7/22/2025,8/28/2025,8/12/2025,9/11/2025,D-10550,0,,1,0,1,,NOT_APPLY,0,NOT,NOT
A10003-80-VT4-105507-U4BC1B-CC_16,1,EFL-10003-06,64,4,HITO 7,7/22/2025,8/28/2025,8/12/2025,9/11/2025,D-10550,0,,0,0,0,,NOT_APPLY,0,NOT,NOT
A10003-100-VT4-105608-U4BC1B-CC_01,1,RIPA-10003-03,61,6,HITO 6,6/28/2025,7/29/2025,7/19/2025,8/18/2025,R-10560,0.9,,0,0,0,,NOT_APPLY,0,NOT,NOT
A10003-100-VT4-105608-U4BC1B-CC_02,1,RIPA-10003-03,61,6,HITO 6,6/28/2025,7/29/2025,7/19/2025,8/18/2025,R-10560,0.9,,1,0,1,,NOT_APPLY,0,NOT,NOT
A10003-100-VT4-105608-U4BC1B-CC_03,1,RIPA-10003-03,61,6,HITO 6,6/28/2025,7/29/2025,7/19/2025,8/18/2025,R-10560,0.9,,0,0,0,,NOT_APPLY,0,NOT,NOT
A10003-100-VT4-105608-U4BC1B-CC_04,1,RIPA-10003-03,61,6,HITO 6,6/28/2025,7/29/2025,7/19/2025,8/18/2025,R-10560,0.9,,1,0,1,,NOT_APPLY,0,NOT,NOT
A10003-100-VT4-105608-U4BC1B-CC_05,1,RIPA-10003-03,61,6,HITO 6,6/28/2025,7/29/2025,7/19/2025,8/18/2025,R-10560,0.9,,1,0,1,,NOT_APPLY,0,NOT,NOT
A10003-100-VT4-105608-U4BC1B-CC_06,1,RIPA-10003-03,61,6,HITO 6,6/28/2025,7/29/2025,7/19/2025,8/18/2025,R-10560,0.9,,1,0,1,,NOT_APPLY,0,NOT,NOT
A10003-80-VT4-108909-U4BC1B-NC_01,1,EFL-10003-04,24,5,HITO 6,7/22/2025,,8/12/2025,9/11/2025,R-10890,1,5/21/2025,1,0,1,,NOT_APPLY,0,NOT,NOT
A10003-80-VT4-108909-U4BC1B-NC_02,1,EFL-10003-04,24,5,HITO 6,7/22/2025,,8/12/2025,9/11/2025,R-10890,1,5/21/2025,1,0,1,,NOT_APPLY,0,NOT,NOT
A10003-80-VT4-108909-U4BC1B-NC_03,1,EFL-10003-04,24,5,HITO 6,7/22/2025,,8/12/2025,9/11/2025,R-10890,1,5/21/2025,0,0,0,,NOT_APPLY,0,NOT,NOT
A10003-80-VT4-108909-U4BC1B-NC_04,1,EFL-10003-04,24,5,HITO 6,7/22/2025,,8/12/2025,9/11/2025,R-10890,1,5/21/2025,1,0,1,,NOT_APPLY,0,NOT,NOT
A10003-80-VT4-108909-U4BC1B-NC_06,1,EFL-10003-04,24,5,HITO 6,7/22/2025,,8/12/2025,9/11/2025,R-10890,1,5/21/2025,0,0,0,,NOT_APPLY,0,NOT,NOT
A10004-100-VT4-108804-U4BC1B-CC_02,1,SSAM-10004-01,27,3,HITO 5,6/18/2025,7/22/2025,7/9/2025,8/8/2025,R-10880,1,5/21/2025,1,0,1,,NOT_APPLY,0,NOT,NOT
A10004-100-VT4-108804-U4BC1B-CC_05,1,SSAM-10004-01,27,3,HITO 5,6/18/2025,7/22/2025,7/9/2025,8/8/2025,R-10880,1,5/21/2025,1,0,1,,NOT_APPLY,0,NOT,NOT
A10004-100-VT4-108804-U4BC1B-CC_06,1,SSAM-10004-01,27,3,HITO 5,6/18/2025,7/22/2025,7/9/2025,8/8/2025,R-10880,1,5/21/2025,1,0,1,,NOT_APPLY,0,NOT,NOT
A10004-100-VT4-108804-U4BC1B-CC_07,1,SSAM-10004-01,27,3,HITO 5,6/18/2025,7/22/2025,7/9/2025,8/8/2025,R-10880,1,5/21/2025,1,0,1,,NOT_APPLY,0,NOT,NOT
A10004-100-VT4-108804-U4BC1B-CC_08,1,SSAM-10004-01,27,3,HITO 5,6/18/2025,7/22/2025,7/9/2025,8/8/2025,R-10880,1,5/21/2025,1,1,0,,1,1,NOT,NOT
A10004-100-VT4-15509-U4BC1B-NC_02,1,IPA-10004-01,22,3,HITO 4,7/14/2025,,8/4/2025,9/3/2025,R-1550,1,6/4/2025,1,0,1,,NOT_APPLY,0,NOT,NOT
A10004-100-VT4-15509-U4BC1B-NC_03,1,IPA-10004-01,22,3,HITO 4,7/14/2025,,8/4/2025,9/3/2025,R-1550,1,6/4/2025,1,0,1,,NOT_APPLY,0,NOT,NOT
A10004-100-VT4-15509-U4BC1B-NC_05,1,IPA-10004-01,22,3,HITO 4,7/14/2025,,8/4/2025,9/3/2025,R-1550,1,6/4/2025,1,0,1,,NOT_APPLY,0,NOT,NOT
A10004-100-VT4-15509-U4BC1B-NC_06,1,IPA-10004-01,22,3,HITO 4,7/14/2025,,8/4/2025,9/3/2025,R-1550,1,6/4/2025,1,0,1,,NOT_APPLY,0,NOT,NOT
A10005-100-VT4-106104-U4BC1B-CC_01,1,HMBI-10005-01,43,4,HITO 7,7/11/2025,8/10/2025,8/1/2025,8/31/2025,R-10610,0.9,,0,0,0,,NOT_APPLY,0,NOT,NOT
A10005-100-VT4-106104-U4BC1B-CC_02,1,HMBI-10005-01,43,4,HITO 7,7/11/2025,8/10/2025,8/1/2025,8/31/2025,R-10610,0.9,,1,0,1,,NOT_APPLY,0,NOT,NOT
A10005-100-VT4-106104-U4BC1B-CC_05,1,HMBI-10005-01,43,4,HITO 7,7/11/2025,8/10/2025,8/1/2025,8/31/2025,R-10610,0.9,,1,0,1,,NOT_APPLY,0,NOT,NOT
A10005-100-VT4-106104-U4BC1B-CC_06,1,HMBI-10005-01,43,4,HITO 7,7/11/2025,8/10/2025,8/1/2025,8/31/2025,R-10610,0.9,,1,0,1,,NOT_APPLY,0,NOT,NOT
A10005-25-VT4-106152-U4BC1B-CC_01,1,HMBI-10005-01,43,4,HITO 7,7/11/2025,8/10/2025,8/1/2025,8/31/2025,I-10615,1,5/21/2025,0,0,0,,NOT_APPLY,0,NOT,NOT
A10005-100-VT4-108503-U4BC1B-CC_01,1,HMBH-10005-01,46,3,HITO 7,7/1/2025,8/18/2025,7/22/2025,8/21/2025,R-10850,1,6/4/2025,0,0,0,,NOT_APPLY,0,NOT,NOT
A10005-100-VT4-108503-U4BC1B-CC_02,1,HMBH-10005-01,46,3,HITO 7,7/1/2025,8/18/2025,7/22/2025,8/21/2025,R-10850,1,6/4/2025,1,0,1,,NOT_APPLY,0,NOT,NOT
A10005-100-VT4-108503-U4BC1B-CC_05,1,HMBH-10005-01,46,3,HITO 7,7/1/2025,8/18/2025,7/22/2025,8/21/2025,R-10850,1,6/4/2025,1,0,1,,NOT_APPLY,0,NOT,NOT
A10005-100-VT4-108503-U4BC1B-CC_06,1,HMBH-10005-01,46,3,HITO 7,7/1/2025,8/18/2025,7/22/2025,8/21/2025,R-10850,1,6/4/2025,1,0,1,,NOT_APPLY,0,NOT,NOT
A10005-25-VT4-108562-U4BC1B-CC_01,1,HMBH-10005-01,46,3,HITO 7,7/1/2025,8/18/2025,7/22/2025,8/21/2025,I-10856,1,6/4/2025,0,0,0,,NOT_APPLY,0,NOT,NOT
A10005-100-VT4-16501-U4BC1B-CC_02,1,HMBI-10005-03,39,2,HITO 5,6/18/2025,7/24/2025,7/9/2025,8/8/2025,R-1650,1,6/24/2025,1,0,1,,NOT_APPLY,0,NOT,NOT
A10005-100-VT4-16501-U4BC1B-CC_05,1,HMBI-10005-03,39,2,HITO 5,6/18/2025,7/24/2025,7/9/2025,8/8/2025,R-1650,1,6/24/2025,1,0,1,,NOT_APPLY,0,NOT,NOT
A10005-100-VT4-16501-U4BC1B-CC_06,1,HMBI-10005-03,39,2,HITO 5,6/18/2025,7/24/2025,7/9/2025,8/8/2025,R-1650,1,6/24/2025,1,0,1,,NOT_APPLY,0,NOT,NOT
A10005-25-VT4-16571-U4BC1B-CC_01,1,HMBI-10005-03,39,2,HITO 5,6/18/2025,7/24/2025,7/9/2025,8/8/2025,I-1657,0.9,,0,0,0,,NOT_APPLY,0,NOT,NOT
A2001-100-VT4-83537-U4BC1B-NC_01,1,EFL-A2001-01,Apr-25,1,HITO 2,6/11/2025,,7/2/2025,8/1/2025,R-8353,0,,0,0,0,,NOT_APPLY,0,NOT,NOT
A6001-80-VT1-66508-U4CC1E-CCTN_03,1,AT97-A6001-01,1,1,HITO 5,6/9/2025,7/22/2025,6/30/2025,7/30/2025,148,1,5/9/2025,1,0,1,,NOT_APPLY,0,YES,EHT-66508-03-TH
A6001-80-VT1-66508-U4CC1E-CCTN_04,1,AT97-A6001-01,1,1,HITO 5,6/9/2025,7/22/2025,6/30/2025,7/30/2025,148,1,5/9/2025,0,0,0,,NOT_APPLY,0,YES,EHT-66508-04-TH
A8001-50-VT4-83595-U4BC1B-CCTN_01,1,EFL-A8001-01,Apr-25,2,HITO 5,6/18/2025,7/18/2025,7/9/2025,8/8/2025,UXX-838,,,1,0,1,,NOT_APPLY,0,YES,EHT-83595-01-TH
A8001-50-VT4-83595-U4BC1B-CCTN_02,1,EFL-A8001-01,Apr-25,2,HITO 5,6/18/2025,7/18/2025,7/9/2025,8/8/2025,UXX-838,,,1,1,0,,1,1,YES,EHT-83595-02-TH
A8004-50-VT4-83594-U4BC1B-CCTN_01,1,EFL-A8004-02,Apr-25,2,HITO 5,6/18/2025,7/18/2025,7/9/2025,8/8/2025,UXX-837,1,5/29/2025,1,1,0,,1,1,YES,EHT-83594-01-TH
A8004-50-VT4-83594-U4BC1B-CCTN_02,1,EFL-A8004-02,Apr-25,2,HITO 5,6/18/2025,7/18/2025,7/9/2025,8/8/2025,UXX-837,1,5/29/2025,1,0,1,,NOT_APPLY,0,YES,EHT-83594-02-TH
A10001-50-AP-933232-U4AC2A-CCTN_01,0,AP-00000-01,10,4,HITO 5,6/28/2025,7/29/2025,7/19/2025,8/18/2025,ANULADA,,,0,0,0,,,0,NOT,NOT
A9200-50-C6-95621-U1CD2B-CC_01,0.4,C6-PR18-01,Apr-25,1,HITO 3,6/26/2025,7/13/2025,7/17/2025,8/16/2025,ANULADA,,,0,0,0,,,0,YES,EHT-95621-06-TH
