COD,ISO,SUBSYSTEM,TP,TRACING YES & NOT,TAG TRACING,Area,Avance Distanciadores,Avance Aislamiento,Avance Chapa,Avance Cajas,Avance Rematar,TOTAL avance obra
CCTN_100_60,A10004-100-CYH-15541-U4BC1B-CCTN_01,CYH-10004-01,119,YES,EHT-15541-TH,A10004,1,,,,,0.546
CCTN_25_50,A10004-100-CYH-15541-U4BC1B-CCTN_01,CYH-10004-01,119,YES,EHT-15541-TH,A10004,1,,,,,0.533
CCTN_100_60,A10004-100-CYH-15541-U4BC1B-CCTN_01,CYH-10004-01,119,YES,EHT-15541-TH,A10004,1,,,1,,0.64840898
CCTN_50_50,A10004-100-CYH-15541-U4BC1B-CCTN_01,CYH-10004-01,119,YES,EHT-15541-TH,A10004,1,,,,,0.3965
CCTN_100_60,A10004-100-CYH-15541-U4BC1B-CCTN_01,CYH-10004-01,119,YES,EHT-15541-TH,A10004,1,,,,,0.2405
CCTN_100_60,A10004-100-CYH-15541-U4BC1B-CCTN_01,CYH-10004-01,119,YES,EHT-15541-TH,A10004,1,,,,,0.611
CCTN_100_60,A10004-100-CYH-15541-U4BC1B-CCTN_01,CYH-10004-01,119,YES,EHT-15541-TH,A10004,1,,,,,0.3445
CCTN_25_50,A10004-100-CYH-15541-U4BC1B-CCTN_01,CYH-10004-01,119,YES,EHT-15541-TH,A10004,1,,,,,0.3315
CCTN_25_50,A10004-100-CYH-15541-U4BC1B-CCTN_01,CYH-10004-01,119,YES,EHT-15541-TH,A10004,1,,,,,0.338
CCTN_100_60,A10004-100-CYH-15541-U4BC1B-CCTN_01,CYH-10004-01,119,YES,EHT-15541-TH,A10004,1,,,1,,0.535642201
CCTN_65_50,A10004-100-CYH-15541-U4BC1B-CCTN_01,CYH-10004-01,119,YES,EHT-15541-TH,A10004,1,,,,,0.1755
CCTN_50_50,A10004-100-CYH-15541-U4BC1B-CCTN_01,CYH-10004-01,119,YES,EHT-15541-TH,A10004,1,,,,,0.208
CCTN_25_50,A10004-25-CYH-15549-U4BC1B-CCTN_01,NI-10004-01,119,YES,EHT-15549-TH,A10004,1,,,,,0.7995
CCTN_25_50,A10004-25-CYH-15549-U4BC1B-CCTN_01,NI-10004-01,119,YES,EHT-15549-TH,A10004,1,,,,,0.1625
CCTN_25_50,A10004-25-CYH-15549-U4BC1B-CCTN_01,NI-10004-01,119,YES,EHT-15549-TH,A10004,1,,,,,0.377
CCTN_15_50,A10004-25-CYH-15549-U4BC1B-CCTN_01,NI-10004-01,119,YES,EHT-15549-TH,A10004,1,,,1,,0.535642201
CCTN_15_50,A10004-25-CYH-15549-U4BC1B-CCTN_01,NI-10004-01,119,YES,EHT-15549-TH,A10004,1,,,,,0.4225
CCTN_100_60,A10004-100-CYH-15551-U4BC1B-CCTN_01,CYH-10004-01,119,YES,EHT-15551-TH,A10004,1,,,,,0.2535
CCTN_100_60,A10004-100-CYH-15551-U4BC1B-CCTN_01,CYH-10004-01,119,YES,EHT-15551-TH,A10004,1,,,,,0.5265
CCTN_50_50,A10004-100-CYH-15551-U4BC1B-CCTN_01,CYH-10004-01,119,YES,EHT-15551-TH,A10004,1,,,,,0.3965
CCTN_100_60,A10004-100-CYH-15551-U4BC1B-CCTN_01,CYH-10004-01,119,YES,EHT-15551-TH,A10004,1,,,,,0.3315
CCTN_25_50,A10004-100-CYH-15551-U4BC1B-CCTN_01,CYH-10004-01,119,YES,EHT-15551-TH,A10004,1,,,,,0.3315
CCTN_100_60,A10004-100-CYH-15551-U4BC1B-CCTN_01,CYH-10004-01,119,YES,EHT-15551-TH,A10004,1,,,,,0.546
CCTN_100_60,A10004-100-CYH-15551-U4BC1B-CCTN_01,CYH-10004-01,119,YES,EHT-15551-TH,A10004,1,,,1,,0.253725253
CCTN_25_50,A10004-100-CYH-15551-U4BC1B-CCTN_01,CYH-10004-01,119,YES,EHT-15551-TH,A10004,1,,,,,0.4095
CCTN_100_60,A10004-100-CYH-15551-U4BC1B-CCTN_01,CYH-10004-01,119,YES,EHT-15551-TH,A10004,1,,,1,,0.084575084
CCTN_80_60,A10004-100-CYH-15551-U4BC1B-CCTN_01,CYH-10004-01,119,YES,EHT-15551-TH,A10004,1,,,,,0.15925
CCTN_50_50,A10004-100-CYH-15551-U4BC1B-CCTN_01,CYH-10004-01,119,YES,EHT-15551-TH,A10004,1,,,,,0.195
CCTN_100_60,A10004-100-CYH-15551-U4BC1B-CCTN_01,CYH-10004-01,119,YES,EHT-15551-TH,A10004,1,,,1,,0.394683727
CCTN_25_50,A10004-100-CYH-15551-U4BC1B-CCTN_01,CYH-10004-01,119,YES,EHT-15551-TH,A10004,1,,,,,0.3315
CCTN_100_60,A10004-100-CYH-15551-U4BC1B-CCTN_01,CYH-10004-01,119,YES,EHT-15551-TH,A10004,1,,,,,0.3185
CCTN_100_60,A10003-100-CYH-15552-U4BC1B-CCTN_01,CYH-10004-01,86,YES,EHT-15551-TH,A10003,1,,,,,0.533
CCTN_100_60,A10003-100-CYH-15552-U4BC1B-CCTN_01,CYH-10004-01,86,YES,EHT-15551-TH,A10003,1,,,1,,0.197341863
CCTN_25_50,A10003-100-CYH-15552-U4BC1B-CCTN_01,CYH-10004-01,86,YES,EHT-15551-TH,A10003,1,,,,,0.4615
CCTN_25_50,A10003-100-CYH-15552-U4BC1B-CCTN_01,CYH-10004-01,86,YES,EHT-15551-TH,A10003,1,,,,,0.1625
CCTN_100_60,A10003-100-CYH-15552-U4BC1B-CCTN_01,CYH-10004-01,86,YES,EHT-15551-TH,A10003,1,,,,,1.092
CCTN_100_60,A10004-100-CYH-15552-U4BC1B-CCTN_01,CYH-10004-01,86,YES,EHT-15551-TH,A10004,1,,,,,0.3835
CCTN_50_50,A10004-100-CYH-15552-U4BC1B-CCTN_01,CYH-10004-01,86,YES,EHT-15551-TH,A10004,1,,,,,0.143
CCTN_100_60,A10004-100-CYH-15552-U4BC1B-CCTN_01,CYH-10004-01,86,YES,EHT-15551-TH,A10004,1,,,,,0.39
CCTN_50_50,A10004-100-CYH-15552-U4BC1B-CCTN_01,CYH-10004-01,86,YES,EHT-15551-TH,A10004,1,,,,,0.195
CCTN_100_60,A10004-100-CYH-15552-U4BC1B-CCTN_01,CYH-10004-01,86,YES,EHT-15551-TH,A10004,1,,,1,,2.762786088
CCTN_100_60,PR19-100-CYH-15552-U4BC1B-CCTN_01,CYH-10004-01,86,YES,EHT-15551-TH,PR19,1,,,1,,8.175591486
CCTN_100_60,PR19-100-CYH-15552-U4BC1B-CCTN_01,CYH-10004-01,86,YES,EHT-15551-TH,PR19,1,,,1,,5.948447599
PP_25_30,PR19-25-EFL-15542-U4BC1B-CCTN_01,EFL-10003-01,110,NOT,NOT,PR19,1,,,,,0.441545
PP_100_30,PR19-100-INC-15504-U4BC1B-PP_01,INC-10001-01,160,NOT,NOT,PR19,1,,,1,,0
PP_50_30,PR19-100-INC-15504-U4BC1B-PP_01,INC-10001-01,160,NOT,NOT,PR19,1,,,1,,0
PP_20_30,PR19-100-INC-15504-U4BC1B-PP_01,INC-10001-01,160,NOT,NOT,PR19,1,,,1,,0
CCTN_50_50,A10004-50-INC-15548-U4BC1B-CCTN_01,NI-10004-01,122,YES,EHT-15548-TH,A10004,1,,,,,0.676
CCTN_25_50,A10004-50-INC-15548-U4BC1B-CCTN_01,NI-10004-01,122,YES,EHT-15548-TH,A10004,1,,,1,,0.028191695
CCTN_25_50,A10004-50-INC-15548-U4BC1B-CCTN_01,NI-10004-01,122,YES,EHT-15548-TH,A10004,1,,,,,0.1625
CCTN_50_50,A10004-50-INC-15548-U4BC1B-CCTN_01,NI-10004-01,122,YES,EHT-15548-TH,A10004,1,,,,,0.442
CCTN_15_50,A10004-50-INC-15548-U4BC1B-CCTN_01,NI-10004-01,122,YES,EHT-15548-TH,A10004,1,,,1,,0.028191695
CCTN_15_50,A10004-50-INC-15548-U4BC1B-CCTN_01,NI-10004-01,122,YES,EHT-15548-TH,A10004,1,,,,,0.637
PP_150_30,A10004-50-INC-15504-U4BC1B-PP_02,INC-10001-01,123,NOT,NOT,A10004,1,,,1,,6.321705637
CC_150_80,PR19-80-IPA-15521-U4BC1B-NC_01,IPA-10004-01,83,NOT,NOT,PR19,1,,,1,,0
CC_80_60,PR19-80-IPA-15521-U4BC1B-NC_01,IPA-10004-01,83,NOT,NOT,PR19,1,,,1,,0
CC_50_50,PR19-80-IPA-15521-U4BC1B-NC_01,IPA-10004-01,83,NOT,NOT,PR19,1,,,1,,0
CC_40_50,PR19-80-IPA-15521-U4BC1B-NC_01,IPA-10004-01,83,NOT,NOT,PR19,1,,,1,,0
CC_25_50,PR19-80-IPA-15521-U4BC1B-NC_01,IPA-10004-01,83,NOT,NOT,PR19,1,,,1,,0
CCTN_25_50,A6001-25-ACL-66526-U4BC1B-CCTN_01,ACL-A6001-01,1061,YES,ETH-66526-TH,A6001,1,,,,,1.6835
CCTN_25_50,A6001-25-ACL-66526-U4BC1B-CCTN_01,ACL-A6001-01,1061,YES,ETH-66526-TH,A6001,1,,,,,1.001
CCTN_50_50,A1200-50-ASUN-12721-U4BD8D-CCTN_01,ASUN-A1200-01,132,YES,EHT-12721-03-TH,A1200,1,,,,,0.57525
CCTN_20_50,A1200-50-ASUN-12721-U4BD8D-CCTN_01,ASUN-A1200-01,132,YES,EHT-12721-03-TH,A1200,1,,,,,0.169
CCTN_50_50,A1200-50-ASUN-12721-U4BD8D-CCTN_01,ASUN-A1200-01,132,YES,EHT-12721-03-TH,A1200,1,,,1,,1.212242876
CCTN_50_50,A1200-50-ASUN-12721-U4BD8D-CCTN_01,ASUN-A1200-01,132,YES,EHT-12721-03-TH,A1200,1,,,1,,4.848971502
CCTN_50_50,A1200-50-ASUN-12721-U4BD8D-CCTN_01,ASUN-A1200-01,132,YES,EHT-12721-03-TH,A1200,1,,,1,,1.268626265
CCTN_50_50,PR11-50-ASUN-12721-U4BD8D-CCTN_01,ASUN-A1200-01,132,YES,EHT-12721-01-TH,PR11,1,,,1,,2.339910667
CCTN_50_50,PR12-50-ASUN-12721-U4BD8D-CCTN_01,ASUN-A1200-01,132,YES,EHT-12721-01-TH,PR12,1,,,1,,6.878773526
CCTN_50_50,PR12-50-ASUN-12721-U4BD8D-CCTN_01,ASUN-A1200-01,132,YES,EHT-12721-01-TH,PR12,1,,,1,,11.69955333
CCTN_50_50,PR18-50-ASUN-12721-U4BD8D-CCTN_01,ASUN-PR18-01,50,YES,EHT-12721-02-TH,PR18,1,,,,,0.4875
CCTN_50_50,PR18-50-ASUN-12721-U4BD8D-CCTN_01,ASUN-PR18-01,50,YES,EHT-12721-02-TH,PR18,1,,,,,0.2015
CCTN_50_50,PR18-50-ASUN-12721-U4BD8D-CCTN_01,ASUN-PR18-01,50,YES,EHT-12721-02-TH,PR18,1,,,,,0.4225
CCTN_50_50,PR18-50-ASUN-12721-U4BD8D-CCTN_01,ASUN-PR18-01,50,YES,EHT-12721-02-TH,PR18,1,,,,,0.2015
CCTN_50_50,PR18-50-ASUN-12721-U4BD8D-CCTN_01,ASUN-PR18-01,50,YES,EHT-12721-02-TH,PR18,1,,,,,1.8265
CCTN_50_50,PR19-50-ASUN-12721-U4BD8D-CCTN_01,ASUN-PR18-01,50,YES,EHT-12721-02-TH,PR19,1,,,1,,9.528792836
CCTN_50_50,PR19-50-ASUN-12721-U4BD8D-CCTN_01,ASUN-PR18-01,50,YES,EHT-12721-02-TH,PR19,1,,,1,,0.535642201
CCTN_25_50,PR19-50-ASUN-12721-U4BD8D-CCTN_01,ASUN-PR18-01,50,YES,EHT-12721-02-TH,PR19,1,,,,,0.169
CCTN_50_50,A10001-50-ASUN-12721-U4BD8D-CCTN_01,ASUN-PR18-01,50,YES,EHT-12721-04-TH,A10001,1,,,1,,4.313329301
CCTN_40_50,A10001-50-ASUN-12721-U4BD8D-CCTN_01,ASUN-PR18-01,50,YES,EHT-12721-04-TH,A10001,1,,,,,0.117
CCTN_50_50,A10001-50-ASUN-12721-U4BD8D-CCTN_01,ASUN-PR18-01,50,YES,EHT-12721-04-TH,A10001,1,,,1,,4.933546586
CCTN_50_50,A10001-50-ASUN-12721-U4BD8D-CCTN_01,ASUN-PR18-01,50,YES,EHT-12721-04-TH,A10001,1,,,,,0.5005
CCTN_50_50,A10001-50-ASUN-12721-U4BD8D-CCTN_01,ASUN-PR18-01,50,YES,EHT-12721-04-TH,A10001,1,,,1,,1.057188554
CCTN_25_50,A10001-50-ASUN-12721-U4BD8D-CCTN_01,ASUN-PR18-01,50,YES,EHT-12721-04-TH,A10001,1,,,,,0.351
CCTN_15_50,A10001-50-ASUN-12721-U4BD8D-CCTN_01,ASUN-PR18-01,50,YES,EHT-12721-04-TH,A10001,1,,,,,0.1755
CCTN_50_50,A10001-50-ASUN-12721-U4BD8D-CCTN_01,ASUN-PR18-01,50,YES,EHT-12721-04-TH,A10001,1,,,1,,1.028996859
CCTN_25_50,A10001-50-ASUN-12721-U4BD8D-CCTN_01,ASUN-PR18-01,50,YES,EHT-12721-04-TH,A10001,1,,,,,0.312
CCTN_15_50,A10001-50-ASUN-12721-U4BD8D-CCTN_01,ASUN-PR18-01,50,YES,EHT-12721-04-TH,A10001,1,,,1,,0.028191695
CCTN_50_50,A10001-50-ASUN-12721-U4BD8D-CCTN_01,ASUN-PR18-01,50,YES,EHT-12721-04-TH,A10001,1,,,,,0.54275
CCTN_25_50,A10001-50-ASUN-12721-U4BD8D-CCTN_01,ASUN-PR18-01,50,YES,EHT-12721-04-TH,A10001,1,,,,,0.351
CCTN_50_50,A10001-50-ASUN-12721-U4BD8D-CCTN_01,ASUN-PR18-01,50,YES,EHT-12721-04-TH,A10001,1,,,1,,2.170760498
CCTN_50_50,A10001-50-ASUN-12721-U4BD8D-CCTN_01,ASUN-PR18-01,50,YES,EHT-12721-04-TH,A10001,1,,,,,1.5275
PP_100_40,A6001-100-EFL-66507-U4BC1B-PP_01,EFL-A6001-01,141,NOT,NOT,A6001,1,,,,,0.663
PP_80_40,A6001-100-EFL-66507-U4BC1B-PP_01,EFL-A6001-01,141,NOT,NOT,A6001,1,,,,,0.1495
PP_25_30,A6001-100-EFL-66507-U4BC1B-PP_01,EFL-A6001-01,141,NOT,NOT,A6001,1,,,,,0.1885
PP_25_30,A6001-25-EFL-66524-U4BC1B-PP_01,EFL-A6001-01,141,NOT,NOT,A6001,1,,,,,0.6435
PP_25_30,A6001-25-EFL-66525-U4BC1B-PP_01,EFL-A6001-01,140,NOT,NOT,A6001,1,,,,,0.988
PP_25_30,A6001-25-EFL-66525-U4BC1B-PP_01,EFL-A6001-01,140,NOT,NOT,A6001,1,,,,,0.7605
PP_25_30,A6001-25-EFL-66525-U4BC1B-PP_01,EFL-A6001-01,140,NOT,NOT,A6001,1,,,,,0.5915
CC_100_80,A6001-100-RHO-65205-U4CC1E-CC_01,AT97-A6001-01,143,NOT,NOT,A6001,1,,,,,0.8515
CCTN_100_80,A6001-100-RHO-66501-U4CC1E-CCTN_01,AT97-A6001-01,140,YES,EHT-66501-TH,A6001,1,,,,,1.3
CCTN_100_80,A6001-100-RHO-66501-U4CC1E-CCTN_01,AT97-A6001-01,140,YES,EHT-66501-TH,A6001,1,,,,,0.3315
CCTN_65_80,A6001-100-RHO-66501-U4CC1E-CCTN_01,AT97-A6001-01,140,YES,EHT-66501-TH,A6001,1,,,,,0.1755
CCTN_50_60,A6001-100-RHO-66501-U4CC1E-CCTN_01,AT97-A6001-01,140,YES,EHT-66501-TH,A6001,1,,,,,0.143
CCTN_25_50,A6001-100-RHO-66501-U4CC1E-CCTN_01,AT97-A6001-01,140,YES,EHT-66501-TH,A6001,1,,,,,0.2795
CCTN_100_80,A6001-100-RHO-66504-U4CC1E-CCTN_01,AT97-A6001-01,140,YES,EHT-66501-TH,A6001,1,,,,,0.806
CCTN_65_80,A6001-100-RHO-66504-U4CC1E-CCTN_01,AT97-A6001-01,140,YES,EHT-66501-TH,A6001,1,,,,,0.1755
CCTN_50_60,A6001-100-RHO-66504-U4CC1E-CCTN_01,AT97-A6001-01,140,YES,EHT-66501-TH,A6001,1,,,,,0.143
CCTN_25_50,A6001-100-RHO-66504-U4CC1E-CCTN_01,AT97-A6001-01,140,YES,EHT-66501-TH,A6001,1,,,,,0.286
CCTN_100_80,A6001-100-RHO-66505-U4CC1E-CCTN_01,AT97-A6001-01,141,YES,EHT-66505-TH,A6001,1,,,,,0.78
CCTN_25_50,A6001-100-RHO-66505-U4CC1E-CCTN_01,AT97-A6001-01,141,YES,EHT-66505-TH,A6001,1,,,,,0.3315
CCTN_100_80,A6001-100-RHO-66505-U4CC1E-CCTN_01,AT97-A6001-01,141,YES,EHT-66505-TH,A6001,1,,,,,0.5525
CCTN_25_50,A6001-100-RHO-66505-U4CC1E-CCTN_01,AT97-A6001-01,141,YES,EHT-66505-TH,A6001,1,,,,,0.5005
CC_100_80,A6001-100-RHO-66509-U4CC1E-CC_01,AT97-A6001-01,144,NOT,NOT,A6001,1,,,1,,2.903744562
CCTN_80_60,A6001-50-RHO-66523-U4CC1E-CCTN_01,AT97-A6001-01,139,YES,EHT-66597-02-TH,A6001,1,,,1,,0.070479237
CCTN_50_60,A6001-50-RHO-66523-U4CC1E-CCTN_01,AT97-A6001-01,139,YES,EHT-66597-02-TH,A6001,1,,,,,0.9165
CC_25_50,A6001-25-RHO-66528-U4CC1E-CC_01,AT97-A6001-01,139,NOT,NOT,A6001,1,,,,,0.572
CCTN_80_60,A6001-80-RHO-66531-U4CC1E-CCTN_01,AT97-A6001-01,139,YES,EHT-66597-02-TH,A6001,1,,,,,0.63375
CCTN_50_60,A6001-80-RHO-66531-U4CC1E-CCTN_01,AT97-A6001-01,139,YES,EHT-66597-02-TH,A6001,1,,,,,0.481
CCTN_80_60,A6001-80-RHO-66531-U4CC1E-CCTN_01,AT97-A6001-01,139,YES,EHT-66597-02-TH,A6001,1,,,,,0.3835
CCTN_25_50,A6001-80-RHO-66531-U4CC1E-CCTN_01,AT97-A6001-01,139,YES,EHT-66597-02-TH,A6001,1,,,,,0.1755
CCTN_80_60,A10001-80-RHO-66597-U4CC1E-CCTN_01,AT97-A6001-01,52,NOT,NOT,A10001,1,,,,,1.28375
CCTN_25_50,A10001-80-RHO-66597-U4CC1E-CCTN_01,AT97-A6001-01,52,NOT,NOT,A10001,1,,,,,0.35087
CCTN_80_60,A10001-80-RHO-66597-U4CC1E-CCTN_01,AT97-A6001-01,52,NOT,NOT,A10001,1,,,,,0.546
CCTN_40_60,A10001-80-RHO-66597-U4CC1E-CCTN_01,AT97-A6001-01,52,NOT,NOT,A10001,1,,,,,0.1625
CCTN_25_50,A10001-80-RHO-66597-U4CC1E-CCTN_01,AT97-A6001-01,52,NOT,NOT,A10001,1,,,,,0.18837
CCTN_100_80,A10001-80-RHO-66597-U4CC1E-CCTN_01,AT97-A6001-01,52,NOT,NOT,A10001,1,,,,,0.767
CCTN_80_60,A10001-80-RHO-66597-U4CC1E-CCTN_01,AT97-A6001-01,52,NOT,NOT,A10001,1,,,,,0.6045
CCTN_40_60,A10001-80-RHO-66597-U4CC1E-CCTN_01,AT97-A6001-01,52,NOT,NOT,A10001,1,,,,,0.2665
CCTN_80_60,A6001-80-RHO-66597-U4CC1E-CCTN_01,AT97-A6001-01,139,YES,EHT-66597-02-TH,A6001,1,,,,,0.69225
CCTN_50_60,A6001-80-RHO-66597-U4CC1E-CCTN_01,AT97-A6001-01,139,YES,EHT-66597-02-TH,A6001,1,,,,,0.494
CCTN_25_50,A6001-80-RHO-66597-U4CC1E-CCTN_01,AT97-A6001-01,139,YES,EHT-66597-02-TH,A6001,1,,,,,0.1755
CCTN_80_60,A6001-80-RHO-66597-U4CC1E-CCTN_01,AT97-A6001-01,139,YES,EHT-66597-02-TH,A6001,1,,,,,0.4095
CCTN_80_60,A6001-80-RHO-66597-U4CC1E-CCTN_01,AT97-A6001-01,139,YES,EHT-66597-02-TH,A6001,1,,,,,1.09525
CCTN_50_60,A6001-80-RHO-66597-U4CC1E-CCTN_01,AT97-A6001-01,139,YES,EHT-66597-02-TH,A6001,1,,,,,0.195
CCTN_80_60,A6001-80-RHO-66597-U4CC1E-CCTN_01,AT97-A6001-01,139,YES,EHT-66597-02-TH,A6001,1,,,1,,0.676600675
CCTN_80_60,A6001-80-RHO-66597-U4CC1E-CCTN_01,AT97-A6001-01,139,YES,EHT-66597-02-TH,A6001,1,,,1,,0.620217285
CCTN_40_60,A6001-80-RHO-66597-U4CC1E-CCTN_01,AT97-A6001-01,139,YES,EHT-66597-02-TH,A6001,1,,,,,0.1625
CCTN_25_50,A6001-80-RHO-66597-U4CC1E-CCTN_01,AT97-A6001-01,139,YES,EHT-66597-02-TH,A6001,1,,,,,0.3445
CCTN_80_60,A6001-80-RHO-66597-U4CC1E-CCTN_01,AT97-A6001-01,139,YES,EHT-66597-02-TH,A6001,1,,,,,0.325
CCTN_80_60,A6001-80-RHO-66597-U4CC1E-CCTN_01,AT97-A6001-01,139,YES,EHT-66597-02-TH,A6001,1,,,1,,2.635923462
CCTN_50_60,A6001-80-RHO-66597-U4CC1E-CCTN_01,AT97-A6001-01,139,YES,EHT-66597-02-TH,A6001,1,,,,,0.195
CCTN_80_60,A6001-80-RHO-66597-U4CC1E-CCTN_01,AT97-A6001-01,139,YES,EHT-66597-02-TH,A6001,1,,,1,,2.142568803
CCTN_80_60,A6001-80-RHO-66597-U4CC1E-CCTN_01,AT97-A6001-01,139,YES,EHT-66597-02-TH,A6001,1,,,1,,3.213853205
CCTN_25_50,A6001-80-RHO-66597-U4CC1E-CCTN_01,AT97-A6001-01,139,YES,EHT-66597-02-TH,A6001,1,,,,,0.2275
CCTN_80_60,A6001-80-RHO-66597-U4CC1E-CCTN_01,AT97-A6001-01,139,YES,EHT-66597-02-TH,A6001,1,,,,,1.3875
CCTN_80_60,A6001-80-RHO-66597-U4CC1E-CCTN_01,AT97-A6001-01,139,YES,EHT-66597-02-TH,A6001,1,,,,,1.56
CCTN_80_60,A6001-80-RHO-66597-U4CC1E-CCTN_01,AT97-A6001-01,139,YES,EHT-66597-02-TH,A6001,1,,,,,1.38
PP_50_30,A6001-50-VE1-66506-U4BC1B-PP_01,AT97-A6001-01,142,NOT,NOT,A6001,1,,,,,0.250575
PP_50_30,A6001-50-VE1-66506-U4BC1B-PP_01,AT97-A6001-01,142,NOT,NOT,A6001,1,,,,,0.117375
CCTN_80_60,A6001-80-VT1-66508-U4CC1E-CCTN_01,AT97-A6001-01,148,NOT,NOT,A6001,1,,,,,0.6825
CCTN_80_60,A6001-80-VT1-66508-U4CC1E-CCTN_02,AT97-A6001-01,148,YES,EHT-66508-02-TH,A6001,1,,,,,0.65
CCTN_80_60,A6001-80-VT1-66508-U4CC1E-CCTN_03,AT97-A6001-01,148,YES,EHT-66508-03-TH,A6001,1,,,,,0.195
CCTN_50_60,A6001-80-VT1-66508-U4CC1E-CCTN_04,AT97-A6001-01,148,YES,EHT-66508-04-TH,A6001,1,,,,,0.195
CCTN_25_50,A10001-20-ACL-108629-U4BC1B-CCTN_01,ACL-10001-01,1005,YES,ETH-108636-TH,A10001,1,,,,,0.0225
CCTN_20_50,A10001-20-ACL-108629-U4BC1B-CCTN_01,ACL-10001-01,1005,YES,ETH-108636-TH,A10001,1,,,,,0.403
CCTN_20_50,A10001-20-ACL-108629-U4BC1B-CCTN_01,ACL-10001-01,1005,YES,ETH-108636-TH,A10001,1,,,,,1.4885
CCTN_20_50,A10001-20-ACL-108629-U4BC1B-CCTN_01,ACL-10001-01,1005,YES,ETH-108636-TH,A10001,1,,,,,0.5785
CCTN_20_50,A10001-20-ACL-108629-U4BC1B-CCTN_01,ACL-10001-01,1005,YES,ETH-108636-TH,A10001,1,,,,,0.403
CCTN_25_50,A10001-25-ACL-108636-U4BC1B-CCTN_01,ACL-10001-01,1005,YES,ETH-108636-TH,A10001,1,,,,,1.5275
CCTN_25_50,A10001-25-ACL-108636-U4BC1B-CCTN_01,ACL-10001-01,1005,YES,ETH-108636-TH,A10001,1,,,,,1.404
CCTN_25_50,A10001-25-ACL-108636-U4BC1B-CCTN_01,ACL-10001-01,1005,YES,ETH-108636-TH,A10001,1,,,,,1.4495
CCTN_25_50,A10001-25-ACL-108693-U4BC1B-CCTN_01,ACL-10001-01,1005,YES,ETH-108636-TH,A10001,1,,,,,1.027
PP_25_30,A10001-25-C6-101185-U1CD2B-PP_01,EFL-10001-03,1021,NOT,NOT,A10001,1,,,,,0.83018
PP_25_30,A10001-25-C6-101296-U1CD2B-PP_01,EFL-10001-03,1020,NOT,NOT,A10001,1,,,,,0.3055
PP_25_30,A10001-25-C6-101296-U1CD2B-PP_01,EFL-10001-03,1020,NOT,NOT,A10001,1,,,,,0.259545
PP_25_30,A10001-25-C6-102209-U1CD2B-PP_01,EFL-10001-03,1021,NOT,NOT,A10001,1,,,,,0.26624
PP_25_30,A10001-25-C6-102209-U1CD2B-PP_01,EFL-10001-03,1021,NOT,NOT,A10001,1,,,,,0
PP_25_30,A10001-25-C6-102209-U1CD2B-PP_01,EFL-10001-03,1021,NOT,NOT,A10001,1,,,,,0.26624
PP_25_30,A10001-25-C6-102209-U1CD2B-PP_01,EFL-10001-03,1021,NOT,NOT,A10001,1,,,,,0.370575
PP_25_30,A10001-25-C6-95623-U1CD2B-PP_01,EFL-10001-03,1025,NOT,NOT,A10001,1,,,,,0.11934
PP_50_30,A10001-50-C6-95624-U1CD2B-PP_01,EFL-10001-03,1025,NOT,NOT,A10001,1,,,,,0.14664
PP_50_30,A10001-50-EFL-108096-U4BC1B-PP_01,EFL-10001-01,51,NOT,NOT,A10001,1,,,,,0.4569
PP_50_30,A10001-50-EFL-108096-U4BC1B-PP_01,EFL-10001-01,51,NOT,NOT,A10001,1,,,,,0.260625
PP_50_30,A10001-50-EFL-108096-U4BC1B-PP_01,EFL-10001-01,51,NOT,NOT,A10001,1,,,,,0.272545
PP_25_30,A10001-150-EFL-108605-U4BC1B-PP_01,EFL-10001-01,15,NOT,NOT,A10001,1,,,,,0.11726
PP_25_30,A10001-150-EFL-108605-U4BC1B-PP_01,EFL-10001-01,15,NOT,NOT,A10001,1,,,,,0.121875
PP_80_40,A10001-150-EFL-108605-U4BC1B-PP_01,EFL-10001-01,15,NOT,NOT,A10001,1,,,,,0.14274
PP_25_30,A10001-150-EFL-108605-U4BC1B-PP_01,EFL-10001-01,15,NOT,NOT,A10001,1,,,,,0.10673
PP_50_30,A10001-150-EFL-108605-U4BC1B-PP_01,EFL-10001-01,15,NOT,NOT,A10001,1,,,,,0.239785
PP_25_30,A10001-150-EFL-108605-U4BC1B-PP_01,EFL-10001-01,15,NOT,NOT,A10001,1,,,,,0.110305
PP_25_30,A10001-150-EFL-108605-U4BC1B-PP_01,EFL-10001-01,15,NOT,NOT,A10001,1,,,,,0.22802
PP_25_30,A10001-150-EFL-108605-U4BC1B-PP_01,EFL-10001-01,15,NOT,NOT,A10001,1,,,,,0.234715
PP_25_30,A10001-150-EFL-108605-U4BC1B-PP_01,EFL-10001-01,15,NOT,NOT,A10001,1,,,,,0.112645
PP_25_30,A10001-25-EFL-108609-U4BC1B-PP_01,EFL-10001-01,51,NOT,NOT,A10001,1,,,,,1.5665
PP_25_30,A10001-25-EFL-108609-U4BC1B-PP_02,EFL-10001-01,51,NOT,NOT,A10001,1,,,,,0.162375
PP_25_30,A10001-25-EFL-108609-U4BC1B-PP_02,EFL-10001-01,51,NOT,NOT,A10001,1,,,,,0.9815
PP_25_30,A10001-25-EFL-108609-U4BC1B-PP_02,EFL-10001-01,51,NOT,NOT,A10001,1,,,,,0.497055
PP_25_30,A10001-25-EFL-108609-U4BC1B-PP_03,EFL-10001-01,51,NOT,NOT,A10001,1,,,,,1.144
PP_25_30,A10001-25-EFL-108609-U4BC1B-PP_03,EFL-10001-01,51,NOT,NOT,A10001,1,,,,,0.6955
PP_25_30,A10001-25-EFL-108609-U4BC1B-PP_04,EFL-10001-01,51,NOT,NOT,A10001,1,,,,,0.598
PP_25_30,A10001-25-EFL-108609-U4BC1B-PP_04,EFL-10001-01,51,NOT,NOT,A10001,1,,,,,1.105
PP_25_30,A10001-25-EFL-108609-U4BC1B-PP_05,EFL-10001-01,51,NOT,NOT,A10001,1,,,,,0.585
PP_25_30,A10001-25-EFL-108609-U4BC1B-PP_05,EFL-10001-01,51,NOT,NOT,A10001,1,,,,,1.092
PP_25_30,A10001-25-EFL-108609-U4BC1B-PP_06,EFL-10001-01,51,NOT,NOT,A10001,1,,,,,0.858
PP_25_30,A10001-25-EFL-108609-U4BC1B-PP_06,EFL-10001-01,51,NOT,NOT,A10001,1,,,,,1.339
CC_40_50,A8003-25-EFL-108627-U4BC1B-CC_01,EFL-10003-02,146,YES,EHT-108627-TH,A8003,1,,,,,0.117
CC_25_50,A8003-25-EFL-108627-U4BC1B-CC_01,EFL-10003-02,146,YES,EHT-108627-TH,A8003,1,,,,,1.6705
PP_50_30,A10001-50-EFL-108697-U4BC1B-PP_01,EFL-10001-02,51,NOT,NOT,A10001,1,,,,,0.391575
PP_50_30,A10001-50-EFL-108697-U4BC1B-PP_01,EFL-10001-02,51,NOT,NOT,A10001,1,,,,,0.240075
PP_50_30,A10001-50-EFL-108697-U4BC1B-PP_01,EFL-10001-02,51,NOT,NOT,A10001,1,,,,,0.282815
PP_150_30,A10003-150-EFL-108903-U4BC1B-PP_01,EFL-10003-01,80,NOT,NOT,A10003,1,,,,,0.785265
PP_25_30,A10003-150-EFL-108903-U4BC1B-PP_01,EFL-10003-01,80,NOT,NOT,A10003,1,,,,,0.12038
PP_25_30,A10003-50-EFL-108905-U4BC1B-PP_01,EFL-10003-01,75,NOT,NOT,A10003,1,,,,,0.83408
PP_25_30,A10003-50-EFL-108905-U4BC1B-PP_01,EFL-10003-01,75,NOT,NOT,A10003,1,,,,,0.937235
PP_25_30,A10003-50-EFL-108905-U4BC1B-PP_01,EFL-10003-01,75,NOT,NOT,A10003,1,,,,,0.914745
PP_50_30,A10003-50-EFL-108905-U4BC1B-PP_01,EFL-10003-01,75,NOT,NOT,A10003,1,,,,,0.34112
PP_25_30,A10003-50-EFL-108905-U4BC1B-PP_01,EFL-10003-01,75,NOT,NOT,A10003,1,,,,,0.9035
PP_40_30,PR10-25-EFL-81606-U4BC1B-PP_01,EFL-A6001-02,133,YES,EHT-81606-01-TH,PR10,1,,,,,0
PP_25_30,PR10-25-EFL-81606-U4BC1B-PP_01,EFL-A6001-02,133,YES,EHT-81606-01-TH,PR10,1,,,,,0
PP_25_30,A6001-25-EFL-81606-U4BC1B-PP_01,EFL-A6001-02,133,YES,EHT-81606-01-TH,A6001,1,,,,,1.333475
PP_40_30,A8003-25-EFL-81606-U4BC1B-PP_01,EFL-A6001-02,133,YES,EHT-81606-02-TH,A8003,1,,,,,0.6045
PP_40_30,A8003-25-EFL-81606-U4BC1B-PP_01,EFL-A6001-02,133,YES,EHT-81606-02-TH,A8003,1,,,,,0.6305
PP_40_30,A8003-25-EFL-81606-U4BC1B-PP_01,EFL-A6001-02,133,YES,EHT-81606-02-TH,A8003,1,,,,,0.2665
PP_25_30,A8003-25-EFL-81606-U4BC1B-PP_01,EFL-A6001-02,133,YES,EHT-81606-02-TH,A8003,1,,,,,2.49
PP_25_30,A8003-25-EFL-81606-U4BC1B-PP_01,EFL-A6001-02,133,YES,EHT-81606-02-TH,A8003,1,,,,,3.7245
CC_25_50,A8003-25-EFL-81803-U4BC1B-CC_01,EFL-10003-02,146,YES,EHT-81803-TH,A8003,1,,,,,1.3
CCTN_20_50,A8001-20-EFL-83538-U4BC1B-CCTN_01,EFL-A8001-01,145,YES,EHT-83538-TH,A8001,1,,,,,0.832
CCTN_15_50,A8001-20-EFL-83538-U4BC1B-CCTN_01,EFL-A8001-01,145,YES,EHT-83538-TH,A8001,1,,,,,0.1625
CCTN_50_50,A8001-20-EFL-83538-U4BC1B-CCTN_01,EFL-A8001-01,145,YES,EHT-83538-TH,A8001,1,,,,,0.14625
CCTN_20_50,A8001-20-EFL-83538-U4BC1B-CCTN_01,EFL-A8001-01,145,YES,EHT-83538-TH,A8001,1,,,,,0.29575
CCTN_50_50,A8001-25-EFL-83539-U4BC1B-NC_01,EFL-A8004-01,131,YES,EHT-83539-TH,A8001,1,,,,,0.14625
CCTN_25_50,A8001-25-EFL-83539-U4BC1B-NC_01,EFL-A8004-01,131,YES,EHT-83539-TH,A8001,1,,,,,0.507
CCTN_20_50,A8001-25-EFL-83539-U4BC1B-NC_01,EFL-A8004-01,131,YES,EHT-83539-TH,A8001,1,,,,,0.4355
CCTN_50_50,A8001-25-EFL-83539-U4BC1B-NC_01,EFL-A8004-01,131,YES,EHT-83539-TH,A8001,1,,,,,0.21775
CCTN_25_50,A8001-25-EFL-83539-U4BC1B-NC_01,EFL-A8004-01,131,YES,EHT-83539-TH,A8001,1,,,,,0.65
CCTN_25_50,A8001-25-EFL-83539-U4BC1B-NC_01,EFL-A8004-01,131,YES,EHT-83539-TH,A8001,1,,,,,0.240695
CCTN_20_50,A8001-25-EFL-83539-U4BC1B-NC_01,EFL-A8004-01,131,YES,EHT-83539-TH,A8001,1,,,,,0.169
CCTN_50_50,PR20-50-EFL-83541-U4BC1B-CCTN_01,EFL-A2001-01,133,YES,EHT-83541-01-TH,PR20,1,,,,,0.01875
CCTN_50_50,PR20-50-EFL-83541-U4BC1B-CCTN_01,EFL-A2001-01,133,YES,EHT-83541-01-TH,PR20,1,,,,,0.51375
CCTN_50_50,PR01-50-EFL-83541-U4BC1B-CCTN_01,EFL-A2001-01,133,YES,EHT-83541-02-TH,PR01,1,,,,,0.11625
CCTN_40_50,PR01-50-EFL-83541-U4BC1B-CCTN_01,EFL-A2001-01,133,YES,EHT-83541-02-TH,PR01,1,,,,,1.6275
CCTN_50_50,A8001-25-EFL-83539-U4BC1B-NC_01,EFL-A8004-01,131,YES,EHT-83539-TH,A2001,1,,,,,0
CCTN_40_50,A8001-25-EFL-83539-U4BC1B-NC_01,EFL-A8004-01,131,YES,EHT-83539-TH,A2001,1,,,,,0
CCTN_25_50,A8001-25-EFL-83539-U4BC1B-NC_01,EFL-A8004-01,131,YES,EHT-83539-TH,A2001,1,,,,,0
CCTN_50_50,A8003-50-EFL-83541-U4BC1B-CCTN_01,EFL-A2001-01,133,YES,EHT-83541-02-TH,A8003,1,,,,,2.561
CCTN_50_50,A8003-50-EFL-83541-U4BC1B-CCTN_01,EFL-A2001-01,133,YES,EHT-83541-02-TH,A8003,1,,,,,1.053
CCTN_50_50,A8001-25-EFL-83539-U4BC1B-NC_01,EFL-A8004-01,131,YES,EHT-83539-TH,A8003,1,,,,,0.2015
CCTN_50_50,A8004-50-EFL-83593-U4BC1B-CCTN_01,EFL-A8004-02,147,YES,EHT-83593-TH,A8004,1,,,,,0.9165
PP_50_30,A2001-50-EFL-83597-U4BC1B-PP_01,EFL-A8004-01,131,YES,EHT-83597-02-TH,A2001,1,,,,,1.00425
PP_50_30,A8004-25-EFL-83597-U4BC1B-PP_01,EFL-A8004-01,131,YES,EHT-83597-01-TH,A8004,1,,,,,0.18525
PP_25_30,A8004-25-EFL-83597-U4BC1B-PP_01,EFL-A8004-01,131,YES,EHT-83597-01-TH,A8004,1,,,,,0.676
PP_50_30,A8004-25-EFL-83597-U4BC1B-PP_01,EFL-A8004-01,131,YES,EHT-83597-01-TH,A8004,1,,,,,0.22425
PP_25_30,A8004-25-EFL-83597-U4BC1B-PP_01,EFL-A8004-01,131,YES,EHT-83597-01-TH,A8004,1,,,,,0.429
PP_25_30,A8004-25-EFL-83597-U4BC1B-PP_01,EFL-A8004-01,131,YES,EHT-83597-01-TH,A8004,1,,,,,0.48165
PP_20_30,A8004-25-EFL-83597-U4BC1B-PP_01,EFL-A8004-01,131,YES,EHT-83597-01-TH,A8004,1,,,,,0.1625
CC_25_60,A10001-25-V6-10397-U1CD2B-CC_01,HMBI-10001-02,1022,NOT,NOT,A10001,1,,,,,1.6965
CC_25_60,A10001-25-V6-10397-U1CD2B-CC_01,HMBI-10001-02,1022,NOT,NOT,A10001,1,,,,,1.118
CCTN_50_50,A8004-50-VT4-83594-U4BC1B-CCTN_01,EFL-A8004-02,UXX-837,YES,EHT-83594-01-TH,A8004,1,,,,,0.7995
CCTN_50_50,A8004-50-VE1-83598-U4BC1B-CCTN_01,EFL-A8004-02,147,YES,EHT-83593-TH,A8004,1,,,,,0.715
CCTN_20_50,A8004-50-VE1-83598-U4BC1B-CCTN_01,EFL-A8004-02,147,YES,EHT-83593-TH,A8004,1,,,,,0.507
CCTN_20_50,A8004-50-VE1-83598-U4BC1B-CCTN_01,EFL-A8004-02,147,YES,EHT-83593-TH,A8004,1,,,,,0.715
CCTN_50_50,A8001-50-VT4-83595-U4BC1B-CCTN_01,EFL-A8001-01,UXX-838,YES,EHT-83595-01-TH,A8001,1,,,,,0.0225
CCTN_50_50,A8001-50-VT4-83595-U4BC1B-CCTN_02,EFL-A8001-01,UXX-838,YES,EHT-83595-02-TH,A8001,1,,,,,0.78
CCTN_25_50,A10001-25-ACL-103725-U4BC1B-CCTN_01,ACL-10001-01,1005,YES,ETH-103193-TH,A10001,1,,,,,0.8645
CCTN_25_50,A10001-25-ACL-103992-U4BC1B-CCTN_01,ACL-10001-02,1006,YES,ETH-103992-TH,A10001,1,,,,,1.534
CCTN_25_50,A10001-25-ACL-103992-U4BC1B-CCTN_01,ACL-10001-02,1006,YES,ETH-103992-TH,A10001,1,,,,,1.729
CCTN_25_50,A10001-25-ACL-103992-U4BC1B-CCTN_01,ACL-10001-02,1006,YES,ETH-103992-TH,A10001,1,,,,,0.7085
CCTN_25_50,A10001-25-ACL-103993-U4BC1B-CCTN_01,ACL-10001-02,1006,YES,ETH-103992-TH,A10001,1,,,,,1.443
CCTN_25_50,A10001-25-ACL-103993-U4BC1B-CCTN_01,ACL-10001-02,1006,YES,ETH-103992-TH,A10001,1,,,,,1.0725
CCTN_25_50,A10001-25-ACL-103993-U4BC1B-CCTN_01,ACL-10001-02,1006,YES,ETH-103992-TH,A10001,1,,,,,1.0595
CCTN_25_50,A10001-25-ACL-103993-U4BC1B-CCTN_01,ACL-10001-02,1006,YES,ETH-103992-TH,A10001,1,,,,,0.936
CCTN_25_50,A10001-25-ACL-103993-U4BC1B-CCTN_01,ACL-10001-02,1006,YES,ETH-103992-TH,A10001,1,,,,,0.4425
CCTN_15_50,A10001-25-ACL-103993-U4BC1B-CCTN_01,ACL-10001-02,1006,YES,ETH-103992-TH,A10001,1,,,,,0.045
CCTN_20_50,A10003-20-ACL-108963-U4BC1B-CCTN_01,ACL-10003-01,1029,YES,ETH-95215-01-TH,A10003,1,,,,,1.105
CCTN_25_50,A10005-25-ACL-16527-U4BC1B-CCTN_01,ACL-10005-01,1078,YES,ETH-95215-03-TH,A10005,1,,,,,0.6305
CCTN_25_50,A10005-25-ACL-16594-U4BC1B-CCTN_01,ACL-10005-01,1078,YES,ETH-95215-03-TH,A10005,1,,,,,0.7475
CCTN_25_50,A10004-25-ACL-95215-U4BC1B-CCTN_01,ACL-00000-01,1043,YES,ETH-95215-08-TH,A10004,1,,,,,1.1925
CCTN_25_50,A10004-25-ACL-95215-U4BC1B-CCTN_01,ACL-00000-01,1043,YES,ETH-95215-08-TH,A10004,1,,,,,0.8255
CCTN_25_50,A10005-25-ACL-95215-U4BC1B-CCTN_01,ACL-PR18-01,1078,YES,ETH-95215-02-TH,A10005,1,,,,,1.1245
CCTN_25_50,A10005-25-ACL-95215-U4BC1B-CCTN_01,ACL-PR18-01,1078,YES,ETH-95215-02-TH,A10005,1,,,,,0.555
CCTN_25_50,A10005-25-ACL-95215-U4BC1B-CCTN_01,ACL-PR18-01,1078,YES,ETH-95215-02-TH,A10005,1,,,,,1.56
CCTN_25_50,A10005-25-ACL-95215-U4BC1B-CCTN_01,ACL-PR18-01,1078,YES,ETH-95215-02-TH,A10005,1,,,,,1.118
CCTN_25_50,A10005-25-ACL-95215-U4BC1B-CCTN_02,ACL-PR18-01,1079,YES,ETH-95215-04-TH,A10005,1,,,,,1.3195
CCTN_25_50,A10005-25-ACL-95215-U4BC1B-CCTN_02,ACL-PR18-01,1079,YES,ETH-95215-04-TH,A10005,1,,,,,0.754
CCTN_25_50,PR18-25-ACL-95215-U4BC1B-CCTN_01,ACL-PR18-01,1099,YES,ETH-95215-06-TH,PR18,1,,,,,1.651
CCTN_25_50,PR18-25-ACL-95215-U4BC1B-CCTN_01,ACL-PR18-01,1099,YES,ETH-95215-06-TH,PR18,1,,,,,1.027
CCTN_25_50,PR19-25-ACL-95215-U4BC1B-CCTN_01,ACL-PR18-01,1099,YES,ETH-95215-06-TH,PR19,1,,,,,2.6025
CCTN_25_50,PR19-25-ACL-95215-U4BC1B-CCTN_01,ACL-PR18-01,1099,YES,ETH-95215-06-TH,PR19,1,,,,,1.0595
CCTN_25_50,PR19-25-ACL-95215-U4BC1B-CCTN_01,ACL-PR18-01,1099,YES,ETH-95215-06-TH,PR19,1,,,,,0.015
CCTN_15_50,PR19-25-ACL-95215-U4BC1B-CCTN_01,ACL-PR18-01,1099,YES,ETH-95215-06-TH,PR19,1,,,,,0.2535
CCTN_25_50,PR19-25-ACL-95215-U4BC1B-CCTN_01,ACL-PR18-01,1099,YES,ETH-95215-06-TH,PR19,1,,,,,0.795
CCTN_15_50,PR19-25-ACL-95215-U4BC1B-CCTN_01,ACL-PR18-01,1099,YES,ETH-95215-06-TH,PR19,1,,,,,0.105
CCTN_25_50,PR19-25-ACL-95215-U4BC1B-CCTN_01,ACL-PR18-01,1099,YES,ETH-95215-06-TH,PR19,1,,,,,4.335
CCTN_25_50,PR19-25-ACL-95215-U4BC1B-CCTN_01,ACL-PR18-01,1099,YES,ETH-95215-06-TH,PR19,1,,,,,3.016
CCTN_25_50,PR19-25-ACL-95215-U4BC1B-CCTN_01,ACL-PR18-01,1099,YES,ETH-95215-06-TH,PR19,1,,,,,2.782
CCTN_20_50,A10001-20-ACL-95216-U4BC1B-CCTN_01,ACL-10001-01,1005,YES,ETH-95216-TH,A10001,1,,,,,1.7925
CCTN_20_50,A10001-20-ACL-95216-U4BC1B-CCTN_01,ACL-10001-01,1005,YES,ETH-95216-TH,A10001,1,,,,,0.4875
CCTN_20_50,A10001-20-ACL-95217-U4BC1B-CCTN_01,ACL-10001-01,1005,YES,ETH-95216-TH,A10001,1,,,,,1.4925
CCTN_20_50,A10001-20-ACL-95218-U4BC1B-CCTN_01,ACL-10001-01,1005,YES,ETH-95216-TH,A10001,1,,,,,0.4875
CCTN_25_50,A10001-25-ACL-952503-U4BC1B-CCTN_01,ACL-10001-01,1005,YES,ETH-95216-TH,A10001,1,,,,,1.053
CCTN_25_50,A10001-25-ACL-952503-U4BC1B-CCTN_01,ACL-10001-01,1005,YES,ETH-95216-TH,A10001,1,,,,,0.9525
CCTN_25_50,A10001-25-ACL-952503-U4BC1B-CCTN_01,ACL-10001-01,1005,YES,ETH-95216-TH,A10001,1,,,,,1.261
CCTN_25_50,A10003-25-ACL-952504-U4BC1B-CCTN_01,ACL-10003-01,1029,YES,ETH-952504-TH,A10003,1,,,,,2.002
CCTN_20_50,A10004-20-ACL-952505-U4BC1B-CCTN_01,ACL-00000-01,1045,YES,ETH-95215-08-TH,A10004,1,,,,,0.702
CCTN_15_50,A10004-20-ACL-952505-U4BC1B-CCTN_01,ACL-00000-01,1045,YES,ETH-95215-08-TH,A10004,1,,,,,0.2665
CCTN_20_50,A10005-20-ACL-952506-U4BC1B-CCTN_01,ACL-00000-01,1079,YES,ETH-95215-04-TH,A10005,1,,,,,0.494
CCTN_20_50,A10005-20-ACL-952506-U4BC1B-CCTN_01,ACL-00000-01,1079,YES,ETH-95215-04-TH,A10005,1,,,,,0.325
CCTN_20_50,A10005-20-ACL-952507-U4BC1B-CCTN_01,ACL-00000-01,1077,YES,ETH-95215-07-TH,A10005,1,,,,,1.0335
CCTN_15_50,A10005-20-ACL-952507-U4BC1B-CCTN_01,ACL-00000-01,1077,YES,ETH-95215-07-TH,A10005,1,,,,,0.182
CCTN_20_50,A10001-20-ACL-95291-U4BC1B-CCTN_01,ACL-10001-01,1005,YES,ETH-95216-TH,A10001,1,,,,,0.39
CCTN_20_50,A10001-20-ACL-95291-U4BC1B-CCTN_01,ACL-10001-01,1005,YES,ETH-95216-TH,A10001,1,,,,,0.325
CCTN_20_50,A10003-20-ACL-95292-U4BC1B-CCTN_01,ACL-10003-01,1029,YES,ETH-952504-TH,A10003,1,,,,,1.079
CCTN_20_50,A10003-20-ACL-95292-U4BC1B-CCTN_01,ACL-10003-01,1029,YES,ETH-952504-TH,A10003,1,,,,,0.182
CCTN_20_50,A10003-20-ACL-95293-U4BC1B-CCTN_01,ACL-10003-01,1029,YES,ETH-952504-TH,A10003,1,,,,,0.5655
CCTN_20_50,A10003-20-ACL-95293-U4BC1B-CCTN_01,ACL-10003-01,1029,YES,ETH-952504-TH,A10003,1,,,,,0.182
CCTN_25_50,A10003-20-ACL-95294-U4BC1B-CCTN_01,ACL-10003-01,1029,YES,ETH-952504-TH,A10003,1,,,,,0.105
CCTN_20_50,A10003-20-ACL-95294-U4BC1B-CCTN_01,ACL-10003-01,1029,YES,ETH-952504-TH,A10003,1,,,,,0.767
CCTN_20_50,A10003-20-ACL-95294-U4BC1B-CCTN_01,ACL-10003-01,1029,YES,ETH-952504-TH,A10003,1,,,,,0.182
CCTN_20_50,A10003-20-ACL-95295-U4BC1B-CCTN_01,ACL-10003-01,1029,YES,ETH-952504-TH,A10003,1,,,,,1.547
CCTN_20_50,A10003-20-ACL-95295-U4BC1B-CCTN_01,ACL-10003-01,1029,YES,ETH-952504-TH,A10003,1,,,,,0.182
CCTN_20_50,A10001-20-ACL-95296-U4BC1B-CCTN_01,ACL-10001-01,1005,YES,ETH-95216-TH,A10001,1,,,,,0.6305
CCTN_25_50,A10001-20-ACL-95297-U4BC1B-CCTN_01,ACL-10001-01,1005,YES,ETH-95216-TH,A10001,1,,,,,0.4425
CCTN_20_50,A10001-20-ACL-95297-U4BC1B-CCTN_01,ACL-10001-01,1005,YES,ETH-95216-TH,A10001,1,,,,,0.5475
CCTN_20_50,A10001-20-ACL-95297-U4BC1B-CCTN_01,ACL-10001-01,1005,YES,ETH-95216-TH,A10001,1,,,,,0.7085
CCTN_20_50,A10001-20-ACL-95297-U4BC1B-CCTN_01,ACL-10001-01,1005,YES,ETH-95216-TH,A10001,1,,,,,0.325
CCTN_20_50,A10001-20-ACL-95298-U4BC1B-CCTN_01,ACL-10001-01,1005,YES,ETH-95216-TH,A10001,1,,,,,0
CCTN_20_50,A10001-20-ACL-95298-U4BC1B-CCTN_01,ACL-10001-01,1005,YES,ETH-95216-TH,A10001,1,,,,,0.5135
CCTN_20_50,A10001-20-ACL-95299-U4BC1B-CCTN_01,ACL-10001-01,1005,YES,ETH-95216-TH,A10001,1,,,,,0.325
CCTN_15_50,A10001-20-ACL-95299-U4BC1B-CCTN_01,ACL-10001-01,1005,YES,ETH-95216-TH,A10001,1,,,,,0.8255
CCTN_32_50,A10001-32-AP-100011-U4AC2A-CCTN_01,AP-00000-01,1007,YES,ETH-100031-TH,A10001,1,,,,,1.29
CCTN_32_50,A10001-32-AP-100011-U4AC2A-CCTN_01,AP-00000-01,1007,YES,ETH-100031-TH,A10001,1,,,,,1.079
CCTN_32_50,A10001-32-AP-100021-U4AC2A-CCTN_01,AP-00000-01,1007,YES,ETH-100031-TH,A10001,1,,,,,0.9425
CCTN_32_50,A10001-32-AP-100031-U4AC2A-CCTN_01,AP-00000-01,1007,YES,ETH-100031-TH,A10001,1,,,,,1.6575
CCTN_32_50,A10001-32-AP-100031-U4AC2A-CCTN_01,AP-00000-01,1007,YES,ETH-100031-TH,A10001,1,,,,,1.2415
CCTN_50_50,A10001-32-AP-100041-U4AC2A-CCTN_01,AP-00000-01,1007,YES,ETH-933235-TH,A10001,1,,,,,0.01875
CCTN_32_50,A10001-32-AP-100041-U4AC2A-CCTN_01,AP-00000-01,1007,YES,ETH-933235-TH,A10001,1,,,,,0.5005
CCTN_32_50,A10001-32-AP-100041-U4AC2A-CCTN_01,AP-00000-01,1007,YES,ETH-933235-TH,A10001,1,,,,,0.468
CCTN_32_50,A10001-32-AP-100051-U4AC2A-CCTN_01,AP-00000-01,1007,YES,ETH-933235-TH,A10001,1,,,,,0.468
CCTN_32_50,A10001-32-AP-100061-U4AC2A-CCTN_01,AP-00000-01,1007,YES,ETH-933235-TH,A10001,1,,,,,0.4095
CCTN_32_50,A10001-32-AP-100071-U4AC2A-CCTN_01,AP-00000-01,1007,YES,ETH-933235-TH,A10001,1,,,,,0.442
CCTN_32_50,A10001-32-AP-100081-U4AC2A-CCTN_01,AP-00000-01,1007,YES,ETH-933235-TH,A10001,1,,,,,0.4095
CCTN_32_50,A10001-32-AP-100091-U4AC2A-CCTN_01,AP-00000-01,1007,YES,ETH-933235-TH,A10001,1,,,,,0.273
CCTN_32_50,A10003-32-AP-100101-U4AC2A-CCTN_01,AP-00000-01,1031,YES,ETH-933231-TH,A10003,1,,,,,0.6565
CCTN_32_50,A10003-32-AP-100111-U4AC2A-CCTN_01,AP-00000-01,1031,YES,ETH-933231-TH,A10003,1,,,,,0.7995
CCTN_32_50,A10003-32-AP-100121-U4AC2A-CCTN_01,AP-00000-01,1031,YES,ETH-100171-TH,A10003,1,,,,,1.027
CCTN_32_50,A10003-32-AP-100121-U4AC2A-CCTN_01,AP-00000-01,1031,YES,ETH-100171-TH,A10003,1,,,,,0.8905
CCTN_32_50,A10003-32-AP-100121-U4AC2A-CCTN_01,AP-00000-01,1031,YES,ETH-100171-TH,A10003,1,,,,,0.65
CCTN_32_50,A10003-32-AP-100131-U4AC2A-CCTN_01,AP-00000-01,1031,YES,ETH-100171-TH,A10003,1,,,,,0.9685
CCTN_32_50,A10005-32-AP-100151-U4AC2A-CCTN_01,AP-00000-01,1082,YES,ETH-933231-TH,A10005,1,,,,,1.274
CCTN_32_50,A10005-32-AP-100161-U4AC2A-CCTN_01,AP-00000-01,1083,YES,ETH-100171-TH,A10005,1,,,,,0.702
CCTN_32_50,A10005-32-AP-100171-U4AC2A-CCTN_01,AP-00000-01,1084,YES,ETH-100171-TH,A10005,1,,,,,0.988
CCTN_50_50,PR19-50-AP-933231-U4AC2A-CCTN_01,AP-PR19-01,1100,YES,ETH-933231-TH,PR19,1,,,,,2.3725
CCTN_50_50,PR19-50-AP-933231-U4AC2A-CCTN_01,AP-PR19-01,1100,YES,ETH-933231-TH,PR19,1,,,,,0.6075
CCTN_25_50,PR19-50-AP-933231-U4AC2A-CCTN_01,AP-PR19-01,1100,YES,ETH-933231-TH,PR19,1,,,,,0.105
CCTN_15_50,PR19-50-AP-933231-U4AC2A-CCTN_01,AP-PR19-01,1100,YES,ETH-933231-TH,PR19,1,,,,,0.2795
CCTN_50_50,PR19-50-AP-933231-U4AC2A-CCTN_01,AP-PR19-01,1100,YES,ETH-933231-TH,PR19,1,,,,,0.3965
CCTN_50_50,PR19-50-AP-933231-U4AC2A-CCTN_01,AP-PR19-01,1100,YES,ETH-933231-TH,PR19,1,,,,,0.7345
CCTN_25_50,PR19-50-AP-933231-U4AC2A-CCTN_01,AP-PR19-01,1100,YES,ETH-933231-TH,PR19,1,,,,,0.169
CCTN_25_50,PR19-50-AP-933231-U4AC2A-CCTN_01,AP-PR19-01,1100,YES,ETH-933231-TH,PR19,1,,,,,0.169
CCTN_50_50,PR19-50-AP-933232-U4AC2A-CCTN_01,AP-00000-01,1100,YES,ETH-933231-TH,PR19,1,,,,,2.1075
CCTN_50_50,PR19-50-AP-933232-U4AC2A-CCTN_01,AP-00000-01,1100,YES,ETH-933231-TH,PR19,1,,,,,2.115
CCTN_50_50,PR19-50-AP-933232-U4AC2A-CCTN_01,AP-00000-01,1100,YES,ETH-933231-TH,PR19,1,,,,,2.31
CCTN_50_50,PR19-50-AP-933232-U4AC2A-CCTN_01,AP-00000-01,1100,YES,ETH-933231-TH,PR19,1,,,,,1.352
CCTN_32_50,PR19-50-AP-933232-U4AC2A-CCTN_01,AP-00000-01,1100,YES,ETH-933231-TH,PR19,1,,,,,0.1105
CCTN_50_50,A10001-50-AP-933232-U4AC2A-CCTN_01,AP-00000-01,ANULADA,NOT,NOT,A10001,1,,,,,1.63875
CCTN_32_50,A10001-50-AP-933232-U4AC2A-CCTN_01,AP-00000-01,ANULADA,NOT,NOT,A10001,1,,,,,0.03
CCTN_50_50,A10001-50-AP-933232-U4AC2A-CCTN_01,AP-00000-01,ANULADA,NOT,NOT,A10001,1,,,,,0.5915
CCTN_25_50,A10001-50-AP-933232-U4AC2A-CCTN_01,AP-00000-01,ANULADA,NOT,NOT,A10001,1,,,,,0.03
CCTN_50_50,PR19-32-AP-933233-U4AC2A-CCTN_01,AP-00000-01,1100,YES,ETH-100171-TH,PR19,1,,,,,0.01875
CCTN_32_50,PR19-32-AP-933233-U4AC2A-CCTN_01,AP-00000-01,1100,YES,ETH-100171-TH,PR19,1,,,,,1.7875
CCTN_32_50,A10004-32-AP-933234-U4AC2A-CCTN_01,AP-00000-01,1052,YES,ETH-100171-TH,A10004,1,,,,,0.975
CCTN_50_50,A10001-50-AP-933235-U4AC2A-CCTN_01,AP-00000-01,1007,YES,ETH-100031-TH,A10001,1,,,,,1.97275
CCTN_32_50,A10001-50-AP-933235-U4AC2A-CCTN_01,AP-00000-01,1007,YES,ETH-100031-TH,A10001,1,,,,,1.885
CCTN_50_50,A10003-32-AP-933236-U4AC2A-CCTN_01,AP-00000-01,1031,YES,ETH-933231-TH,A10003,1,,,,,1.521
CCTN_50_50,A10001-32-AP-933298-U4AC2A-CCTN_01,AP-00000-01,1007,YES,ETH-933235-TH,A10001,1,,,,,1.105
CCTN_50_50,A10001-32-AP-933298-U4AC2A-CCTN_01,AP-00000-01,1007,YES,ETH-933235-TH,A10001,1,,,,,0.09375
CCTN_32_50,A10001-32-AP-933298-U4AC2A-CCTN_01,AP-00000-01,1007,YES,ETH-933235-TH,A10001,1,,,,,1.04
PP_150_30,A10001-150-AR-101266-U1BC2A-PP_01,AR-00000-02,1012,NOT,NOT,A10001,1,,,,,0.38714
PP_25_30,A10001-150-AR-101266-U1BC2A-PP_01,AR-00000-02,1012,NOT,NOT,A10001,1,,,,,0.169
PP_150_30,A10001-150-AR-95641-U1BC2A-PP_01,AR-00000-01,1015,NOT,NOT,A10001,1,,,,,0.1917
PP_150_30,A10001-150-AR-95641-U1BC2A-PP_01,AR-00000-01,1015,NOT,NOT,A10001,1,,,,,0.4225
PP_100_30,A10001-150-AR-95641-U1BC2A-PP_01,AR-00000-01,1015,NOT,NOT,A10001,1,,,,,0.481
PP_25_30,A10001-150-AR-95641-U1BC2A-PP_01,AR-00000-01,1015,NOT,NOT,A10001,1,,,,,0.494
PP_150_30,A10001-150-AR-95642-U1BC2A-PP_01,AR-00000-01,1015,NOT,NOT,A10001,1,,,,,0.468
PP_100_30,A10001-150-AR-95642-U1BC2A-PP_01,AR-00000-01,1015,NOT,NOT,A10001,1,,,,,0.481
PP_150_30,A10001-150-AR-95642-U1BC2A-PP_01,AR-00000-01,1015,NOT,NOT,A10001,1,,,,,0.45
PP_100_30,A10001-150-AR-95642-U1BC2A-PP_01,AR-00000-01,1015,NOT,NOT,A10001,1,,,,,0.2275
PP_25_30,A10001-150-AR-95642-U1BC2A-PP_01,AR-00000-01,1015,NOT,NOT,A10001,1,,,,,0.169
PP_150_30,A10001-150-AR-95642-U1BC2A-PP_01,AR-00000-01,1015,NOT,NOT,A10001,1,,,,,0.3835
PP_80_30,A10001-150-AR-95642-U1BC2A-PP_01,AR-00000-01,1015,NOT,NOT,A10001,1,,,,,0.195
PP_25_30,A10001-150-AR-95642-U1BC2A-PP_01,AR-00000-01,1015,NOT,NOT,A10001,1,,,,,0.338
PP_150_30,A10001-150-AR-95642-U1BC2A-PP_01,AR-00000-01,1015,NOT,NOT,A10001,1,,,,,0.546
PP_25_30,A10001-150-AR-95642-U1BC2A-PP_01,AR-00000-01,1015,NOT,NOT,A10001,1,,,,,0.2405
CCTN_25_50,A10001-25-AT-108205-U4AC2A-CCTN_01,AT-00000-01,1009,YES,ETH-108205-TH,A10001,1,,,,,0.8905
CCTN_25_50,A10001-25-AT-108205-U4AC2A-CCTN_01,AT-00000-01,1009,YES,ETH-108205-TH,A10001,1,,,,,1.092
CCTN_20_50,A10005-20-AT-94473-U4AC2A-CCTN_01,AT-00000-01,1085,YES,ETH-94492-TH,A10005,1,,,,,1.599
CCTN_20_50,A10005-20-AT-94473-U4AC2A-CCTN_01,AT-00000-01,1085,YES,ETH-94492-TH,A10005,1,,,,,0.325
CCTN_20_50,A10001-20-AT-94474-U4AC2A-CCTN_01,AT-10001-01,1008,YES,EHT-94493-TH,A10001,1,,,,,0.3965
CCTN_20_50,A10001-20-AT-94474-U4AC2A-CCTN_01,AT-10001-01,1008,YES,EHT-94493-TH,A10001,1,,,,,0.182
CCTN_20_50,A10003-20-AT-94476-U4AC2A-CCTN_01,AT-10003-01,1034,YES,EHT-94485-TH,A10003,1,,,,,1.0985
CCTN_20_50,A10003-20-AT-94476-U4AC2A-CCTN_01,AT-10003-01,1034,YES,EHT-94485-TH,A10003,1,,,,,0.182
CCTN_20_50,A10004-20-AT-94478-U4AC2A-CCTN_01,AT-00000-01,1050,YES,EHT-94479-TH,A10004,1,,,,,0.7475
CCTN_15_50,A10004-20-AT-94478-U4AC2A-CCTN_01,AT-00000-01,1050,YES,EHT-94479-TH,A10004,1,,,,,0.182
CCTN_20_50,A10005-20-AT-94479-U4AC2A-CCTN_01,AT-00000-01,1086,YES,EHT-94479-TH,A10005,1,,,,,1.066
CCTN_15_50,A10005-20-AT-94479-U4AC2A-CCTN_01,AT-00000-01,1086,YES,EHT-94479-TH,A10005,1,,,,,0.182
CCTN_20_50,A10003-20-AT-94481-U4AC2A-CCTN_01,AT-10003-01,1034,YES,EHT-94485-TH,A10003,1,,,,,1.066
CCTN_20_50,A10003-20-AT-94481-U4AC2A-CCTN_01,AT-10003-01,1034,YES,EHT-94485-TH,A10003,1,,,,,0.182
CCTN_20_50,A10003-20-AT-94482-U4AC2A-CCTN_01,AT-10003-01,1034,YES,EHT-94485-TH,A10003,1,,,,,0.5785
CCTN_20_50,A10003-20-AT-94482-U4AC2A-CCTN_01,AT-10003-01,1034,YES,EHT-94485-TH,A10003,1,,,,,0.182
CCTN_25_50,A10003-20-AT-94483-U4AC2A-CCTN_01,AT-10003-01,1034,YES,EHT-94485-TH,A10003,1,,,,,0.0225
CCTN_20_50,A10003-20-AT-94483-U4AC2A-CCTN_01,AT-10003-01,1034,YES,EHT-94485-TH,A10003,1,,,,,0.819
CCTN_20_50,A10003-20-AT-94483-U4AC2A-CCTN_01,AT-10003-01,1034,YES,EHT-94485-TH,A10003,1,,,,,0.182
CCTN_25_50,A10003-25-AT-94485-U4AC2A-CCTN_01,AT-10003-01,1034,YES,EHT-94485-TH,A10003,1,,,,,1.326
CCTN_25_50,A10003-25-AT-94485-U4AC2A-CCTN_01,AT-10003-01,1034,YES,EHT-94485-TH,A10003,1,,,,,1.3065
CCTN_25_50,A10003-25-AT-94485-U4AC2A-CCTN_01,AT-10003-01,1034,YES,EHT-94485-TH,A10003,1,,,,,1.86
CCTN_25_50,A10001-20-AT-94488-U4AC2A-CCTN_01,AT-10001-01,1008,YES,EHT-94493-TH,A10001,1,,,,,0.39
CCTN_20_50,A10001-20-AT-94488-U4AC2A-CCTN_01,AT-10001-01,1008,YES,EHT-94493-TH,A10001,1,,,,,0.9375
CCTN_20_50,A10001-20-AT-94488-U4AC2A-CCTN_01,AT-10001-01,1008,YES,EHT-94493-TH,A10001,1,,,,,0.4355
CCTN_20_50,A10001-20-AT-94489-U4AC2A-CCTN_01,AT-10001-01,1008,YES,EHT-94493-TH,A10001,1,,,,,0.4875
CCTN_50_50,PR19-50-AT-94492-U4AC2A-CCTN_01,AT-PR19-01,1104,YES,ETH-94492-TH,PR19,1,,,,,2.3075
CCTN_50_50,PR19-50-AT-94492-U4AC2A-CCTN_01,AT-PR19-01,1104,YES,ETH-94492-TH,PR19,1,,,,,0.37125
CCTN_25_50,PR19-50-AT-94492-U4AC2A-CCTN_01,AT-PR19-01,1104,YES,ETH-94492-TH,PR19,1,,,,,0.0375
CCTN_15_50,PR19-50-AT-94492-U4AC2A-CCTN_01,AT-PR19-01,1104,YES,ETH-94492-TH,PR19,1,,,,,0.273
CCTN_50_50,PR19-50-AT-94492-U4AC2A-CCTN_01,AT-PR19-01,1104,YES,ETH-94492-TH,PR19,1,,,,,0.40875
CCTN_25_50,PR19-50-AT-94492-U4AC2A-CCTN_01,AT-PR19-01,1104,YES,ETH-94492-TH,PR19,1,,,,,0.1125
CCTN_25_50,PR19-50-AT-94492-U4AC2A-CCTN_01,AT-PR19-01,1104,YES,ETH-94492-TH,PR19,1,,,,,0.169
CCTN_50_50,PR19-50-AT-94492-U4AC2A-CCTN_01,AT-PR19-01,1104,YES,ETH-94492-TH,PR19,1,,,,,3.915
CCTN_25_50,PR19-50-AT-94492-U4AC2A-CCTN_01,AT-PR19-01,1104,YES,ETH-94492-TH,PR19,1,,,,,0.1105
CCTN_50_50,PR19-50-AT-94492-U4AC2A-CCTN_01,AT-PR19-01,1104,YES,ETH-94492-TH,PR19,1,,,,,1.1175
CCTN_25_50,PR19-50-AT-94492-U4AC2A-CCTN_01,AT-PR19-01,1104,YES,ETH-94492-TH,PR19,1,,,,,0.2795
CCTN_50_50,PR19-50-AT-94492-U4AC2A-CCTN_01,AT-PR19-01,1104,YES,ETH-94492-TH,PR19,1,,,,,1.77
CCTN_50_50,PR19-50-AT-94492-U4AC2A-CCTN_01,AT-PR19-01,1104,YES,ETH-94492-TH,PR19,1,,,,,1.443
CCTN_50_50,PR19-50-AT-94492-U4AC2A-CCTN_01,AT-PR19-01,1104,YES,ETH-94492-TH,PR19,1,,,,,2.678
CCTN_25_50,A10004-50-AT-94492-U4AC2A-CCTN_01,AT-PR19-01,1051,YES,EHT-94479-TH,A10004,1,,,,,0.624
CCTN_25_50,A10004-50-AT-94492-U4AC2A-CCTN_01,AT-PR19-01,1051,YES,EHT-94479-TH,A10004,1,,,,,0.8325
CCTN_25_50,A10001-25-AT-94493-U4AC2A-CCTN_01,AT-10001-01,1008,YES,EHT-94493-TH,A10001,1,,,,,1.4755
CCTN_25_50,A10001-25-AT-94493-U4AC2A-CCTN_01,AT-10001-01,1008,YES,EHT-94493-TH,A10001,1,,,,,0.8775
CCTN_25_50,A10001-25-AT-94493-U4AC2A-CCTN_01,AT-10001-01,1008,YES,EHT-94493-TH,A10001,1,,,,,1.26
CCTN_25_50,A10001-25-AT-94493-U4AC2A-CCTN_01,AT-10001-01,1008,YES,EHT-94493-TH,A10001,1,,,,,1.3325
CCTN_25_50,A10001-20-AT-94494-U4AC2A-CCTN_01,AT-10001-01,1008,YES,EHT-94495-TH,A10001,1,,,,,0.0225
CCTN_20_50,A10001-20-AT-94494-U4AC2A-CCTN_01,AT-10001-01,1008,YES,EHT-94495-TH,A10001,1,,,,,1.3585
CCTN_15_50,A10001-20-AT-94494-U4AC2A-CCTN_01,AT-10001-01,1008,YES,EHT-94495-TH,A10001,1,,,,,0.182
CCTN_20_50,A10001-20-AT-94495-U4AC2A-CCTN_01,AT-10001-01,1008,YES,EHT-94495-TH,A10001,1,,,,,1.703
CCTN_15_50,A10001-20-AT-94495-U4AC2A-CCTN_01,AT-10001-01,1008,YES,EHT-94495-TH,A10001,1,,,,,0.182
CCTN_20_50,A10001-20-AT-94496-U4AC2A-CCTN_01,AT-10001-01,1008,YES,EHT-94493-TH,A10001,1,,,,,0.3705
CCTN_15_50,A10001-20-AT-94496-U4AC2A-CCTN_01,AT-10001-01,1008,YES,EHT-94493-TH,A10001,1,,,,,0.182
CCTN_20_50,A10001-20-AT-94498-U4AC2A-CCTN_01,AT-10001-01,1008,YES,EHT-94493-TH,A10001,1,,,,,0.4615
CCTN_15_50,A10001-20-AT-94498-U4AC2A-CCTN_01,AT-10001-01,1008,YES,EHT-94493-TH,A10001,1,,,,,0.182
CCTN_20_50,A10001-20-AT-94499-U4AC2A-CCTN_01,AT-10001-01,1008,YES,EHT-94493-TH,A10001,1,,,,,0.4615
CCTN_15_50,A10001-20-AT-94499-U4AC2A-CCTN_01,AT-10001-01,1008,YES,EHT-94493-TH,A10001,1,,,,,0.182
CC_80_60,A10001-80-C6-95601-U1CD2B-CC_01,C6-10001-02,1025,NOT,NOT,A10001,1,,,,,0.637
CC_80_60,A10001-80-C6-95601-U1CD2B-CC_01,C6-10001-02,1025,NOT,NOT,A10001,1,,,,,0.95875
CC_50_60,A10001-80-C6-95601-U1CD2B-CC_01,C6-10001-02,1025,NOT,NOT,A10001,1,,,,,0.2015
CC_40_60,A10001-80-C6-95601-U1CD2B-CC_01,C6-10001-02,1025,NOT,NOT,A10001,1,,,,,0.1495
CC_25_50,A10001-80-C6-95601-U1CD2B-CC_01,C6-10001-02,1025,NOT,NOT,A10001,1,,,,,0.2535
CC_80_60,A10001-80-C6-95602-U1CD2B-CC_01,C6-10001-02,1025,NOT,NOT,A10001,1,,,,,0.63375
CC_50_60,A10001-80-C6-95602-U1CD2B-CC_01,C6-10001-02,1025,NOT,NOT,A10001,1,,,,,0.2015
CC_40_60,A10001-80-C6-95602-U1CD2B-CC_01,C6-10001-02,1025,NOT,NOT,A10001,1,,,,,0.1495
CC_25_50,A10001-80-C6-95602-U1CD2B-CC_01,C6-10001-02,1025,NOT,NOT,A10001,1,,,,,0.2535
CCTN_100_60,A10001-100-C6-95604-U1CD2B-CCTN_01,EFL-10001-03,2031,YES,EHT-95604-TH,A10001,1,,,,,0.5625
CCTN_25_50,A10001-100-C6-95604-U1CD2B-CCTN_01,EFL-10001-03,2031,YES,EHT-95604-TH,A10001,1,,,,,0.338
CCTN_100_60,A10001-100-C6-95604-U1CD2B-CCTN_01,EFL-10001-03,2031,YES,EHT-95604-TH,A10001,1,,,,,0.741
CCTN_25_50,A10001-100-C6-95604-U1CD2B-CCTN_01,EFL-10001-03,2031,YES,EHT-95604-TH,A10001,1,,,,,0.169
CC_20_50,A10003-20-C6-95608-U1CD2B-CC_01,C6-00000-01,65,NOT,NOT,A10003,1,,,,,0.806
CC_20_50,A10003-20-C6-95608-U1CD2B-CC_01,C6-00000-01,65,NOT,NOT,A10003,1,,,,,0.8775
CC_150_80,A10001-150-C6-95608-U1CD2B-CC_01,C6-00000-01,65,NOT,NOT,A10001,1,,,,,0.69
CC_150_80,A10001-150-C6-95608-U1CD2B-CC_01,C6-00000-01,65,NOT,NOT,A10001,1,,,,,1.2545
CC_100_80,A10001-150-C6-95608-U1CD2B-CC_01,C6-00000-01,65,NOT,NOT,A10001,1,,,,,0.312
CC_50_60,A10001-150-C6-95608-U1CD2B-CC_01,C6-00000-01,65,NOT,NOT,A10001,1,,,,,0.0225
CC_20_50,A10001-150-C6-95608-U1CD2B-CC_01,C6-00000-01,65,NOT,NOT,A10001,1,,,,,0.7475
CC_150_80,PR19-150-C6-95608-U1CD2B-CC_01,C6-00000-01,65,NOT,NOT,PR19,1,,,,,1.885
CC_25_50,PR19-150-C6-95608-U1CD2B-CC_01,C6-00000-01,65,NOT,NOT,PR19,1,,,,,0.169
CC_150_80,PR19-150-C6-95608-U1CD2B-CC_01,C6-00000-01,65,NOT,NOT,PR19,1,,,,,2.805
CC_40_60,PR19-150-C6-95608-U1CD2B-CC_01,C6-00000-01,65,NOT,NOT,PR19,1,,,,,0.1105
CC_40_60,PR19-150-C6-95608-U1CD2B-CC_02,C6-00000-01,65,NOT,NOT,PR19,1,,,,,1.23
CC_50_60,A9200-50-C6-95621-U1CD2B-CC_01,C6-PR18-01,ANULADA,YES,EHT-95621-06-TH,A9200,1,,,,,1.56
CC_50_60,A9200-50-C6-95621-U1CD2B-CC_01,C6-PR18-01,ANULADA,YES,EHT-95621-06-TH,A9200,1,,,,,0.2015
CC_50_60,A9200-50-C6-95621-U1CD2B-CC_01,C6-PR18-01,ANULADA,YES,EHT-95621-06-TH,A9200,1,,,,,0.32175
CC_50_60,A9200-50-C6-95621-U1CD2B-CC_01,C6-PR18-01,ANULADA,YES,EHT-95621-06-TH,A9200,1,,,,,0.6225
CC_50_60,A9200-50-C6-95621-U1CD2B-CC_01,C6-PR18-01,ANULADA,YES,EHT-95621-06-TH,A9200,1,,,,,0.2015
CC_50_60,A10001-50-C6-95621-U1CD2B-CC_01,C6-PR18-01,1025,YES,EHT-95621-01-TH,A10001,1,,,,,0.79625
CC_50_60,A10001-50-C6-95621-U1CD2B-CC_01,C6-PR18-01,1025,YES,EHT-95621-01-TH,A10001,1,,,,,0.585
CC_25_50,A10001-50-C6-95621-U1CD2B-CC_01,C6-PR18-01,1025,YES,EHT-95621-01-TH,A10001,1,,,,,0.1755
CC_50_60,A10001-50-C6-95621-U1CD2B-CC_01,C6-PR18-01,1025,YES,EHT-95621-01-TH,A10001,1,,,,,1.14
CC_50_60,A10001-50-C6-95621-U1CD2B-CC_01,C6-PR18-01,1025,YES,EHT-95621-01-TH,A10001,1,,,,,0.806
CC_40_60,A10001-50-C6-95621-U1CD2B-CC_01,C6-PR18-01,1025,YES,EHT-95621-01-TH,A10001,1,,,,,0.075
CC_80_60,A10001-50-C6-95621-U1CD2B-CC_01,C6-PR18-01,1025,YES,EHT-95621-01-TH,A10001,1,,,,,0.02625
CC_50_60,A10001-50-C6-95621-U1CD2B-CC_01,C6-PR18-01,1025,YES,EHT-95621-01-TH,A10001,1,,,,,0.6435
CC_25_50,A10001-50-C6-95621-U1CD2B-CC_01,C6-PR18-01,1025,YES,EHT-95621-01-TH,A10001,1,,,,,0.169
CC_80_60,A10001-50-C6-95621-U1CD2B-CC_01,C6-PR18-01,1025,YES,EHT-95621-01-TH,A10001,1,,,,,0.10125
CC_50_60,A10001-50-C6-95621-U1CD2B-CC_01,C6-PR18-01,1025,YES,EHT-95621-01-TH,A10001,1,,,,,0.377
CC_50_60,A10001-50-C6-95621-U1CD2B-CC_01,C6-PR18-01,1025,YES,EHT-95621-01-TH,A10001,1,,,,,0.858
CC_50_60,A10001-50-C6-95621-U1CD2B-CC_01,C6-PR18-01,1025,YES,EHT-95621-01-TH,A10001,1,,,,,0.30875
CC_40_60,A10001-50-C6-95621-U1CD2B-CC_01,C6-PR18-01,1025,YES,EHT-95621-01-TH,A10001,1,,,,,0.195
CC_25_50,A10001-50-C6-95621-U1CD2B-CC_01,C6-PR18-01,1025,YES,EHT-95621-01-TH,A10001,1,,,,,0.169
CC_50_60,A10001-50-C6-95621-U1CD2B-CC_01,C6-PR18-01,1025,YES,EHT-95621-01-TH,A10001,1,,,,,0.46475
CC_25_50,A10001-50-C6-95621-U1CD2B-CC_01,C6-PR18-01,1025,YES,EHT-95621-01-TH,A10001,1,,,,,0.169
CC_50_60,A10001-50-C6-95621-U1CD2B-CC_01,C6-PR18-01,1025,YES,EHT-95621-01-TH,A10001,1,,,,,1.4235
CC_50_60,PR01-50-C6-95621-U1CD2B-CC_01,C6-10001-02,1053,YES,EHT-95621-04-TH,PR01,1,,,,,1.35
CC_50_60,PR01-50-C6-95621-U1CD2B-CC_01,C6-10001-02,1053,YES,EHT-95621-04-TH,PR01,1,,,,,1.755
CC_50_60,PR01-50-C6-95621-U1CD2B-CC_01,C6-10001-02,1053,YES,EHT-95621-04-TH,PR01,1,,,,,2.895
CC_50_60,PR01-50-C6-95621-U1CD2B-CC_01,C6-10001-02,1053,YES,EHT-95621-04-TH,PR01,1,,,,,0.6375
CC_50_60,PR01-50-C6-95621-U1CD2B-CC_01,C6-10001-02,1053,YES,EHT-95621-04-TH,PR01,1,,,,,0.2015
CC_50_60,PR02-50-C6-95621-U1CD2B-CC_01,C6-10001-02,1053,YES,EHT-95621-06-TH,PR02,1,,,,,0.7475
CC_50_60,PR11-50-C6-95621-U1CD2B-CC_01,C6-10001-02,1053,YES,EHT-95621-02-TH,PR11,1,,,,,0.6675
CC_50_60,PR12-50-C6-95621-U1CD2B-CC_01,C6-10001-02,1053,YES,EHT-95621-03-TH,PR12,1,,,,,2.46
CC_50_60,PR12-50-C6-95621-U1CD2B-CC_01,C6-10001-02,1053,YES,EHT-95621-03-TH,PR12,1,,,,,1.395
CC_50_60,PR12-50-C6-95621-U1CD2B-CC_01,C6-10001-02,1053,YES,EHT-95621-03-TH,PR12,1,,,,,2.3475
CC_50_60,PR12-50-C6-95621-U1CD2B-CC_01,C6-10001-02,1053,YES,EHT-95621-03-TH,PR12,1,,,,,1.1025
CC_50_60,PR18-50-C6-95621-U1CD2B-CC_01,C6-10001-02,1025,YES,EHT-95621-02-TH,PR18,1,,,,,2.444
CC_50_60,PR19-50-C6-95621-U1CD2B-CC_01,C6-10001-02,1025,YES,EHT-95621-02-TH,PR19,1,,,,,3.0225
CC_50_60,PR20-50-C6-95621-U1CD2B-CC_01,C6-10001-02,1053,YES,EHT-95621-05-TH,PR20,1,,,,,2.025
CC_50_60,PR20-50-C6-95621-U1CD2B-CC_01,C6-10001-02,1053,YES,EHT-95621-05-TH,PR20,1,,,,,2.22
CC_25_50,A10001-25-C6-95622-U1CD2B-CC_01,C6-10001-02,1025,NOT,NOT,A10001,1,,,,,1.157
CC_50_60,A10001-50-C6-95631-U1CD2B-CC_01,C6-10001-02,1025,NOT,NOT,A10001,1,,,,,0.38025
CC_50_60,A10001-50-C6-95631-U1CD2B-CC_01,C6-10001-02,1025,NOT,NOT,A10001,1,,,,,0.689
CC_25_50,A10001-50-C6-95631-U1CD2B-CC_01,C6-10001-02,1025,NOT,NOT,A10001,1,,,,,0.1755
CC_50_60,A10001-50-C6-95631-U1CD2B-CC_01,C6-10001-02,1025,NOT,NOT,A10001,1,,,,,0.195
CC_100_80,A10001-50-C6-95643-U1CD2B-CC_01,C6-10001-02,1026,NOT,NOT,A10001,1,,,,,0.0225
CC_50_60,A10001-50-C6-95643-U1CD2B-CC_01,C6-10001-02,1026,NOT,NOT,A10001,1,,,,,0.247
CC_25_50,A10001-50-C6-95643-U1CD2B-CC_01,C6-10001-02,1026,NOT,NOT,A10001,1,,,,,0.325
CC_50_60,A10001-50-C6-95643-U1CD2B-CC_01,C6-10001-02,1026,NOT,NOT,A10001,1,,,,,0.6825
CC_20_60,A10001-20-V6-92198-U1CD2B-CC_01,V6-10001-01,1017,NOT,NOT,A10001,1,,,,,1.7615
CC_20_60,A10001-20-V6-92199-U1CD2B-CC_01,V6-00000-01,159,NOT,NOT,A10001,1,,,,,1.005
CC_20_60,A10001-20-V6-92199-U1CD2B-CC_01,V6-00000-01,159,NOT,NOT,A10001,1,,,,,1.404
CC_20_60,A10003-20-V6-92199-U1CD2B-CC_01,V6-00000-01,159,NOT,NOT,A10003,1,,,,,1.23
CC_20_60,A10003-20-V6-92199-U1CD2B-CC_01,V6-00000-01,159,NOT,NOT,A10003,1,,,,,1.0855
CC_250_90,PR11-250-V6-92199-U1CD2B-CC_01,V6-00000-01,159,NOT,NOT,PR11,1,,,,,0.702
CC_250_90,PR18-250-V6-92199-U1CD2B-CC_01,V6-00000-01,159,NOT,NOT,PR18,1,,,,,1.0335
CC_25_60,PR18-250-V6-92199-U1CD2B-CC_01,V6-00000-01,159,NOT,NOT,PR18,1,,,,,0.169
CC_250_90,PR18-250-V6-92199-U1CD2B-CC_01,V6-00000-01,159,NOT,NOT,PR18,1,,,,,0.18
CC_25_60,PR18-250-V6-92199-U1CD2B-CC_01,V6-00000-01,159,NOT,NOT,PR18,1,,,,,0.169
CC_250_90,PR18-250-V6-92199-U1CD2B-CC_01,V6-00000-01,159,NOT,NOT,PR18,1,,,,,0.06
CC_150_90,PR18-250-V6-92199-U1CD2B-CC_01,V6-00000-01,159,NOT,NOT,PR18,1,,,,,0.3965
CC_250_90,PR18-250-V6-92199-U1CD2B-CC_01,V6-00000-01,159,NOT,NOT,PR18,1,,,,,0.195
CC_50_80,PR18-250-V6-92199-U1CD2B-CC_01,V6-00000-01,159,NOT,NOT,PR18,1,,,,,0.6045
CC_250_90,PR18-250-V6-92199-U1CD2B-CC_01,V6-00000-01,159,NOT,NOT,PR18,1,,,,,1.3275
CC_250_90,PR19-250-V6-92199-U1CD2B-CC_01,V6-00000-01,159,NOT,NOT,PR19,1,,,,,2.5425
CC_80_80,PR19-250-V6-92199-U1CD2B-CC_01,V6-00000-01,159,NOT,NOT,PR19,1,,,,,0.234
CC_250_90,PR19-250-V6-92199-U1CD2B-CC_01,V6-00000-01,159,NOT,NOT,PR19,1,,,,,0.2025
CC_80_80,PR19-250-V6-92199-U1CD2B-CC_01,V6-00000-01,159,NOT,NOT,PR19,1,,,,,0.0375
CC_25_60,PR19-250-V6-92199-U1CD2B-CC_01,V6-00000-01,159,NOT,NOT,PR19,1,,,,,0.1105
CC_250_90,PR19-250-V6-92199-U1CD2B-CC_01,V6-00000-01,159,NOT,NOT,PR19,1,,,,,0.675
CC_150_90,PR19-250-V6-92199-U1CD2B-CC_01,V6-00000-01,159,NOT,NOT,PR19,1,,,,,0.06
CC_150_90,PR19-250-V6-92199-U1CD2B-CC_01,V6-00000-01,159,NOT,NOT,PR19,1,,,,,0.0225
CC_20_60,PR19-250-V6-92199-U1CD2B-CC_01,V6-00000-01,159,NOT,NOT,PR19,1,,,,,0.169
CC_250_90,PR19-250-V6-92199-U1CD2B-CC_01,V6-00000-01,159,NOT,NOT,PR19,1,,,,,1.335
CC_250_90,PR19-250-V6-92199-U1CD2B-CC_01,V6-00000-01,159,NOT,NOT,PR19,1,,,,,2.88
CC_80_80,PR19-250-V6-92199-U1CD2B-CC_01,V6-00000-01,159,NOT,NOT,PR19,1,,,,,0.03
CC_250_90,PR19-250-V6-92199-U1CD2B-CC_01,V6-00000-01,159,NOT,NOT,PR19,1,,,,,1.7325
CC_100_80,PR19-250-V6-92199-U1CD2B-CC_01,V6-00000-01,159,NOT,NOT,PR19,1,,,,,0.03
CC_25_60,PR19-250-V6-92199-U1CD2B-CC_01,V6-00000-01,159,NOT,NOT,PR19,1,,,,,0.0075
CC_25_60,PR19-250-V6-92199-U1CD2B-CC_01,V6-00000-01,159,NOT,NOT,PR19,1,,,,,0.1625
CC_250_90,PR19-250-V6-92199-U1CD2B-CC_01,V6-00000-01,159,NOT,NOT,PR19,1,,,,,0.2535
CC_150_90,PR19-250-V6-92199-U1CD2B-CC_01,V6-00000-01,159,NOT,NOT,PR19,1,,,,,0.06
CC_150_90,PR19-250-V6-92199-U1CD2B-CC_01,V6-00000-01,159,NOT,NOT,PR19,1,,,,,0.0225
CC_20_60,PR19-250-V6-92199-U1CD2B-CC_01,V6-00000-01,159,NOT,NOT,PR19,1,,,,,0.2015
CC_150_80,A10001-150-V6-95603-U1CD2B-CC_01,EFL-10001-03,58,NOT,NOT,A10001,1,,,,,0.923
CC_150_80,A10001-150-V6-95603-U1CD2B-CC_01,EFL-10001-03,58,NOT,NOT,A10001,1,,,,,0.832
CC_150_80,A10001-150-V6-95603-U1CD2B-CC_01,EFL-10001-03,58,NOT,NOT,A10001,1,,,,,0.624
CC_80_60,A10001-150-V6-95603-U1CD2B-CC_01,EFL-10001-03,58,NOT,NOT,A10001,1,,,,,0.3445
CC_150_80,A10001-150-V6-95603-U1CD2B-CC_01,EFL-10001-03,58,NOT,NOT,A10001,1,,,,,0.9225
CC_150_80,A10001-150-V6-95603-U1CD2B-CC_01,EFL-10001-03,58,NOT,NOT,A10001,1,,,,,0.247
CC_100_80,A10001-150-V6-95603-U1CD2B-CC_01,EFL-10001-03,58,NOT,NOT,A10001,1,,,,,0.4875
CC_80_60,A10001-80-V6-95605-U1CD2B-CC_01,C6-10001-02,56,NOT,NOT,A10001,1,,,,,0.2405
CC_80_60,A10001-80-VT2-95609-U1CD2B-CC_01,C6-10001-02,56,NOT,NOT,A10001,1,,,,,0.1755
CC_50_60,A10001-80-VT2-95609-U1CD2B-CC_02,C6-10001-02,R-9560,NOT,NOT,A10001,1,,,,,0.195
CC_80_60,A10001-80-VT2-95609-U1CD2B-CC_04,C6-10001-02,R-9562,NOT,NOT,A10001,1,,,,,0.195
CC_80_60,A10001-80-VT2-95609-U1CD2B-CC_05,C6-10001-02,R-9563,NOT,NOT,A10001,1,,,,,0.195
CCTN_25_50,A10001-25-ACL-101124-U4BC1B-CCTN_01,ACL-10001-01,1005,YES,ETH-101124-TH,A10001,1,,,,,0.6175
CCTN_25_50,A10001-25-ACL-101146-U4BC1B-CCTN_01,ACL-10001-01,1005,YES,ETH-101124-TH,A10001,1,,,,,1.32
CCTN_25_50,A10001-25-ACL-101146-U4BC1B-CCTN_01,ACL-10001-01,1005,YES,ETH-101124-TH,A10001,1,,,,,0.858
CCTN_25_50,A10001-25-ACL-101147-U4BC1B-CCTN_01,ACL-10001-01,1005,YES,ETH-101124-TH,A10001,1,,,,,0.4355
CCTN_25_50,A10001-25-ACL-101244-U4BC1B-CCTN_01,ACL-10001-01,1005,YES,ETH-101124-TH,A10001,1,,,,,0.8125
CCTN_25_50,A10001-25-ACL-101295-U4BC1B-CCTN_01,ACL-10001-01,1005,YES,ETH-101124-TH,A10001,1,,,,,1.053
CCTN_25_50,A10001-25-ACL-101325-U4BC1B-CCTN_01,ACL-10001-01,1005,YES,ETH-108636-TH,A10001,1,,,,,0.7085
CCTN_25_50,A10001-25-ACL-101326-U4BC1B-CCTN_01,ACL-10001-01,1005,YES,ETH-95215-05-TH,A10001,1,,,,,0.8385
CCTN_25_50,A10001-25-ACL-102228-U4BC1B-CCTN_01,ACL-10001-01,1005,YES,ETH-102228-TH,A10001,1,,,,,0.9425
CCTN_25_50,A10001-25-ACL-102229-U4BC1B-CCTN_01,ACL-10001-01,1005,YES,ETH-102228-TH,A10001,1,,,,,1.0335
CCTN_25_50,A10001-25-ACL-102324-U4BC1B-CCTN_01,ACL-10001-01,1005,YES,ETH-108636-TH,A10001,1,,,,,0.6175
CCTN_25_50,A10001-25-ACL-103193-U4BC1B-CCTN_01,ACL-10001-01,1005,YES,ETH-103193-TH,A10001,1,,,,,0.5915
CCTN_25_50,A10001-25-ACL-103194-U4BC1B-CCTN_01,ACL-10001-02,1006,YES,ETH-103992-TH,A10001,1,,,,,0.8325
CCTN_25_50,A10001-25-ACL-103194-U4BC1B-CCTN_01,ACL-10001-02,1006,YES,ETH-103992-TH,A10001,1,,,,,0.845
CCTN_25_50,A10001-25-ACL-103595-U4BC1B-CCTN_01,ACL-10001-01,1005,YES,ETH-103193-TH,A10001,1,,,,,1.131
CCTN_25_50,A10001-25-ACL-103624-U4BC1B-CCTN_01,ACL-10001-01,1005,YES,ETH-103193-TH,A10001,1,,,,,0.91
CCTN_25_50,A10001-25-ACL-103624-U4BC1B-CCTN_01,ACL-10001-01,1005,YES,ETH-103193-TH,A10001,1,,,,,0.7605
CCTN_25_50,A10001-25-ACL-103624-U4BC1B-CCTN_01,ACL-10001-01,1005,YES,ETH-103193-TH,A10001,1,,,,,1.001
CCTN_25_50,A10001-25-ACL-103624-U4BC1B-CCTN_01,ACL-10001-01,1005,YES,ETH-103193-TH,A10001,1,,,,,1.092
CCTN_15_50,A10001-25-ACL-103624-U4BC1B-CCTN_01,ACL-10001-01,1005,YES,ETH-103193-TH,A10001,1,,,,,0.182
CCTN_25_50,A10001-25-ACL-103624-U4BC1B-CCTN_01,ACL-10001-01,1005,YES,ETH-103193-TH,A10001,1,,,,,0.39
CCTN_15_50,A10001-25-ACL-103624-U4BC1B-CCTN_01,ACL-10001-01,1005,YES,ETH-103193-TH,A10001,1,,,,,0.182
CCTN_25_50,A10001-25-ACL-103729-U4BC1B-CCTN_01,ACL-10001-01,1005,YES,ETH-103193-TH,A10001,1,,,,,0.6435
CCTN_25_50,A10001-25-ACL-103899-U4BC1B-CCTN_01,HMBI-10001-02,1006,YES,ETH-103992-TH,A10001,1,,,,,0.5175
CCTN_25_50,A10001-25-ACL-103899-U4BC1B-CCTN_01,HMBI-10001-02,1006,YES,ETH-103992-TH,A10001,1,,,,,1.0205
CCTN_25_50,A10001-25-ACL-104196-U4BC1B-CCTN_01,ACL-10001-01,1005,YES,ETH-104196-TH,A10001,1,,,,,2.9175
CCTN_25_50,A10001-25-ACL-104196-U4BC1B-CCTN_01,ACL-10001-01,1005,YES,ETH-104196-TH,A10001,1,,,,,1.014
CCTN_25_50,A10001-25-ACL-104196-U4BC1B-CCTN_01,ACL-10001-01,1005,YES,ETH-104196-TH,A10001,1,,,,,0.715
CCTN_25_50,A10001-25-ACL-104196-U4BC1B-CCTN_01,ACL-10001-01,1005,YES,ETH-104196-TH,A10001,1,,,,,0.6565
CCTN_40_50,A10001-25-ACL-104196-U4BC1B-CCTN_01,ACL-10001-01,1005,YES,ETH-104196-TH,A10001,1,,,,,0.234
CCTN_25_50,A10001-25-ACL-104196-U4BC1B-CCTN_01,ACL-10001-01,1005,YES,ETH-104196-TH,A10001,1,,,,,0.7475
CCTN_25_50,A10001-25-ACL-104224-U4BC1B-CCTN_01,ACL-10001-01,1005,YES,ETH-95215-05-TH,A10001,1,,,,,0.598
CCTN_25_50,A10001-25-ACL-104229-U4BC1B-CCTN_01,ACL-10001-01,1005,YES,ETH-95215-05-TH,A10001,1,,,,,0.7215
CCTN_25_50,A10001-25-ACL-104626-U4BC1B-CCTN_01,ACL-10001-01,1005,YES,ETH-103193-TH,A10001,1,,,,,0.6175
CCTN_25_50,A10001-25-ACL-104628-U4BC1B-CCTN_01,ACL-10001-01,1005,YES,ETH-103193-TH,A10001,1,,,,,0.6305
CCTN_25_50,A10003-25-ACL-105224-U4BC1B-CCTN_01,ACL-10003-01,1029,YES,ETH-95215-01-TH,A10003,1,,,,,0.8515
CCTN_25_50,A10003-25-ACL-105264-U4BC1B-CCTN_01,ACL-10003-01,1029,YES,ETH-95215-01-TH,A10003,1,,,,,0.702
CCTN_25_50,A10003-25-ACL-105324-U4BC1B-CCTN_01,ACL-00000-01,1030,YES,ETH-105324-TH,A10003,1,,,,,1.3875
CCTN_25_50,A10003-25-ACL-105324-U4BC1B-CCTN_01,ACL-00000-01,1030,YES,ETH-105324-TH,A10003,1,,,,,0.78
CCTN_25_50,A10003-25-ACL-105425-U4BC1B-CCTN_01,ACL-10003-01,1029,YES,ETH-95215-01-TH,A10003,1,,,,,1.027
CCTN_25_50,A10003-25-ACL-105427-U4BC1B-CCTN_01,ACL-10003-01,1029,YES,ETH-95215-01-TH,A10003,1,,,,,0.8775
CCTN_25_50,A10003-25-ACL-105523-U4BC1B-CCTN_01,ACL-00000-01,1030,YES,ETH-105324-TH,A10003,1,,,,,0.741
CCTN_25_50,A10003-25-ACL-105628-U4BC1B-CCTN_01,ACL-10003-01,1029,YES,ETH-95215-01-TH,A10003,1,,,,,0.767
CCTN_25_50,A10005-25-ACL-106127-U4BC1B-CCTN_01,ACL-10005-01,1078,YES,ETH-95215-03-TH,A10005,1,,,,,0.7475
CCTN_25_50,A10005-25-ACL-106198-U4BC1B-CCTN_01,ACL-10005-01,1078,YES,ETH-95215-03-TH,A10005,1,,,,,0.533
CCTN_25_50,A10001-25-ACL-108125-U4BC1B-CCTN_01,ACL-10001-01,1005,YES,ETH-102228-TH,A10001,1,,,,,1.185
CCTN_25_50,A10001-25-ACL-108125-U4BC1B-CCTN_01,ACL-10001-01,1005,YES,ETH-102228-TH,A10001,1,,,,,1.378
CCTN_25_50,A10005-25-ACL-108526-U4BC1B-CCTN_01,ACL-10005-01,1078,YES,ETH-95215-03-TH,A10005,1,,,,,0.7475
CCTN_25_50,A10005-25-ACL-108529-U4BC1B-CCTN_01,ACL-10005-01,1078,YES,ETH-95215-03-TH,A10005,1,,,,,0.624
CCTN_25_50,A10004-25-ACL-108824-U4BC1B-CCTN_01,ACL-00000-01,1043,YES,ETH-95215-08-TH,A10004,1,,,,,0.52
CCTN_25_50,A10005-25-ACL-16548-U4BC1B-CCTN_01,ACL-00000-01,1079,YES,ETH-95215-04-TH,A10005,1,,,,,0.6435
CCTN_25_50,A10005-25-ACL-16599-U4BC1B-CCTN_01,ACL-00000-01,1079,YES,ETH-95215-04-TH,A10005,1,,,,,0.624
CF_50_20,A10001-50-AGL-10393-U1BC2A-CF_01,AGL-10005-01,7,NOT,NOT,A10001,1,,,,,0.9815
CF_25_20,A10001-50-AGL-10393-U1BC2A-CF_01,AGL-10005-01,7,NOT,NOT,A10001,1,,,,,0.1365
CF_50_20,A10001-50-AGL-10394-U1BC2A-CF_01,AGL-10005-01,7,NOT,NOT,A10001,1,,,,,0.9035
CF_25_20,A10001-50-AGL-10394-U1BC2A-CF_01,AGL-10005-01,7,NOT,NOT,A10001,1,,,,,0.169
CF_150_30,A10001-100-AGL-10395-U1BC2A-CF_01,AGL-10005-01,7,NOT,NOT,A10001,1,,,,,0.0225
CF_100_30,A10001-100-AGL-10395-U1BC2A-CF_01,AGL-10005-01,7,NOT,NOT,A10001,1,,,,,0.825
CF_100_30,A10001-100-AGL-10395-U1BC2A-CF_02,AGL-10005-01,7,NOT,NOT,A10001,1,,,,,0.7865
CF_25_20,A10001-100-AGL-10395-U1BC2A-CF_02,AGL-10005-01,7,NOT,NOT,A10001,1,,,,,0.1885
CF_100_30,A10001-100-AGL-10395-U1BC2A-CF_02,AGL-10005-01,7,NOT,NOT,A10001,1,,,,,1.575
CF_100_30,PR19-100-AGL-10395-U1BC2A-CF_01,AGL-10005-01,7,NOT,NOT,PR19,1,,,,,0.7575
CF_80_20,A10001-150-AGL-108152-U1BC2A-CF_01,AGL-10005-01,7,NOT,NOT,A10001,1,,,,,0.611
CF_25_20,A10001-150-AGL-108152-U1BC2A-CF_01,AGL-10005-01,7,NOT,NOT,A10001,1,,,,,0.169
CF_80_20,A10001-150-AGL-108152-U1BC2A-CF_01,AGL-10005-01,7,NOT,NOT,A10001,1,,,,,0.507
CF_25_20,A10001-150-AGL-108152-U1BC2A-CF_01,AGL-10005-01,7,NOT,NOT,A10001,1,,,,,0.1235
CF_150_30,A10001-150-AGL-108152-U1BC2A-CF_01,AGL-10005-01,7,NOT,NOT,A10001,1,,,,,0.5475
CF_80_20,A10001-150-AGL-108152-U1BC2A-CF_01,AGL-10005-01,7,NOT,NOT,A10001,1,,,,,0.1725
CF_50_20,A10001-150-AGL-108152-U1BC2A-CF_01,AGL-10005-01,7,NOT,NOT,A10001,1,,,,,0.143
CF_25_20,A10001-150-AGL-108152-U1BC2A-CF_01,AGL-10005-01,7,NOT,NOT,A10001,1,,,,,0.169
CF_150_30,A10001-150-AGL-108201-U1BC2A-CF_01,AGL-10005-01,7,NOT,NOT,A10001,1,,,,,1.2545
CF_150_30,A10001-150-AGL-108201-U1BC2A-CF_01,AGL-10005-01,7,NOT,NOT,A10001,1,,,,,0.3965
CF_80_20,A10001-150-AGL-108201-U1BC2A-CF_01,AGL-10005-01,7,NOT,NOT,A10001,1,,,,,0.182
CF_50_20,A10001-150-AGL-108201-U1BC2A-CF_01,AGL-10005-01,7,NOT,NOT,A10001,1,,,,,0.143
CF_25_20,A10001-150-AGL-108201-U1BC2A-CF_01,AGL-10005-01,7,NOT,NOT,A10001,1,,,,,0.247
CF_150_30,A10001-150-AGL-108202-U1BC2A-CF_01,AGL-10005-01,7,NOT,NOT,A10001,1,,,,,0.624
CF_80_20,A10001-150-AGL-108202-U1BC2A-CF_01,AGL-10005-01,7,NOT,NOT,A10001,1,,,,,0.1755
CF_50_20,A10001-150-AGL-108202-U1BC2A-CF_01,AGL-10005-01,7,NOT,NOT,A10001,1,,,,,0.143
CF_25_20,A10001-150-AGL-108202-U1BC2A-CF_01,AGL-10005-01,7,NOT,NOT,A10001,1,,,,,0.247
CF_150_30,A10001-150-AGL-108203-U1BC2A-CF_01,AGL-10005-01,6,NOT,NOT,A10001,1,,,,,1.0075
CF_150_30,A10001-150-AGL-108203-U1BC2A-CF_01,AGL-10005-01,6,NOT,NOT,A10001,1,,,,,0.845
CF_80_20,A10001-150-AGL-108203-U1BC2A-CF_01,AGL-10005-01,6,NOT,NOT,A10001,1,,,,,0.182
CF_50_20,A10001-150-AGL-108203-U1BC2A-CF_01,AGL-10005-01,6,NOT,NOT,A10001,1,,,,,0.143
CF_25_20,A10001-150-AGL-108203-U1BC2A-CF_01,AGL-10005-01,6,NOT,NOT,A10001,1,,,,,0.2405
CF_150_30,A10001-150-AGL-108204-U1BC2A-CF_01,AGL-10005-01,6,NOT,NOT,A10001,1,,,,,0.624
CF_80_20,A10001-150-AGL-108204-U1BC2A-CF_01,AGL-10005-01,6,NOT,NOT,A10001,1,,,,,0.182
CF_50_20,A10001-150-AGL-108204-U1BC2A-CF_01,AGL-10005-01,6,NOT,NOT,A10001,1,,,,,0.143
CF_25_20,A10001-150-AGL-108204-U1BC2A-CF_01,AGL-10005-01,6,NOT,NOT,A10001,1,,,,,0.403
CF_80_20,A10001-80-AGL-108207-U1BC2A-CF_01,AGL-10005-01,57,NOT,NOT,A10001,1,,,,,0.40625
CF_150_30,A10001-150-AGL-108221-U1BC2A-CF_01,AGL-10005-01,6,NOT,NOT,A10001,1,,,,,0.5395
CF_50_20,A10001-150-AGL-108221-U1BC2A-CF_01,AGL-10005-01,6,NOT,NOT,A10001,1,,,,,0.624
CF_150_30,A10001-150-AGL-108221-U1BC2A-CF_01,AGL-10005-01,6,NOT,NOT,A10001,1,,,,,0.3705
CF_25_20,A10001-150-AGL-108221-U1BC2A-CF_01,AGL-10005-01,6,NOT,NOT,A10001,1,,,,,0.3185
CF_150_30,A10001-150-AGL-108221-U1BC2A-CF_01,AGL-10005-01,6,NOT,NOT,A10001,1,,,,,1.59
CF_150_30,PR19-150-AGL-108221-U1BC2A-CF_01,AGL-10005-01,6,NOT,NOT,PR19,1,,,,,2.0215
CF_150_30,PR19-150-AGL-108221-U1BC2A-CF_01,AGL-10005-01,6,NOT,NOT,PR19,1,,,,,1.859
CF_150_30,A10001-150-AGL-108231-U1BC2A-CF_01,AGL-10005-01,6,NOT,NOT,A10001,1,,,,,0.4615
CF_50_20,A10001-150-AGL-108231-U1BC2A-CF_01,AGL-10005-01,6,NOT,NOT,A10001,1,,,,,0.624
CF_150_30,A10001-150-AGL-108231-U1BC2A-CF_01,AGL-10005-01,6,NOT,NOT,A10001,1,,,,,0.377
CF_25_20,A10001-150-AGL-108231-U1BC2A-CF_01,AGL-10005-01,6,NOT,NOT,A10001,1,,,,,0.325
CF_150_30,A10001-150-AGL-108241-U1BC2A-CF_01,AGL-10005-01,7,NOT,NOT,A10001,1,,,,,0.6045
CF_50_20,A10001-150-AGL-108241-U1BC2A-CF_01,AGL-10005-01,7,NOT,NOT,A10001,1,,,,,0.5005
CF_150_30,A10001-150-AGL-108241-U1BC2A-CF_01,AGL-10005-01,7,NOT,NOT,A10001,1,,,,,0.3705
CF_25_20,A10001-150-AGL-108241-U1BC2A-CF_01,AGL-10005-01,7,NOT,NOT,A10001,1,,,,,0.3185
CF_150_30,A10001-150-AGL-108241-U1BC2A-CF_01,AGL-10005-01,7,NOT,NOT,A10001,1,,,,,0.5475
CF_150_30,A10001-150-AGL-108241-U1BC2A-CF_01,AGL-10005-01,7,NOT,NOT,A10001,1,,,,,0.468
CF_50_20,A10001-150-AGL-108241-U1BC2A-CF_01,AGL-10005-01,7,NOT,NOT,A10001,1,,,,,0.403
CF_150_30,A10001-150-AGL-108241-U1BC2A-CF_01,AGL-10005-01,7,NOT,NOT,A10001,1,,,,,0.3965
CF_25_20,A10001-150-AGL-108241-U1BC2A-CF_01,AGL-10005-01,7,NOT,NOT,A10001,1,,,,,0.169
CF_150_30,A10001-150-AGL-108241-U1BC2A-CF_01,AGL-10005-01,7,NOT,NOT,A10001,1,,,,,0.546
CF_25_20,A10001-150-AGL-108241-U1BC2A-CF_01,AGL-10005-01,7,NOT,NOT,A10001,1,,,,,0.169
CF_150_30,A10001-150-AGL-108241-U1BC2A-CF_01,AGL-10005-01,7,NOT,NOT,A10001,1,,,,,0.8125
CF_150_30,A10001-150-AGL-108241-U1BC2A-CF_01,AGL-10005-01,7,NOT,NOT,A10001,1,,,,,0.299
CF_25_20,A10001-150-AGL-108241-U1BC2A-CF_01,AGL-10005-01,7,NOT,NOT,A10001,1,,,,,0.3315
CF_150_30,A10001-150-AGL-108241-U1BC2A-CF_01,AGL-10005-01,7,NOT,NOT,A10001,1,,,,,0.741
CF_50_20,A10001-150-AGL-108241-U1BC2A-CF_01,AGL-10005-01,7,NOT,NOT,A10001,1,,,,,0.143
CF_25_20,A10001-150-AGL-108241-U1BC2A-CF_01,AGL-10005-01,7,NOT,NOT,A10001,1,,,,,0.3315
CF_80_20,A10001-150-AGL-108241-U1BC2A-CF_02,AGL-10005-01,7,NOT,NOT,A10001,1,,,,,0.7345
CF_25_20,A10001-150-AGL-108241-U1BC2A-CF_02,AGL-10005-01,7,NOT,NOT,A10001,1,,,,,0.169
CF_80_20,A10001-150-AGL-108241-U1BC2A-CF_02,AGL-10005-01,7,NOT,NOT,A10001,1,,,,,0.442
CF_50_20,A10001-150-AGL-108241-U1BC2A-CF_02,AGL-10005-01,7,NOT,NOT,A10001,1,,,,,0.0375
CF_25_20,A10001-150-AGL-108241-U1BC2A-CF_02,AGL-10005-01,7,NOT,NOT,A10001,1,,,,,0.169
CF_150_30,A10001-150-AGL-108251-U1BC2A-CF_01,AGL-10005-01,7,NOT,NOT,A10001,1,,,,,0.4615
CF_50_20,A10001-150-AGL-108251-U1BC2A-CF_01,AGL-10005-01,7,NOT,NOT,A10001,1,,,,,0.3185
CF_150_30,A10001-150-AGL-108251-U1BC2A-CF_01,AGL-10005-01,7,NOT,NOT,A10001,1,,,,,0.377
CF_25_20,A10001-150-AGL-108251-U1BC2A-CF_01,AGL-10005-01,7,NOT,NOT,A10001,1,,,,,0.3185
CF_100_30,A10001-100-AGL-108259-U1BC2A-CF_01,AGL-10005-01,7,NOT,NOT,A10001,1,,,,,2.0025
CF_50_20,A10001-100-AGL-108259-U1BC2A-CF_01,AGL-10005-01,7,NOT,NOT,A10001,1,,,,,0.015
CF_100_30,A10001-100-AGL-108259-U1BC2A-CF_01,AGL-10005-01,7,NOT,NOT,A10001,1,,,,,0.5135
CF_25_20,A10001-100-AGL-108259-U1BC2A-CF_01,AGL-10005-01,7,NOT,NOT,A10001,1,,,,,0.4095
CF_150_30,A10001-100-AGL-108259-U1BC2A-CF_02,AGL-10005-01,7,NOT,NOT,A10001,1,,,,,0.0225
CF_100_30,A10001-100-AGL-108259-U1BC2A-CF_02,AGL-10005-01,7,NOT,NOT,A10001,1,,,,,0.8775
CF_100_30,PR19-100-AGL-108259-U1BC2A-CF_01,AGL-10005-01,7,NOT,NOT,PR19,1,,,,,0.8625
CF_150_30,A10001-150-AGL-10951-U1BC2A-CF_01,AGL-10005-01,6,NOT,NOT,A10001,1,,,,,1.313
CF_150_30,PR19-150-AGL-10951-U1BC2A-CF_01,AGL-10005-01,6,NOT,NOT,PR19,1,,,,,0.5265
CF_50_20,PR19-150-AGL-10951-U1BC2A-CF_01,AGL-10005-01,6,NOT,NOT,PR19,1,,,,,0.143
CF_150_30,PR19-150-AGL-10951-U1BC2A-CF_01,AGL-10005-01,6,NOT,NOT,PR19,1,,,,,2.0605
PP_20_30,A10001-20-AR-101113-U1BC2A-PP_01,AR-PR11-01,1013,NOT,NOT,A10001,1,,,,,0.73255
PP_20_30,A10001-20-AR-101114-U1BC2A-PP_01,AR-PR11-01,1013,NOT,NOT,A10001,1,,,,,0.822315
PP_150_30,A10001-150-AR-101166-U1BC2A-PP_01,AR-00000-02,1012,NOT,NOT,A10001,1,,,,,0.38493
PP_25_30,A10001-150-AR-101166-U1BC2A-PP_01,AR-00000-02,1012,NOT,NOT,A10001,1,,,,,0.169
PP_150_30,A10001-150-AR-101167-U1BC2A-PP_01,AR-00000-02,1012,NOT,NOT,A10001,1,,,,,0.6955
PP_150_30,A10001-150-AR-101167-U1BC2A-PP_01,AR-00000-02,1012,NOT,NOT,A10001,1,,,,,0.6695
PP_100_30,A10001-150-AR-101167-U1BC2A-PP_01,AR-00000-02,1012,NOT,NOT,A10001,1,,,,,0.26
PP_150_30,A10001-150-AR-101167-U1BC2A-PP_01,AR-00000-02,1012,NOT,NOT,A10001,1,,,,,0.4745
PP_80_30,A10001-150-AR-101167-U1BC2A-PP_01,AR-00000-02,1012,NOT,NOT,A10001,1,,,,,0.21515
PP_150_30,A10001-150-AR-101167-U1BC2A-PP_01,AR-00000-02,1012,NOT,NOT,A10001,1,,,,,0.819
PP_25_30,A10001-150-AR-101167-U1BC2A-PP_01,AR-00000-02,1012,NOT,NOT,A10001,1,,,,,0.1105
PP_20_30,A10001-20-AR-101248-U1BC2A-PP_01,AR-PR11-01,1013,NOT,NOT,A10001,1,,,,,0.8606
PP_20_30,A10001-20-AR-101249-U1BC2A-PP_01,AR-PR11-01,1013,NOT,NOT,A10001,1,,,,,0.5603
PP_25_30,A10001-150-AR-101265-U1BC2A-PP_01,AR-00000-02,1012,NOT,NOT,A10001,1,,,,,0.169
PP_150_30,A10001-150-AR-101265-U1BC2A-PP_01,AR-00000-02,1012,NOT,NOT,A10001,1,,,,,0.3835
PP_25_30,A10001-150-AR-101265-U1BC2A-PP_01,AR-00000-02,1012,NOT,NOT,A10001,1,,,,,0.169
PP_150_30,A10001-150-AR-101265-U1BC2A-PP_01,AR-00000-02,1012,NOT,NOT,A10001,1,,,,,1.001
PP_100_30,A10001-150-AR-101265-U1BC2A-PP_01,AR-00000-02,1012,NOT,NOT,A10001,1,,,,,0.25025
PP_80_30,A10001-150-AR-101265-U1BC2A-PP_01,AR-00000-02,1012,NOT,NOT,A10001,1,,,,,0.21515
PP_25_30,A10001-150-AR-101265-U1BC2A-PP_01,AR-00000-02,1012,NOT,NOT,A10001,1,,,,,0.169
PP_150_30,A10001-150-AR-101265-U1BC2A-PP_01,AR-00000-02,1012,NOT,NOT,A10001,1,,,,,0.611
PP_25_30,A10001-150-AR-101265-U1BC2A-PP_01,AR-00000-02,1012,NOT,NOT,A10001,1,,,,,0.169
PP_150_30,A10001-150-AR-101265-U1BC2A-PP_01,AR-00000-02,1012,NOT,NOT,A10001,1,,,,,0.424125
PP_50_30,A10001-150-AR-101265-U1BC2A-PP_01,AR-00000-02,1012,NOT,NOT,A10001,1,,,,,0.143
PP_20_30,A10001-20-AR-101327-U1BC2A-PP_01,CHMB-10001-04,1013,NOT,NOT,A10001,1,,,,,0.348985
PP_20_30,A10001-20-AR-101328-U1BC2A-PP_01,CHMB-10001-04,1013,NOT,NOT,A10001,1,,,,,0.556725
PP_20_30,A10001-20-AR-101328-U1BC2A-PP_01,CHMB-10001-04,1013,NOT,NOT,A10001,1,,,,,0.3315
PP_20_30,A10001-20-AR-102226-U1BC2A-PP_01,AR-PR11-01,1013,NOT,NOT,A10001,1,,,,,0.7735
PP_20_30,A10001-20-AR-102227-U1BC2A-PP_01,AR-PR11-01,1013,NOT,NOT,A10001,1,,,,,0.348855
PP_150_30,A10001-150-AR-102253-U1BC2A-PP_01,AR-00000-02,1012,NOT,NOT,A10001,1,,,,,0.45422
PP_25_30,A10001-150-AR-102253-U1BC2A-PP_01,AR-00000-02,1012,NOT,NOT,A10001,1,,,,,0.1755
PP_25_30,A10001-150-AR-102253-U1BC2A-PP_01,AR-00000-02,1012,NOT,NOT,A10001,1,,,,,0.26819
PP_150_30,A10001-150-AR-102254-U1BC2A-PP_01,AR-00000-02,1012,NOT,NOT,A10001,1,,,,,0.5655
PP_100_30,A10001-150-AR-102254-U1BC2A-PP_01,AR-00000-02,1012,NOT,NOT,A10001,1,,,,,0.3315
PP_25_30,A10001-150-AR-102254-U1BC2A-PP_01,AR-00000-02,1012,NOT,NOT,A10001,1,,,,,0.169
PP_150_30,A10001-150-AR-102254-U1BC2A-PP_01,AR-00000-02,1012,NOT,NOT,A10001,1,,,,,0.195
PP_80_30,A10001-150-AR-102254-U1BC2A-PP_01,AR-00000-02,1012,NOT,NOT,A10001,1,,,,,0.195
PP_25_30,A10001-150-AR-102254-U1BC2A-PP_01,AR-00000-02,1012,NOT,NOT,A10001,1,,,,,0.169
PP_150_30,A10001-150-AR-102254-U1BC2A-PP_01,AR-00000-02,1012,NOT,NOT,A10001,1,,,,,0.338
PP_25_30,A10001-150-AR-102254-U1BC2A-PP_01,AR-00000-02,1012,NOT,NOT,A10001,1,,,,,0.169
PP_150_30,A10001-150-AR-102254-U1BC2A-PP_01,AR-00000-02,1012,NOT,NOT,A10001,1,,,,,0.46709
PP_100_30,A10001-150-AR-102254-U1BC2A-PP_01,AR-00000-02,1012,NOT,NOT,A10001,1,,,,,0.015
PP_50_30,A10001-150-AR-102254-U1BC2A-PP_01,AR-00000-02,1012,NOT,NOT,A10001,1,,,,,0.143
PP_25_30,A10001-150-AR-102254-U1BC2A-PP_01,AR-00000-02,1012,NOT,NOT,A10001,1,,,,,0.117
PP_20_30,A10001-20-AR-103125-U1BC2A-NC_01,AR-00000-01,1015,NOT,NOT,A10001,1,,,,,0.325
PP_20_30,A10001-20-AR-103126-U1BC2A-NC_01,AR-00000-01,1015,NOT,NOT,A10001,1,,,,,0.4979
PP_40_30,A10001-40-AR-103152-U1BC2A-PP_01,AR-00000-01,1016,NOT,NOT,A10001,1,,,,,0.572
PP_20_30,A10001-40-AR-103152-U1BC2A-PP_01,AR-00000-01,1016,NOT,NOT,A10001,1,,,,,0.169
PP_40_30,A10001-40-AR-103152-U1BC2A-PP_01,AR-00000-01,1016,NOT,NOT,A10001,1,,,,,0.6435
PP_40_30,A10001-40-AR-103152-U1BC2A-PP_01,AR-00000-01,1016,NOT,NOT,A10001,1,,,,,0.2325
PP_25_30,A10001-40-AR-103152-U1BC2A-PP_01,AR-00000-01,1016,NOT,NOT,A10001,1,,,,,0.3315
PP_40_30,A10001-40-AR-103152-U1BC2A-PP_01,AR-00000-01,1016,NOT,NOT,A10001,1,,,,,0.2795
PP_25_30,A10001-40-AR-103152-U1BC2A-PP_01,AR-00000-01,1016,NOT,NOT,A10001,1,,,,,0.169
PP_40_30,A10001-40-AR-103152-U1BC2A-PP_01,AR-00000-01,1016,NOT,NOT,A10001,1,,,,,0.4212
PP_40_30,A10001-40-AR-103153-U1BC2A-PP_01,AR-00000-01,1016,NOT,NOT,A10001,1,,,,,0.5135
PP_20_30,A10001-40-AR-103153-U1BC2A-PP_01,AR-00000-01,1016,NOT,NOT,A10001,1,,,,,0.1625
PP_20_30,A10001-20-AR-103527-U1BC2A-PP_01,CHMB-10001-04,1013,NOT,NOT,A10001,1,,,,,0.348855
PP_20_30,A10001-20-AR-103528-U1BC2A-PP_01,AR-PR11-01,1013,NOT,NOT,A10001,1,,,,,0.80626
PP_20_30,A10001-20-AR-103727-U1BC2A-PP_01,AR-PR11-01,1013,NOT,NOT,A10001,1,,,,,0.354
PP_20_30,A10001-20-AR-103728-U1BC2A-PP_01,HMBI-10001-02,1013,NOT,NOT,A10001,1,,,,,0.34775
PP_100_30,A10001-100-AR-104155-U1BC2A-PP_01,AR-00000-02,1012,NOT,NOT,A10001,1,,,,,0.6695
PP_25_30,A10001-100-AR-104155-U1BC2A-PP_01,AR-00000-02,1012,NOT,NOT,A10001,1,,,,,0.169
PP_100_30,A10001-100-AR-104155-U1BC2A-PP_01,AR-00000-02,1012,NOT,NOT,A10001,1,,,,,0.9555
PP_80_30,A10001-100-AR-104155-U1BC2A-PP_01,AR-00000-02,1012,NOT,NOT,A10001,1,,,,,0.195
PP_100_30,A10001-100-AR-104155-U1BC2A-PP_01,AR-00000-02,1012,NOT,NOT,A10001,1,,,,,0.195
PP_25_30,A10001-100-AR-104155-U1BC2A-PP_01,AR-00000-02,1012,NOT,NOT,A10001,1,,,,,0.338
PP_150_30,A10001-100-AR-104155-U1BC2A-PP_01,AR-00000-02,1012,NOT,NOT,A10001,1,,,,,0.1125
PP_100_30,A10001-100-AR-104155-U1BC2A-PP_01,AR-00000-02,1012,NOT,NOT,A10001,1,,,,,0.3185
PP_50_30,A10001-100-AR-104155-U1BC2A-PP_01,AR-00000-02,1012,NOT,NOT,A10001,1,,,,,0.143
PP_100_30,A10001-100-AR-104155-U1BC2A-PP_01,AR-00000-02,1012,NOT,NOT,A10001,1,,,,,0.637
PP_25_30,A10001-100-AR-104155-U1BC2A-PP_01,AR-00000-02,1012,NOT,NOT,A10001,1,,,,,0.3445
PP_100_30,A10001-100-AR-104156-U1BC2A-PP_01,AR-00000-02,1012,NOT,NOT,A10001,1,,,,,0.108825
PP_25_30,A10001-100-AR-104156-U1BC2A-PP_01,AR-00000-02,1012,NOT,NOT,A10001,1,,,,,0.1885
PP_100_30,A10001-100-AR-104156-U1BC2A-PP_01,AR-00000-02,1012,NOT,NOT,A10001,1,,,,,0.507
PP_25_30,A10001-100-AR-104156-U1BC2A-PP_01,AR-00000-02,1012,NOT,NOT,A10001,1,,,,,0.169
PP_20_30,A10001-20-AR-104226-U1BC2A-PP_01,AR-PR11-01,1013,NOT,NOT,A10001,1,,,,,0.962
PP_20_30,A10001-20-AR-104227-U1BC2A-PP_01,AR-PR11-01,1013,NOT,NOT,A10001,1,,,,,0.36335
PP_100_30,A10001-100-AR-104264-U1BC2A-PP_01,HMBI-10001-03,1014,NOT,NOT,A10001,1,,,,,1.118
PP_80_30,A10001-100-AR-104264-U1BC2A-PP_01,HMBI-10001-03,1014,NOT,NOT,A10001,1,,,,,0.195
PP_25_30,A10001-100-AR-104264-U1BC2A-PP_01,HMBI-10001-03,1014,NOT,NOT,A10001,1,,,,,0.169
PP_100_30,A10001-100-AR-104264-U1BC2A-PP_01,HMBI-10001-03,1014,NOT,NOT,A10001,1,,,,,0.5005
PP_50_30,A10001-100-AR-104264-U1BC2A-PP_01,HMBI-10001-03,1014,NOT,NOT,A10001,1,,,,,0.195
PP_25_30,A10001-100-AR-104264-U1BC2A-PP_01,HMBI-10001-03,1014,NOT,NOT,A10001,1,,,,,0.338
PP_150_30,A10001-100-AR-104264-U1BC2A-PP_01,HMBI-10001-03,1014,NOT,NOT,A10001,1,,,,,0.105
PP_100_30,A10001-100-AR-104264-U1BC2A-PP_01,HMBI-10001-03,1014,NOT,NOT,A10001,1,,,,,0.4355
PP_50_30,A10001-100-AR-104264-U1BC2A-PP_01,HMBI-10001-03,1014,NOT,NOT,A10001,1,,,,,0.143
PP_100_30,A10001-100-AR-104264-U1BC2A-PP_01,HMBI-10001-03,1014,NOT,NOT,A10001,1,,,,,0.0489
PP_25_30,A10001-100-AR-104264-U1BC2A-PP_01,HMBI-10001-03,1014,NOT,NOT,A10001,1,,,,,0.12844
PP_25_30,A10003-200-AR-105364-U1BC2A-PP_01,RIPA-10003-05,1037,NOT,NOT,A10003,1,,,,,0.291395
PP_200_30,A10003-200-AR-105364-U1BC2A-PP_01,RIPA-10003-05,1037,NOT,NOT,A10003,1,,,,,0.611
PP_25_30,A10003-200-AR-105364-U1BC2A-PP_01,RIPA-10003-05,1037,NOT,NOT,A10003,1,,,,,0.169
PP_200_30,A10003-200-AR-105365-U1BC2A-PP_01,AR-00000-01,1037,NOT,NOT,A10003,1,,,,,0.6955
PP_25_30,A10003-200-AR-105365-U1BC2A-PP_01,AR-00000-01,1037,NOT,NOT,A10003,1,,,,,0.169
PP_200_30,A10003-200-AR-105365-U1BC2A-PP_01,AR-00000-01,1037,NOT,NOT,A10003,1,,,,,0.4575
PP_150_30,A10003-200-AR-105365-U1BC2A-PP_01,AR-00000-01,1037,NOT,NOT,A10003,1,,,,,0.2275
PP_200_30,A10003-200-AR-105365-U1BC2A-PP_01,AR-00000-01,1037,NOT,NOT,A10003,1,,,,,0.5005
PP_25_30,A10003-200-AR-105365-U1BC2A-PP_01,AR-00000-01,1037,NOT,NOT,A10003,1,,,,,0.169
PP_200_30,A10003-200-AR-105365-U1BC2A-PP_01,AR-00000-01,1037,NOT,NOT,A10003,1,,,,,0.312
PP_200_30,A10003-200-AR-105365-U1BC2A-PP_01,AR-00000-01,1037,NOT,NOT,A10003,1,,,,,0.12
PP_25_30,A10003-200-AR-105365-U1BC2A-PP_01,AR-00000-01,1037,NOT,NOT,A10003,1,,,,,0.169
PP_200_30,A10003-200-AR-105365-U1BC2A-PP_01,AR-00000-01,1037,NOT,NOT,A10003,1,,,,,0.5785
PP_200_30,A10003-200-AR-105365-U1BC2A-PP_01,AR-00000-01,1037,NOT,NOT,A10003,1,,,,,0.135
PP_50_30,A10003-200-AR-105365-U1BC2A-PP_01,AR-00000-01,1037,NOT,NOT,A10003,1,,,,,0.208
PP_200_30,A10003-200-AR-105365-U1BC2A-PP_01,AR-00000-01,1037,NOT,NOT,A10003,1,,,,,0.841425
PP_25_30,A10003-200-AR-105365-U1BC2A-PP_01,AR-00000-01,1037,NOT,NOT,A10003,1,,,,,0.117
PP_100_30,A10003-100-AR-105453-U1BC2A-PP_01,RIPA-10003-01,1037,NOT,NOT,A10003,1,,,,,0.702
PP_25_30,A10003-100-AR-105453-U1BC2A-PP_01,RIPA-10003-01,1037,NOT,NOT,A10003,1,,,,,0.169
PP_100_30,A10003-100-AR-105453-U1BC2A-PP_01,RIPA-10003-01,1037,NOT,NOT,A10003,1,,,,,0.4875
PP_50_30,A10003-100-AR-105453-U1BC2A-PP_01,RIPA-10003-01,1037,NOT,NOT,A10003,1,,,,,0.195
PP_25_30,A10003-100-AR-105453-U1BC2A-PP_01,RIPA-10003-01,1037,NOT,NOT,A10003,1,,,,,0.0075
PP_25_30,A10003-100-AR-105453-U1BC2A-PP_01,RIPA-10003-01,1037,NOT,NOT,A10003,1,,,,,0.1625
PP_25_30,A10003-100-AR-105453-U1BC2A-PP_01,RIPA-10003-01,1037,NOT,NOT,A10003,1,,,,,0.169
PP_100_30,A10003-100-AR-105453-U1BC2A-PP_01,RIPA-10003-01,1037,NOT,NOT,A10003,1,,,,,0.377
PP_80_30,A10003-100-AR-105453-U1BC2A-PP_01,RIPA-10003-01,1037,NOT,NOT,A10003,1,,,,,0.2795
PP_100_30,A10003-100-AR-105453-U1BC2A-PP_01,RIPA-10003-01,1037,NOT,NOT,A10003,1,,,,,0.27
PP_25_30,A10003-100-AR-105453-U1BC2A-PP_01,RIPA-10003-01,1037,NOT,NOT,A10003,1,,,,,0.117
PP_25_30,A10003-100-AR-105454-U1BC2A-PP_01,AR-00000-01,1037,NOT,NOT,A10003,1,,,,,0.275665
PP_100_30,A10003-100-AR-105454-U1BC2A-PP_01,AR-00000-01,1037,NOT,NOT,A10003,1,,,,,0.41405
PP_25_30,A10003-100-AR-105454-U1BC2A-PP_01,AR-00000-01,1037,NOT,NOT,A10003,1,,,,,0.169
PP_100_30,A10003-100-AR-105573-U1BC2A-PP_01,AR-00000-01,1037,NOT,NOT,A10003,1,,,,,0.5395
PP_25_30,A10003-100-AR-105573-U1BC2A-PP_01,AR-00000-01,1037,NOT,NOT,A10003,1,,,,,0.169
PP_100_30,A10003-100-AR-105573-U1BC2A-PP_01,AR-00000-01,1037,NOT,NOT,A10003,1,,,,,0.442
PP_50_30,A10003-100-AR-105573-U1BC2A-PP_01,AR-00000-01,1037,NOT,NOT,A10003,1,,,,,0.195
PP_100_30,A10003-100-AR-105573-U1BC2A-PP_01,AR-00000-01,1037,NOT,NOT,A10003,1,,,,,0.5395
PP_25_30,A10003-100-AR-105573-U1BC2A-PP_01,AR-00000-01,1037,NOT,NOT,A10003,1,,,,,0.1625
PP_25_30,A10003-100-AR-105573-U1BC2A-PP_01,AR-00000-01,1037,NOT,NOT,A10003,1,,,,,0.169
PP_25_30,A10003-100-AR-105573-U1BC2A-PP_01,AR-00000-01,1037,NOT,NOT,A10003,1,,,,,0.169
PP_150_30,A10003-100-AR-105573-U1BC2A-PP_01,AR-00000-01,1037,NOT,NOT,A10003,1,,,,,0.045
PP_100_30,A10003-100-AR-105573-U1BC2A-PP_01,AR-00000-01,1037,NOT,NOT,A10003,1,,,,,0.03
PP_50_30,A10003-100-AR-105573-U1BC2A-PP_01,AR-00000-01,1037,NOT,NOT,A10003,1,,,,,0.221
PP_100_30,A10003-100-AR-105573-U1BC2A-PP_01,AR-00000-01,1037,NOT,NOT,A10003,1,,,,,0.0225
PP_100_30,A10003-100-AR-105573-U1BC2A-PP_01,AR-00000-01,1037,NOT,NOT,A10003,1,,,,,0.3185
PP_100_30,A10003-100-AR-105573-U1BC2A-PP_01,AR-00000-01,1037,NOT,NOT,A10003,1,,,,,0.1125
PP_25_30,A10003-100-AR-105573-U1BC2A-PP_01,AR-00000-01,1037,NOT,NOT,A10003,1,,,,,0.1105
PP_25_30,A10003-100-AR-105574-U1BC2A-PP_01,AR-00000-01,1037,NOT,NOT,A10003,1,,,,,0.250705
PP_100_30,A10003-100-AR-105574-U1BC2A-PP_01,AR-00000-01,1037,NOT,NOT,A10003,1,,,,,0.273
PP_25_30,A10003-100-AR-105574-U1BC2A-PP_01,AR-00000-01,1037,NOT,NOT,A10003,1,,,,,0.169
PP_20_30,A10003-20-AR-105624-U1BC2A-PP_01,AR-00000-05,1038,NOT,NOT,A10003,1,,,,,0.549055
PP_20_30,A10003-20-AR-105624-U1BC2A-PP_01,AR-00000-05,1038,NOT,NOT,A10003,1,,,,,0.338
PP_20_30,A10003-20-AR-105625-U1BC2A-PP_01,RIPA-10003-03,1038,NOT,NOT,A10003,1,,,,,0.746265
PP_20_30,A10005-20-AR-108527-U1BC2A-PP_01,HMBH-10005-01,1092,NOT,NOT,A10005,1,,,,,0.767
PP_20_30,A10005-20-AR-108527-U1BC2A-PP_01,HMBH-10005-01,1092,NOT,NOT,A10005,1,,,,,0.21825
PP_20_30,A10005-20-AR-108528-U1BC2A-PP_01,AR-00000-04,1092,NOT,NOT,A10005,1,,,,,0.360375
PP_20_30,A10005-20-AR-108528-U1BC2A-PP_01,AR-00000-04,1092,NOT,NOT,A10005,1,,,,,0.8515
CCTN_50_50,A10001-50-ASUN-12722-U4BD8D-CCTN_01,ASUN-PR18-01,50,YES,EHT-12722-TH,A10001,1,,,,,0.57525
CCTN_25_50,A10001-50-ASUN-12722-U4BD8D-CCTN_01,ASUN-PR18-01,50,YES,EHT-12722-TH,A10001,1,,,,,0.5135
CCTN_50_50,A10001-50-ASUN-12722-U4BD8D-CCTN_01,ASUN-PR18-01,50,YES,EHT-12722-TH,A10001,1,,,,,1.0595
CC_80_60,A10001-80-C6-101186-U1CD2B-CC_01,C6-10001-03,1021,NOT,NOT,A10001,1,,,,,0.8645
CC_80_60,A10001-80-C6-101186-U1CD2B-CC_01,C6-10001-03,1021,NOT,NOT,A10001,1,,,,,0.2325
CC_20_50,A10001-80-C6-101186-U1CD2B-CC_01,C6-10001-03,1021,NOT,NOT,A10001,1,,,,,0.2175
CC_20_50,A10001-80-C6-101186-U1CD2B-CC_01,C6-10001-03,1021,NOT,NOT,A10001,1,,,,,0.6955
CC_100_80,A10001-80-C6-101186-U1CD2B-CC_01,C6-10001-03,1021,NOT,NOT,A10001,1,,,,,0.923
CC_80_60,A10001-80-C6-101186-U1CD2B-CC_01,C6-10001-03,1021,NOT,NOT,A10001,1,,,,,0.54
CC_20_50,A10001-80-C6-101186-U1CD2B-CC_01,C6-10001-03,1021,NOT,NOT,A10001,1,,,,,0.598
CC_80_60,A10001-80-C6-101297-U1CD2B-CC_01,C6-10001-03,1021,NOT,NOT,A10001,1,,,,,0.9555
CC_25_50,A10001-25-C6-101357-U1CD2B-CC_01,C6-10001-03,1021,NOT,NOT,A10001,1,,,,,0.754
CC_25_50,A10001-25-C6-101357-U1CD2B-CC_01,C6-10001-03,1021,NOT,NOT,A10001,1,,,,,0.0675
CC_20_50,A10001-25-C6-101357-U1CD2B-CC_01,C6-10001-03,1021,NOT,NOT,A10001,1,,,,,0.7475
CC_25_50,A10001-25-C6-101358-U1CD2B-CC_01,EFL-10001-03,1021,NOT,NOT,A10001,1,,,,,0.15626
CC_25_50,A10001-25-C6-101358-U1CD2B-CC_01,EFL-10001-03,1021,NOT,NOT,A10001,1,,,,,0.119275
CC_40_50,A10001-40-C6-102208-U1CD2B-CC_01,C6-10001-03,1021,NOT,NOT,A10001,1,,,,,0.8645
CC_40_50,A10001-40-C6-102208-U1CD2B-CC_01,C6-10001-03,1021,NOT,NOT,A10001,1,,,,,0.15
CC_20_50,A10001-40-C6-102208-U1CD2B-CC_01,C6-10001-03,1021,NOT,NOT,A10001,1,,,,,1.144
CC_50_60,A10001-50-C6-103506-U1CD2B-CC_01,C6-00000-01,65,NOT,NOT,A10001,1,,,,,0.2775
CC_40_60,A10001-50-C6-103506-U1CD2B-CC_01,C6-00000-01,65,NOT,NOT,A10001,1,,,,,0.78
CC_20_50,A10001-50-C6-103506-U1CD2B-CC_01,C6-00000-01,65,NOT,NOT,A10001,1,,,,,0.0225
CC_20_50,A10001-50-C6-103506-U1CD2B-CC_01,C6-00000-01,65,NOT,NOT,A10001,1,,,,,0.559
CC_50_60,A10001-50-C6-103506-U1CD2B-CC_01,C6-00000-01,65,NOT,NOT,A10001,1,,,,,0.01875
CC_25_50,A10001-50-C6-103506-U1CD2B-CC_01,C6-00000-01,65,NOT,NOT,A10001,1,,,,,0.255
CC_20_50,A10001-50-C6-103506-U1CD2B-CC_01,C6-00000-01,65,NOT,NOT,A10001,1,,,,,0.405
CC_25_50,A10001-50-C6-103506-U1CD2B-CC_01,C6-00000-01,65,NOT,NOT,A10001,1,,,,,0.6825
CC_20_50,A10001-50-C6-103506-U1CD2B-CC_01,C6-00000-01,65,NOT,NOT,A10001,1,,,,,0.0225
PP_25_30,A10001-25-C6-103508-U1CD2B-PP_01,EFL-10001-03,1023,NOT,NOT,A10001,1,,,,,1.3455
CC_25_50,A10001-25-C6-10396-U1CD2B-CC_01,C6-10001-01,1020,NOT,NOT,A10001,1,,,,,1.391
CC_80_60,A10001-80-C6-104107-U1CD2B-CC_01,C6-10001-01,1020,NOT,NOT,A10001,1,,,,,0.6825
CC_80_60,A10001-80-C6-104107-U1CD2B-CC_01,C6-10001-01,1020,NOT,NOT,A10001,1,,,,,1.41
CC_80_60,PR19-80-C6-104107-U1CD2B-CC_01,C6-10001-01,65,NOT,NOT,PR19,1,,,,,1.4755
CC_80_60,A10001-80-C6-104109-U1CD2B-CC_01,C6-10001-01,1020,NOT,NOT,A10001,1,,,,,0.6175
CC_20_50,A10001-20-C6-104195-U1CD2B-CC_01,C6-10001-01,1020,NOT,NOT,A10001,1,,,,,1.0075
PP_25_30,A10001-25-C6-104197-U1CD2B-PP_01,EFL-10001-03,1020,NOT,NOT,A10001,1,,,,,0.2847
PP_25_30,A10001-25-C6-104197-U1CD2B-PP_01,EFL-10001-03,1020,NOT,NOT,A10001,1,,,,,0.432225
PP_25_30,A10001-25-C6-104197-U1CD2B-PP_01,EFL-10001-03,1020,NOT,NOT,A10001,1,,,,,0.122135
PP_25_30,A10001-25-C6-104197-U1CD2B-PP_01,EFL-10001-03,1020,NOT,NOT,A10001,1,,,,,0.24427
PP_25_30,A10001-25-C6-104197-U1CD2B-PP_01,EFL-10001-03,1020,NOT,NOT,A10001,1,,,,,0.122135
CC_80_60,A10001-80-C6-104198-U1CD2B-CC_01,C6-10001-01,1020,NOT,NOT,A10001,1,,,,,0.546
CC_150_80,A10003-150-C6-105356-U1CD2B-CC_01,C6-00000-01,65,NOT,NOT,A10003,1,,,,,0.7345
CC_100_80,A10003-150-C6-105356-U1CD2B-CC_01,C6-00000-01,65,NOT,NOT,A10003,1,,,,,0.26
CC_150_80,A10003-150-C6-105356-U1CD2B-CC_01,C6-00000-01,65,NOT,NOT,A10003,1,,,,,0.8025
CC_20_50,A10003-150-C6-105356-U1CD2B-CC_02,C6-00000-01,65,NOT,NOT,A10003,1,,,,,0.8385
PP_25_30,A10003-25-C6-105357-U1CD2B-PP_01,EFL-10003-05,1041,NOT,NOT,A10003,1,,,,,0.7865
PP_25_30,A10003-25-C6-105555-U1CD2B-PP_01,EFL-10003-05,1040,NOT,NOT,A10003,1,,,,,0.624
CC_80_60,A10003-80-C6-105556-U1CD2B-CC_01,C6-00000-01,65,NOT,NOT,A10003,1,,,,,1.5925
CC_20_50,A10003-80-C6-105556-U1CD2B-CC_01,C6-00000-01,65,NOT,NOT,A10003,1,,,,,0.0225
CC_20_50,A10003-80-C6-105556-U1CD2B-CC_02,C6-00000-01,65,NOT,NOT,A10003,1,,,,,1.0425
CC_150_80,A10001-150-CHMB-101101-U4BC1B-CC_01,CHMB-10001-02,2,NOT,NOT,A10001,1,,,,,0.5785
CC_50_50,A10001-150-CHMB-101101-U4BC1B-CC_01,CHMB-10001-02,2,NOT,NOT,A10001,1,,,,,0.143
CC_150_80,A10001-150-CHMB-101101-U4BC1B-CC_01,CHMB-10001-02,2,NOT,NOT,A10001,1,,,,,1.0985
CC_50_50,A10001-50-CHMB-101102-U4BC1B-CC_01,CHMB-10001-01,23,NOT,NOT,A10001,1,,,,,0.572
CC_25_50,A10001-50-CHMB-101102-U4BC1B-CC_01,CHMB-10001-01,23,NOT,NOT,A10001,1,,,,,0.676
CC_50_50,A10001-50-CHMB-101102-U4BC1B-CC_01,CHMB-10001-01,23,NOT,NOT,A10001,1,,,,,0.33475
CC_25_50,A10001-50-CHMB-101102-U4BC1B-CC_01,CHMB-10001-01,23,NOT,NOT,A10001,1,,,,,0.286
CC_40_50,A10001-40-CHMB-101103-U4BC1B-CC_01,CHMB-10001-01,23,NOT,NOT,A10001,1,,,,,0.2925
CC_25_50,A10001-40-CHMB-101103-U4BC1B-CC_01,CHMB-10001-01,23,NOT,NOT,A10001,1,,,,,0.4095
CC_50_50,A10001-40-CHMB-101103-U4BC1B-CC_01,CHMB-10001-01,23,NOT,NOT,A10001,1,,,,,0.40625
CC_40_50,A10001-40-CHMB-101103-U4BC1B-CC_01,CHMB-10001-01,23,NOT,NOT,A10001,1,,,,,0.3445
CC_25_50,A10001-40-CHMB-101103-U4BC1B-CC_01,CHMB-10001-01,23,NOT,NOT,A10001,1,,,,,0.364
CC_100_60,A10001-40-CHMB-101103-U4BC1B-CC_01,CHMB-10001-01,23,NOT,NOT,A10001,1,,,,,0.1625
CC_40_50,A10001-40-CHMB-101103-U4BC1B-CC_01,CHMB-10001-01,23,NOT,NOT,A10001,1,,,,,0.3445
CC_25_50,A10001-40-CHMB-101103-U4BC1B-CC_01,CHMB-10001-01,23,NOT,NOT,A10001,1,,,,,0.1755
CC_100_60,A10001-40-CHMB-101103-U4BC1B-CC_01,CHMB-10001-01,23,NOT,NOT,A10001,1,,,,,0.4745
CC_50_50,A10001-40-CHMB-101103-U4BC1B-CC_01,CHMB-10001-01,23,NOT,NOT,A10001,1,,,,,0.143
CC_40_50,A10001-40-CHMB-101103-U4BC1B-CC_01,CHMB-10001-01,23,NOT,NOT,A10001,1,,,,,0.42
CC_40_50,A10001-40-CHMB-101103-U4BC1B-CC_01,CHMB-10001-01,23,NOT,NOT,A10001,1,,,,,0.7345
CC_25_50,A10001-40-CHMB-101103-U4BC1B-CC_01,CHMB-10001-01,23,NOT,NOT,A10001,1,,,,,0.273
CC_25_50,A10001-40-CHMB-101103-U4BC1B-CC_02,CHMB-10001-01,23,NOT,NOT,A10001,1,,,,,0.494
CC_50_50,A10001-40-CHMB-101103-U4BC1B-CC_03,CHMB-10001-01,23,NOT,NOT,A10001,1,,,,,0.28275
CC_25_50,A10001-40-CHMB-101103-U4BC1B-CC_03,CHMB-10001-01,23,NOT,NOT,A10001,1,,,,,0.6955
CC_100_60,A10001-100-CHMB-101121-U4BC1B-CC_01,CHMB-10001-02,1,NOT,NOT,A10001,1,,,,,0.546
CC_65_50,A10001-100-CHMB-101121-U4BC1B-CC_01,CHMB-10001-02,1,NOT,NOT,A10001,1,,,,,0.13
CC_50_50,A10001-100-CHMB-101121-U4BC1B-CC_01,CHMB-10001-02,1,NOT,NOT,A10001,1,,,,,0.481
CC_100_60,A10001-100-CHMB-101121-U4BC1B-CC_01,CHMB-10001-02,1,NOT,NOT,A10001,1,,,,,0.8125
CC_25_50,A10001-100-CHMB-101121-U4BC1B-CC_01,CHMB-10001-02,1,NOT,NOT,A10001,1,,,,,0.169
CC_100_60,A10001-100-CHMB-101121-U4BC1B-CC_01,CHMB-10001-02,1,NOT,NOT,A10001,1,,,,,0.705
CC_100_60,A10001-100-CHMB-101121-U4BC1B-CC_01,CHMB-10001-02,1,NOT,NOT,A10001,1,,,,,1.4775
CC_100_60,A10001-100-CHMB-101121-U4BC1B-CC_01,CHMB-10001-02,1,NOT,NOT,A10001,1,,,,,0.48
CC_100_60,A10001-100-CHMB-101121-U4BC1B-CC_01,CHMB-10001-02,1,NOT,NOT,A10001,1,,,,,0.637
CC_25_50,A10001-100-CHMB-101121-U4BC1B-CC_01,CHMB-10001-02,1,NOT,NOT,A10001,1,,,,,0.169
CC_100_60,A10001-100-CHMB-101131-U4BC1B-CC_01,CHMB-10001-02,1,NOT,NOT,A10001,1,,,,,0.3575
CC_100_60,A10001-100-CHMB-101131-U4BC1B-CC_01,CHMB-10001-02,1,NOT,NOT,A10001,1,,,,,0.728
CC_50_50,A10001-100-CHMB-101131-U4BC1B-CC_01,CHMB-10001-02,1,NOT,NOT,A10001,1,,,,,0.105
CC_25_50,A10001-100-CHMB-101131-U4BC1B-CC_01,CHMB-10001-02,1,NOT,NOT,A10001,1,,,,,0.169
CC_50_50,A10001-100-CHMB-101131-U4BC1B-CC_01,CHMB-10001-02,1,NOT,NOT,A10001,1,,,,,0.39
CC_40_50,A10001-40-CHMB-101141-U4BC1B-CC_01,CHMB-10001-01,23,NOT,NOT,A10001,1,,,,,0.2665
CC_25_50,A10001-40-CHMB-101141-U4BC1B-CC_01,CHMB-10001-01,23,NOT,NOT,A10001,1,,,,,0.3315
CC_50_50,A10001-50-CHMB-101142-U4BC1B-CC_01,CHMB-10001-01,23,NOT,NOT,A10001,1,,,,,0.69225
CC_25_50,A10001-50-CHMB-101142-U4BC1B-CC_01,CHMB-10001-01,23,NOT,NOT,A10001,1,,,,,0.286
CC_150_80,A10001-150-CHMB-101201-U4BC1B-CC_01,CHMB-10001-02,2,NOT,NOT,A10001,1,,,,,0.5135
CC_150_80,A10001-150-CHMB-101201-U4BC1B-CC_01,CHMB-10001-02,2,NOT,NOT,A10001,1,,,,,0.855
CC_150_80,A10001-150-CHMB-101201-U4BC1B-CC_01,CHMB-10001-02,2,NOT,NOT,A10001,1,,,,,0.5325
CC_150_80,A10001-150-CHMB-101201-U4BC1B-CC_01,CHMB-10001-02,2,NOT,NOT,A10001,1,,,,,0.689
CC_150_80,A10001-150-CHMB-101201-U4BC1B-CC_01,CHMB-10001-02,2,NOT,NOT,A10001,1,,,,,0.5785
CC_50_50,A10001-150-CHMB-101201-U4BC1B-CC_01,CHMB-10001-02,2,NOT,NOT,A10001,1,,,,,0.143
CC_150_80,A10001-150-CHMB-101201-U4BC1B-CC_01,CHMB-10001-02,2,NOT,NOT,A10001,1,,,,,0.429
CC_100_60,A10001-150-CHMB-101201-U4BC1B-CC_01,CHMB-10001-02,2,NOT,NOT,A10001,1,,,,,0.195
CC_50_50,A10001-150-CHMB-101201-U4BC1B-CC_01,CHMB-10001-02,2,NOT,NOT,A10001,1,,,,,0.143
CC_25_50,A10001-150-CHMB-101201-U4BC1B-CC_01,CHMB-10001-02,2,NOT,NOT,A10001,1,,,,,0.2535
CC_150_80,A10001-150-CHMB-101202-U4BC1B-CC_01,CHMB-10001-02,2,NOT,NOT,A10001,1,,,,,0.715
CC_100_60,A10001-150-CHMB-101202-U4BC1B-CC_01,CHMB-10001-02,2,NOT,NOT,A10001,1,,,,,0.195
CC_50_50,A10001-150-CHMB-101202-U4BC1B-CC_01,CHMB-10001-02,2,NOT,NOT,A10001,1,,,,,0.143
CC_25_50,A10001-150-CHMB-101202-U4BC1B-CC_01,CHMB-10001-02,2,NOT,NOT,A10001,1,,,,,0.2535
CC_50_50,A10001-50-CHMB-101203-U4BC1B-CC_01,CHMB-10001-02,23,NOT,NOT,A10001,1,,,,,0.6045
CC_25_50,A10001-50-CHMB-101203-U4BC1B-CC_01,CHMB-10001-02,23,NOT,NOT,A10001,1,,,,,0.3315
CC_50_50,A10001-50-CHMB-101203-U4BC1B-CC_01,CHMB-10001-02,23,NOT,NOT,A10001,1,,,,,0.32825
CC_25_50,A10001-50-CHMB-101203-U4BC1B-CC_01,CHMB-10001-02,23,NOT,NOT,A10001,1,,,,,0.5135
CC_40_50,A10001-40-CHMB-101241-U4BC1B-CC_01,CHMB-10001-02,23,NOT,NOT,A10001,1,,,,,0.2665
CC_25_50,A10001-40-CHMB-101241-U4BC1B-CC_01,CHMB-10001-02,23,NOT,NOT,A10001,1,,,,,0.3315
CC_50_50,A10001-50-CHMB-101242-U4BC1B-CC_01,CHMB-10001-02,23,NOT,NOT,A10001,1,,,,,0.75075
CC_25_50,A10001-50-CHMB-101242-U4BC1B-CC_01,CHMB-10001-02,23,NOT,NOT,A10001,1,,,,,0.2665
CC_40_50,A10001-40-CHMB-101243-U4BC1B-CC_03,CHMB-10001-02,23,NOT,NOT,A10001,1,,,,,0.2015
CC_25_50,A10001-40-CHMB-101243-U4BC1B-CC_03,CHMB-10001-02,23,NOT,NOT,A10001,1,,,,,0.7085
CC_40_50,A10001-40-CHMB-101243-U4BC1B-CC_02,CHMB-10001-02,23,NOT,NOT,A10001,1,,,,,0.494
CC_40_50,A10001-40-CHMB-101243-U4BC1B-CC_01,CHMB-10001-02,23,NOT,NOT,A10001,1,,,,,0.3055
CC_25_50,A10001-40-CHMB-101243-U4BC1B-CC_01,CHMB-10001-02,23,NOT,NOT,A10001,1,,,,,0.3835
CC_50_50,A10001-40-CHMB-101243-U4BC1B-CC_01,CHMB-10001-02,23,NOT,NOT,A10001,1,,,,,0.41275
CC_40_50,A10001-40-CHMB-101243-U4BC1B-CC_01,CHMB-10001-02,23,NOT,NOT,A10001,1,,,,,0.2775
CC_25_50,A10001-40-CHMB-101243-U4BC1B-CC_01,CHMB-10001-02,23,NOT,NOT,A10001,1,,,,,0.3315
CC_100_60,A10001-40-CHMB-101243-U4BC1B-CC_01,CHMB-10001-02,23,NOT,NOT,A10001,1,,,,,0.1625
CC_40_50,A10001-40-CHMB-101243-U4BC1B-CC_01,CHMB-10001-02,23,NOT,NOT,A10001,1,,,,,0.507
CC_25_50,A10001-40-CHMB-101243-U4BC1B-CC_01,CHMB-10001-02,23,NOT,NOT,A10001,1,,,,,0.1755
CC_100_60,A10001-40-CHMB-101243-U4BC1B-CC_01,CHMB-10001-02,23,NOT,NOT,A10001,1,,,,,0.3315
CC_50_50,A10001-40-CHMB-101243-U4BC1B-CC_01,CHMB-10001-02,23,NOT,NOT,A10001,1,,,,,0.143
CC_40_50,A10001-40-CHMB-101243-U4BC1B-CC_01,CHMB-10001-02,23,NOT,NOT,A10001,1,,,,,0.6
CC_40_50,A10001-40-CHMB-101243-U4BC1B-CC_01,CHMB-10001-02,23,NOT,NOT,A10001,1,,,,,0.507
CC_25_50,A10001-40-CHMB-101243-U4BC1B-CC_01,CHMB-10001-02,23,NOT,NOT,A10001,1,,,,,0.429
CC_80_60,A10001-80-CHMB-101301-U4BC1B-CC_01,CHMB-10001-04,5,NOT,NOT,A10001,1,,,,,1.6705
CC_80_60,A10001-80-CHMB-101301-U4BC1B-CC_01,CHMB-10001-04,5,NOT,NOT,A10001,1,,,,,0.91325
CC_50_50,A10001-80-CHMB-101301-U4BC1B-CC_01,CHMB-10001-04,5,NOT,NOT,A10001,1,,,,,0.2015
CC_40_50,A10001-80-CHMB-101301-U4BC1B-CC_01,CHMB-10001-04,5,NOT,NOT,A10001,1,,,,,0.143
CC_25_50,A10001-80-CHMB-101301-U4BC1B-CC_01,CHMB-10001-04,5,NOT,NOT,A10001,1,,,,,0.2535
CC_80_60,A10001-80-CHMB-101302-U4BC1B-CC_01,CHMB-10001-04,5,NOT,NOT,A10001,1,,,,,0.66625
CC_50_50,A10001-80-CHMB-101302-U4BC1B-CC_01,CHMB-10001-04,5,NOT,NOT,A10001,1,,,,,0.2015
CC_40_50,A10001-80-CHMB-101302-U4BC1B-CC_01,CHMB-10001-04,5,NOT,NOT,A10001,1,,,,,0.143
CC_25_50,A10001-80-CHMB-101302-U4BC1B-CC_01,CHMB-10001-04,5,NOT,NOT,A10001,1,,,,,0.2535
CC_50_50,A10001-50-CHMB-101303-U4BC1B-CC_01,CHMB-10001-04,53,NOT,NOT,A10001,1,,,,,0.16575
CC_25_50,A10001-50-CHMB-101303-U4BC1B-CC_01,CHMB-10001-04,53,NOT,NOT,A10001,1,,,,,0.1625
CC_50_50,A10001-40-CHMB-101321-U4BC1B-CC_01,CHMB-10001-04,5,NOT,NOT,A10001,1,,,,,0.9295
CC_40_50,A10001-40-CHMB-101321-U4BC1B-CC_01,CHMB-10001-04,5,NOT,NOT,A10001,1,,,,,0.312
CC_40_50,A10001-40-CHMB-101321-U4BC1B-CC_01,CHMB-10001-04,5,NOT,NOT,A10001,1,,,,,0.325
CC_25_50,A10001-40-CHMB-101321-U4BC1B-CC_01,CHMB-10001-04,5,NOT,NOT,A10001,1,,,,,0.169
CC_40_50,A10001-40-CHMB-101321-U4BC1B-CC_01,CHMB-10001-04,5,NOT,NOT,A10001,1,,,,,0.494
CC_25_50,A10001-40-CHMB-101321-U4BC1B-CC_01,CHMB-10001-04,5,NOT,NOT,A10001,1,,,,,0.221
CC_40_50,A10001-40-CHMB-101321-U4BC1B-CC_01,CHMB-10001-04,5,NOT,NOT,A10001,1,,,,,1.2675
CC_25_50,A10001-40-CHMB-101321-U4BC1B-CC_01,CHMB-10001-04,5,NOT,NOT,A10001,1,,,,,0.169
CC_25_50,A10001-40-CHMB-101321-U4BC1B-CC_02,CHMB-10001-04,5,NOT,NOT,A10001,1,,,,,0.65
CC_25_50,A10001-40-CHMB-101321-U4BC1B-CC_03,CHMB-10001-04,5,NOT,NOT,A10001,1,,,,,0.2015
CC_50_50,A10001-40-CHMB-101321-U4BC1B-CC_03,CHMB-10001-04,5,NOT,NOT,A10001,1,,,,,0.52975
CC_25_50,A10001-40-CHMB-101321-U4BC1B-CC_03,CHMB-10001-04,5,NOT,NOT,A10001,1,,,,,0.7085
CC_50_50,A10001-40-CHMB-101331-U4BC1B-CC_01,CHMB-10001-04,5,NOT,NOT,A10001,1,,,,,0.923
CC_40_50,A10001-40-CHMB-101331-U4BC1B-CC_01,CHMB-10001-04,5,NOT,NOT,A10001,1,,,,,0.0075
CC_40_50,A10001-40-CHMB-101331-U4BC1B-CC_01,CHMB-10001-04,5,NOT,NOT,A10001,1,,,,,0.5135
CC_25_50,A10001-40-CHMB-101331-U4BC1B-CC_01,CHMB-10001-04,5,NOT,NOT,A10001,1,,,,,0.169
CC_40_50,A10001-40-CHMB-101351-U4BC1B-CC_01,CHMB-10001-04,41,NOT,NOT,A10001,1,,,,,0.676
CC_25_50,A10001-40-CHMB-101351-U4BC1B-CC_01,CHMB-10001-04,41,NOT,NOT,A10001,1,,,,,0.169
CC_80_60,A10001-40-CHMB-101351-U4BC1B-CC_01,CHMB-10001-04,41,NOT,NOT,A10001,1,,,,,0.1275
CC_50_50,A10001-40-CHMB-101351-U4BC1B-CC_01,CHMB-10001-04,41,NOT,NOT,A10001,1,,,,,0.9815
CC_40_50,A10001-40-CHMB-101351-U4BC1B-CC_01,CHMB-10001-04,41,NOT,NOT,A10001,1,,,,,0.6675
CC_40_50,A10001-40-CHMB-101351-U4BC1B-CC_01,CHMB-10001-04,41,NOT,NOT,A10001,1,,,,,0.8905
CC_40_50,A10001-40-CHMB-101351-U4BC1B-CC_01,CHMB-10001-04,41,NOT,NOT,A10001,1,,,,,0.21
CC_25_50,A10001-40-CHMB-101351-U4BC1B-CC_01,CHMB-10001-04,41,NOT,NOT,A10001,1,,,,,0.6955
CC_40_50,A10001-40-CHMB-101351-U4BC1B-CC_01,CHMB-10001-04,41,NOT,NOT,A10001,1,,,,,0.8775
CC_40_50,A10001-40-CHMB-101351-U4BC1B-CC_01,CHMB-10001-04,41,NOT,NOT,A10001,1,,,,,1.1375
CC_25_50,A10001-25-CHMB-101352-U4BC1B-CC_01,CHMB-10001-04,41,NOT,NOT,A10001,1,,,,,0.3965
CC_80_60,A10001-25-CHMB-101352-U4BC1B-CC_01,CHMB-10001-04,41,NOT,NOT,A10001,1,,,,,0.1275
CC_50_50,A10001-25-CHMB-101352-U4BC1B-CC_01,CHMB-10001-04,41,NOT,NOT,A10001,1,,,,,0.234
CC_25_50,A10001-25-CHMB-101352-U4BC1B-CC_01,CHMB-10001-04,41,NOT,NOT,A10001,1,,,,,0.6045
CC_40_50,A10001-40-CHMB-101353-U4BC1B-CC_01,CHMB-10001-04,41,NOT,NOT,A10001,1,,,,,0.135
CC_20_50,A10001-40-CHMB-101353-U4BC1B-CC_01,CHMB-10001-04,41,NOT,NOT,A10001,1,,,,,0.1625
CC_80_60,A10001-80-CHMB-102104-U4BC1B-CC_01,INC-10001-04,11,NOT,NOT,A10001,1,,,,,0.4095
CC_80_60,A10001-80-CHMB-102104-U4BC1B-CC_01,INC-10001-04,11,NOT,NOT,A10001,1,,,,,0.72475
CC_50_50,A10001-80-CHMB-102104-U4BC1B-CC_01,INC-10001-04,11,NOT,NOT,A10001,1,,,,,0.195
CC_80_60,A10001-80-CHMB-102104-U4BC1B-CC_01,INC-10001-04,11,NOT,NOT,A10001,1,,,,,0.2925
CC_50_50,A10001-80-CHMB-102104-U4BC1B-CC_01,INC-10001-04,11,NOT,NOT,A10001,1,,,,,0.0375
CC_25_50,A10001-80-CHMB-102104-U4BC1B-CC_01,INC-10001-04,11,NOT,NOT,A10001,1,,,,,0.5005
CC_80_60,A10001-80-CHMB-102104-U4BC1B-CC_01,INC-10001-04,11,NOT,NOT,A10001,1,,,,,0.77025
CC_100_60,A10001-100-CHMB-106728-U4BC1B-CC_01,CHMB-10001-03,4,YES,EHT-106728-TH,A10001,1,,,,,0.4485
CC_25_50,A10001-100-CHMB-106728-U4BC1B-CC_01,CHMB-10001-03,4,YES,EHT-106728-TH,A10001,1,,,,,0.169
CC_100_60,A10001-100-CHMB-106728-U4BC1B-CC_01,CHMB-10001-03,4,YES,EHT-106728-TH,A10001,1,,,,,1.4925
CC_100_60,A10001-100-CHMB-106728-U4BC1B-CC_01,CHMB-10001-03,4,YES,EHT-106728-TH,A10001,1,,,,,1.0725
CC_100_60,A10001-100-CHMB-106728-U4BC1B-CC_01,CHMB-10001-03,4,YES,EHT-106728-TH,A10001,1,,,,,0.481
CC_25_50,A10001-100-CHMB-106728-U4BC1B-CC_01,CHMB-10001-03,4,YES,EHT-106728-TH,A10001,1,,,,,0.3315
CC_100_60,A10001-100-CHMB-106728-U4BC1B-CC_01,CHMB-10001-03,4,YES,EHT-106728-TH,A10001,1,,,,,0.24
CC_80_60,A10001-100-CHMB-106728-U4BC1B-CC_01,CHMB-10001-03,4,YES,EHT-106728-TH,A10001,1,,,,,0.572
CC_100_60,A10001-100-CHMB-106728-U4BC1B-CC_01,CHMB-10001-03,4,YES,EHT-106728-TH,A10001,1,,,,,0.3445
CC_100_60,A10001-100-CHMB-106728-U4BC1B-CC_01,CHMB-10001-03,4,YES,EHT-106728-TH,A10001,1,,,,,0.572
CC_25_50,A10001-100-CHMB-106728-U4BC1B-CC_01,CHMB-10001-03,4,YES,EHT-106728-TH,A10001,1,,,,,0.3315
CC_100_60,A10001-100-CHMB-106728-U4BC1B-CC_01,CHMB-10001-03,4,YES,EHT-106728-TH,A10001,1,,,,,1.0985
CC_100_60,A10001-100-CHMB-106729-U4BC1B-CC_01,CHMB-10001-03,4,NOT,NOT,A10001,1,,,,,0.5785
CC_80_60,A10001-100-CHMB-106729-U4BC1B-CC_01,CHMB-10001-03,4,NOT,NOT,A10001,1,,,,,0.195
CC_25_50,A10001-100-CHMB-106729-U4BC1B-CC_01,CHMB-10001-03,4,NOT,NOT,A10001,1,,,,,0.3315
CC_100_60,A10001-100-CHMB-106729-U4BC1B-CC_01,CHMB-10001-03,4,NOT,NOT,A10001,1,,,,,1.0465
CCTN_80_60,A10001-80-CIPA-101164-U4BC1B-CCTN_01,HMBI-10005-01,17,YES,EHT-101164-TH,A10001,1,,,,,0.481
CCTN_25_50,A10001-80-CIPA-101164-U4BC1B-CCTN_01,HMBI-10005-01,17,YES,EHT-101164-TH,A10001,1,,,,,0.6435
CCTN_150_80,A10001-80-CIPA-101164-U4BC1B-CCTN_01,HMBI-10005-01,17,YES,EHT-101164-TH,A10001,1,,,,,0.045
CCTN_80_60,A10001-80-CIPA-101164-U4BC1B-CCTN_01,HMBI-10005-01,17,YES,EHT-101164-TH,A10001,1,,,,,0.5785
CCTN_50_50,A10001-80-CIPA-101164-U4BC1B-CCTN_01,HMBI-10005-01,17,YES,EHT-101164-TH,A10001,1,,,,,0.143
CCTN_80_60,A10001-80-CIPA-101164-U4BC1B-CCTN_01,HMBI-10005-01,17,YES,EHT-101164-TH,A10001,1,,,,,0.7475
CCTN_25_50,A10001-80-CIPA-101164-U4BC1B-CCTN_01,HMBI-10005-01,17,YES,EHT-101164-TH,A10001,1,,,,,0.169
CCTN_80_60,A10001-80-CIPA-101164-U4BC1B-CCTN_01,HMBI-10005-01,17,YES,EHT-101164-TH,A10001,1,,,,,0.5325
CCTN_80_60,A10001-80-CIPA-101164-U4BC1B-CCTN_01,HMBI-10005-01,17,YES,EHT-101164-TH,A10001,1,,,,,1.846
CC_80_60,A10001-80-CIPA-101165-U4BC1B-CC_01,CIPA-10001-01,17,NOT,NOT,A10001,1,,,,,0.481
CC_80_60,A10001-80-CIPA-101165-U4BC1B-CC_01,CIPA-10001-01,17,NOT,NOT,A10001,1,,,,,0.45
CC_80_60,A10001-80-CIPA-101165-U4BC1B-CC_01,CIPA-10001-01,17,NOT,NOT,A10001,1,,,,,0.4355
CC_25_50,A10001-80-CIPA-101165-U4BC1B-CC_01,CIPA-10001-01,17,NOT,NOT,A10001,1,,,,,0.3315
CCTN_80_60,A10001-80-CIPA-101263-U4BC1B-CCTN_01,CHMB-10001-02,18,YES,EHT-101263-TH,A10001,1,,,,,0.5395
CCTN_25_50,A10001-80-CIPA-101263-U4BC1B-CCTN_01,CHMB-10001-02,18,YES,EHT-101263-TH,A10001,1,,,,,0.702
CCTN_150_80,A10001-80-CIPA-101263-U4BC1B-CCTN_01,CHMB-10001-02,18,YES,EHT-101263-TH,A10001,1,,,,,0.0825
CCTN_80_60,A10001-80-CIPA-101263-U4BC1B-CCTN_01,CHMB-10001-02,18,YES,EHT-101263-TH,A10001,1,,,,,0.5525
CCTN_50_50,A10001-80-CIPA-101263-U4BC1B-CCTN_01,CHMB-10001-02,18,YES,EHT-101263-TH,A10001,1,,,,,0.143
CCTN_80_60,A10001-80-CIPA-101263-U4BC1B-CCTN_01,CHMB-10001-02,18,YES,EHT-101263-TH,A10001,1,,,,,0.4615
CCTN_80_60,A10001-80-CIPA-101263-U4BC1B-CCTN_01,CHMB-10001-02,18,YES,EHT-101263-TH,A10001,1,,,,,0.5005
CCTN_25_50,A10001-80-CIPA-101263-U4BC1B-CCTN_01,CHMB-10001-02,18,YES,EHT-101263-TH,A10001,1,,,,,0.169
CCTN_80_60,A10001-80-CIPA-101263-U4BC1B-CCTN_01,CHMB-10001-02,18,YES,EHT-101263-TH,A10001,1,,,,,1.0875
CCTN_80_60,A10001-80-CIPA-101263-U4BC1B-CCTN_01,CHMB-10001-02,18,YES,EHT-101263-TH,A10001,1,,,,,1.5
CC_80_60,A10001-80-CIPA-101264-U4BC1B-CC_01,CIPA-10001-01,18,NOT,NOT,A10001,1,,,,,0.9685
CC_25_50,A10001-80-CIPA-101264-U4BC1B-CC_01,CIPA-10001-01,18,NOT,NOT,A10001,1,,,,,0.3315
CC_400_90,A10001-800-CIPA-102101-U4BC1B-CC_01,INC-10001-04,20,NOT,NOT,A10001,,,,,,1.2415
CC_400_90,A10001-800-CIPA-102101-U4BC1B-CC_01,INC-10001-04,20,NOT,NOT,A10001,,,,,,0.6825
CC_25_50,A10001-800-CIPA-102101-U4BC1B-CC_01,INC-10001-04,20,NOT,NOT,A10001,1,,,,,0.169
CC_800_90,A10001-800-CIPA-102101-U4BC1B-CC_01,INC-10001-04,20,NOT,NOT,A10001,,,,,,0.6175
CC_400_90,A10001-800-CIPA-102101-U4BC1B-CC_01,INC-10001-04,20,NOT,NOT,A10001,,,,,,0.208
CC_25_50,A10001-800-CIPA-102101-U4BC1B-CC_01,INC-10001-04,20,NOT,NOT,A10001,1,,,,,0.117
CC_400_90,A10001-800-CIPA-102101-U4BC1B-CC_02,INC-10001-04,20,NOT,NOT,A10001,,,,,,1.404
CC_400_90,A10001-800-CIPA-102101-U4BC1B-CC_02,INC-10001-04,20,NOT,NOT,A10001,,,,,,0.5265
CC_25_50,A10001-800-CIPA-102101-U4BC1B-CC_02,INC-10001-04,20,NOT,NOT,A10001,1,,,,,0.169
CC_80_60,A10001-80-CIPA-102102-U4BC1B-CC_01,INC-10001-04,53,NOT,NOT,A10001,1,,,,,0.29575
CC_200_80,A10001-200-CIPA-102201-U4BC1B-CC_01,HMBC-10001-01,16,NOT,NOT,A10001,1,0.5,0.5,,,7.239671509
CC_50_50,A10001-200-CIPA-102201-U4BC1B-CC_01,HMBC-10001-01,16,NOT,NOT,A10001,1,0.5,0.5,,,0.754847266
CC_80_60,A10001-80-CIPA-102202-U4BC1B-CC_01,HMBC-10001-01,54,NOT,NOT,A10001,1,,,,,0
CC_40_50,A10001-80-CIPA-102202-U4BC1B-CC_01,HMBC-10001-01,54,NOT,NOT,A10001,1,,,,,0
CC_80_60,A10001-80-CIPA-102252-U4BC1B-CC_01,CIPA-10001-01,24,NOT,NOT,A10001,1,,,,,0.4875
CC_25_50,A10001-80-CIPA-102252-U4BC1B-CC_01,CIPA-10001-01,24,NOT,NOT,A10001,1,,,,,0.6565
CC_80_60,A10001-80-CIPA-102252-U4BC1B-CC_01,CIPA-10001-01,24,NOT,NOT,A10001,1,,,,,0.6375
CC_80_60,A10001-80-CIPA-102252-U4BC1B-CC_01,CIPA-10001-01,24,NOT,NOT,A10001,1,,,,,0.4575
CC_80_60,A10001-80-CIPA-102252-U4BC1B-CC_01,CIPA-10001-01,24,NOT,NOT,A10001,1,,,,,0.51025
CC_25_50,A10001-80-CIPA-102252-U4BC1B-CC_01,CIPA-10001-01,24,NOT,NOT,A10001,1,,,,,0.3315
CC_80_60,A10001-80-CIPA-102301-U4BC1B-CC_01,CIPA-10001-01,45,NOT,NOT,A10001,1,,,,,0.468
CC_80_60,A10001-80-CIPA-102301-U4BC1B-CC_01,CIPA-10001-01,45,NOT,NOT,A10001,1,,,,,0.5915
CC_80_60,A10001-80-CIPA-102301-U4BC1B-CC_01,CIPA-10001-01,45,NOT,NOT,A10001,1,,,,,0.43875
CC_50_50,A10001-80-CIPA-102301-U4BC1B-CC_01,CIPA-10001-01,45,NOT,NOT,A10001,1,,,,,0.3705
CC_25_50,A10001-80-CIPA-102301-U4BC1B-CC_01,CIPA-10001-01,45,NOT,NOT,A10001,1,,,,,0.2795
CC_80_60,A10001-80-CIPA-102302-U4BC1B-CC_01,CIPA-10001-01,45,NOT,NOT,A10001,1,,,,,0.64675
CC_50_50,A10001-80-CIPA-102302-U4BC1B-CC_01,CIPA-10001-01,45,NOT,NOT,A10001,1,,,,,0.3705
CC_25_50,A10001-80-CIPA-102302-U4BC1B-CC_01,CIPA-10001-01,45,NOT,NOT,A10001,1,,,,,0.2535
CC_80_60,A10001-80-CIPA-102305-U4BC1B-CC_01,CIPA-10001-01,12,NOT,NOT,A10001,1,,,,,0.416
CC_50_50,A10001-80-CIPA-102305-U4BC1B-CC_01,CIPA-10001-01,12,NOT,NOT,A10001,1,,,,,0.4095
CC_25_50,A10001-80-CIPA-102305-U4BC1B-CC_01,CIPA-10001-01,12,NOT,NOT,A10001,1,,,,,0.1105
CC_80_60,A10001-80-CIPA-102305-U4BC1B-CC_01,CIPA-10001-01,12,NOT,NOT,A10001,1,,,,,0.715
CC_40_50,A10001-80-CIPA-102305-U4BC1B-CC_01,CIPA-10001-01,12,NOT,NOT,A10001,1,,,,,0.1105
CC_25_50,A10001-80-CIPA-102305-U4BC1B-CC_01,CIPA-10001-01,12,NOT,NOT,A10001,1,,,,,0.3315
CC_50_50,A10001-50-CIPA-102306-U4BC1B-CC_01,HMBI-10001-04,12,NOT,NOT,A10001,1,,,,,0.6305
CC_25_50,A10001-50-CIPA-102306-U4BC1B-CC_01,HMBI-10001-04,12,NOT,NOT,A10001,1,,,,,0.4095
CC_50_50,A10001-50-CIPA-102306-U4BC1B-CC_01,HMBI-10001-04,12,NOT,NOT,A10001,1,,,,,1.0465
CC_150_80,A10001-150-CIPA-102307-U4BC1B-CC_01,CIPA-10001-01,55,NOT,NOT,A10001,1,,,,,0.273
PP_150_30,A10001-150-CIPA-102309-U4BC1B-PP_01,EFL-10001-03,2008,NOT,NOT,A10001,1,,,,,0.3177
CC_50_50,A10003-50-CIPA-102321-U4BC1B-CC_01,CIPA-10001-01,67,NOT,NOT,A10003,1,,,,,1.378
CC_50_50,A10003-50-CIPA-102321-U4BC1B-CC_01,CIPA-10001-01,67,NOT,NOT,A10003,1,,,,,0.351
CC_25_50,A10003-50-CIPA-102321-U4BC1B-CC_01,CIPA-10001-01,67,NOT,NOT,A10003,1,,,,,0.169
CC_50_50,A10001-50-CIPA-102321-U4BC1B-CC_01,CIPA-10001-01,67,NOT,NOT,A10001,1,,,,,1.12775
CC_50_50,A10001-50-CIPA-102321-U4BC1B-CC_01,CIPA-10001-01,67,NOT,NOT,A10001,1,,,,,0.1725
CC_25_50,A10001-50-CIPA-102321-U4BC1B-CC_01,CIPA-10001-01,67,NOT,NOT,A10001,1,,,,,0.247
CC_50_50,A10001-50-CIPA-102321-U4BC1B-CC_01,CIPA-10001-01,67,NOT,NOT,A10001,1,,,,,0.6435
CC_50_50,A10001-50-CIPA-102321-U4BC1B-CC_01,CIPA-10001-01,67,NOT,NOT,A10001,1,,,,,1.92
CC_50_50,PR19-50-CIPA-102321-U4BC1B-CC_01,CIPA-10001-01,67,NOT,NOT,PR19,1,,,,,2.2425
CC_50_50,PR19-50-CIPA-102321-U4BC1B-CC_01,CIPA-10001-01,67,NOT,NOT,PR19,1,,,,,1.3725
CC_25_50,A10001-25-CIPA-102322-U4BC1B-CC_01,CIPA-10001-01,67,NOT,NOT,A10001,1,,,,,0.9425
CC_50_50,A10001-50-CIPA-102331-U4BC1B-CC_01,CIPA-10001-01,67,NOT,NOT,A10001,1,,,,,1.12775
CC_50_50,A10001-50-CIPA-102331-U4BC1B-CC_01,CIPA-10001-01,67,NOT,NOT,A10001,1,,,,,0.3835
CC_25_50,A10001-50-CIPA-102331-U4BC1B-CC_01,CIPA-10001-01,67,NOT,NOT,A10001,1,,,,,0.2535
CC_50_50,A10001-50-CIPA-103204-U4BC1B-CC_01,HMBI-10001-04,12,YES,EHT-103204-TH,A10001,1,,,,,0.364
CC_50_50,A10001-50-CIPA-103204-U4BC1B-CC_01,HMBI-10001-04,12,YES,EHT-103204-TH,A10001,1,,,,,0.572
CC_50_50,A10001-50-CIPA-103204-U4BC1B-CC_01,HMBI-10001-04,12,YES,EHT-103204-TH,A10001,1,,,,,1.963
CC_50_50,A10003-50-CIPA-103204-U4BC1B-CC_01,HMBI-10001-04,69,YES,EHT-103204-TH,A10003,1,,,,,1.5975
CC_50_50,A10003-50-CIPA-103204-U4BC1B-CC_01,HMBI-10001-04,69,YES,EHT-103204-TH,A10003,1,,,,,0.364
CC_25_50,A10003-50-CIPA-103204-U4BC1B-CC_01,HMBI-10001-04,69,YES,EHT-103204-TH,A10003,1,,,,,0.0075
CC_25_50,A10003-50-CIPA-103204-U4BC1B-CC_01,HMBI-10001-04,69,YES,EHT-103204-TH,A10003,1,,,,,0.325
CC_50_50,PR19-50-CIPA-103204-U4BC1B-CC_01,HMBI-10001-04,69,YES,EHT-103204-TH,PR19,1,,,,,1.515
PP_100_30,A10001-100-CIPA-10321-U4BC1B-PP_01,HMBI-10001-04,13,NOT,NOT,A10001,1,,,,,0
CC_50_50,A10001-50-CIPA-10327-U4BC1B-CC_01,HMBI-10001-04,38,NOT,NOT,A10001,1,,,,,1.521
CC_250_90,A10001-250-CIPA-103501-U4BC1B-CC_01,HMBN-10001-02,19,NOT,NOT,A10001,1,,,,,0.9685
CC_50_60,A10001-250-CIPA-103501-U4BC1B-CC_01,HMBN-10001-02,19,NOT,NOT,A10001,1,,,,,0.481
CC_250_90,A10001-250-CIPA-103501-U4BC1B-CC_01,HMBN-10001-02,19,NOT,NOT,A10001,1,,,,,1.425
CC_250_90,A10001-250-CIPA-103501-U4BC1B-CC_01,HMBN-10001-02,19,NOT,NOT,A10001,1,,,,,0.7995
CC_25_50,A10001-250-CIPA-103501-U4BC1B-CC_01,HMBN-10001-02,19,NOT,NOT,A10001,1,,,,,0.169
CC_80_60,A10001-80-CIPA-103509-U4BC1B-CC_01,HMBN-10001-02,53,NOT,NOT,A10001,1,,,,,0.22425
PP_80_40,A10001-80-CIPA-103598-U4BC1B-NC_01,EFL-10001-03,2008,NOT,NOT,A10001,1,,,,,0
PP_25_30,A10001-80-CIPA-103598-U4BC1B-NC_01,EFL-10001-03,2008,NOT,NOT,A10001,1,,,,,0
CC_50_50,PR19-50-CIPA-103905-U4BC1B-CC_01,HMBI-10001-04,70,NOT,NOT,PR19,1,,,,,1.5825
CC_50_50,A10001-50-CIPA-103905-U4BC1B-CC_01,HMBI-10001-04,38,NOT,NOT,A10001,1,,,,,0.30875
CC_40_50,A10001-50-CIPA-103905-U4BC1B-CC_01,HMBI-10001-04,38,NOT,NOT,A10001,1,,,,,0.8515
CC_50_50,A10001-50-CIPA-103905-U4BC1B-CC_01,HMBI-10001-04,38,NOT,NOT,A10001,1,,,,,0.7125
CC_50_50,A10001-50-CIPA-103905-U4BC1B-CC_01,HMBI-10001-04,38,NOT,NOT,A10001,1,,,,,0.885
CC_50_50,A10001-50-CIPA-103905-U4BC1B-CC_01,HMBI-10001-04,38,NOT,NOT,A10001,1,,,,,0.7085
CC_50_50,A10001-50-CIPA-103905-U4BC1B-CC_01,HMBI-10001-04,38,NOT,NOT,A10001,1,,,,,1.38
CC_50_50,A10003-50-CIPA-103905-U4BC1B-CC_01,HMBI-10001-04,70,NOT,NOT,A10003,1,,,,,1.1775
CC_50_50,A10003-50-CIPA-103905-U4BC1B-CC_01,HMBI-10001-04,70,NOT,NOT,A10003,1,,,,,0.73125
CC_25_50,A10003-50-CIPA-103905-U4BC1B-CC_01,HMBI-10001-04,70,NOT,NOT,A10003,1,,,,,0.3315
PP_80_40,A10001-80-CIPA-103906-U4BC1B-PP_01,HMBI-10001-04,25,NOT,NOT,A10001,1,,,,,0.01875
PP_50_30,A10001-80-CIPA-103906-U4BC1B-PP_01,HMBI-10001-04,25,NOT,NOT,A10001,1,,,,,0.01875
PP_25_30,A10001-80-CIPA-103906-U4BC1B-PP_01,HMBI-10001-04,25,NOT,NOT,A10001,1,,,,,0.5005
PP_80_40,A10001-80-CIPA-103906-U4BC1B-PP_01,HMBI-10001-04,25,NOT,NOT,A10001,1,,,,,0.1725
PP_25_30,A10001-80-CIPA-103906-U4BC1B-PP_01,HMBI-10001-04,25,NOT,NOT,A10001,1,,,,,0.7995
PP_80_40,A10001-80-CIPA-103906-U4BC1B-PP_01,HMBI-10001-04,25,NOT,NOT,A10001,1,,,,,0.277615
PP_25_30,A10001-80-CIPA-103906-U4BC1B-PP_01,HMBI-10001-04,25,NOT,NOT,A10001,1,,,,,0.073275
CC_50_50,A10001-50-CIPA-103989-U4BC1B-CC_01,HMBI-10001-04,38,NOT,NOT,A10001,1,,,,,1.144
CC_25_50,A10001-50-CIPA-103989-U4BC1B-CC_01,HMBI-10001-04,38,NOT,NOT,A10001,1,,,,,0.247
CCTN_25_50,A10001-25-CIPA-103998-U4BC1B-CCTN_01,HMBI-10001-04,39,YES,EHT-103998-TH,A10001,1,,,,,0.7605
CCTN_25_50,A10001-25-CIPA-103998-U4BC1B-CCTN_01,HMBI-10001-04,39,YES,EHT-103998-TH,A10001,1,,,,,0.364
CCTN_50_50,A10001-50-CIPA-103999-U4BC1B-CCTN_01,HMBI-10001-04,28,YES,EHT-103999-TH,A10001,1,,,,,1.3585
CCTN_50_50,A10001-50-CIPA-103999-U4BC1B-CCTN_01,HMBI-10001-04,28,YES,EHT-103999-TH,A10001,1,,,,,0.11625
CCTN_25_50,A10001-50-CIPA-103999-U4BC1B-CCTN_01,HMBI-10001-04,28,YES,EHT-103999-TH,A10001,1,,,,,0.728
CC_50_50,A10003-50-CIPA-105323-U4BC1B-CC_01,RIPA-10003-01,74,NOT,NOT,A10003,1,,,,,0.403
CC_25_50,A10003-50-CIPA-105323-U4BC1B-CC_01,RIPA-10003-01,74,NOT,NOT,A10003,1,,,,,0.3315
CCTN_40_50,A10001-40-CIPA-108051-U4BC1B-CCTN_01,INC-10001-02,40,YES,EHT-108051-TH,A10001,1,,,,,0.7605
CCTN_40_50,A10001-40-CIPA-108051-U4BC1B-CCTN_01,INC-10001-02,40,YES,EHT-108051-TH,A10001,1,,,,,0.338
CCTN_25_50,A10001-40-CIPA-108051-U4BC1B-CCTN_01,INC-10001-02,40,YES,EHT-108051-TH,A10001,1,,,,,0.2325
CCTN_40_50,A10001-40-CIPA-108051-U4BC1B-CCTN_01,INC-10001-02,40,YES,EHT-108051-TH,A10001,1,,,,,0.689
CCTN_40_50,A10001-40-CIPA-108051-U4BC1B-CCTN_01,INC-10001-02,40,YES,EHT-108051-TH,A10001,1,,,,,0.4125
PP_40_30,A10001-40-CIPA-108058-U4BC1B-PP_01,INC-10001-02,40,NOT,NOT,A10001,1,,,,,0.494
PP_50_30,A10001-40-CIPA-108058-U4BC1B-PP_01,INC-10001-02,40,NOT,NOT,A10001,1,,,,,0.2405
PP_40_30,A10001-40-CIPA-108058-U4BC1B-PP_01,INC-10001-02,40,NOT,NOT,A10001,1,,,,,0.41925
PP_25_30,A10001-40-CIPA-108058-U4BC1B-PP_01,INC-10001-02,40,NOT,NOT,A10001,1,,,,,0.1625
PP_50_30,A10001-50-CIPA-108101-U4BC1B-PP_01,INC-10001-02,12,NOT,NOT,A10001,1,,,,,0.7592
PP_50_30,A10001-50-CIPA-108101-U4BC1B-PP_01,INC-10001-02,12,NOT,NOT,A10001,1,,,,,0.67275
PP_40_30,A10001-50-CIPA-108101-U4BC1B-PP_01,INC-10001-02,12,NOT,NOT,A10001,1,,,,,0.1235
PP_25_30,A10001-50-CIPA-108101-U4BC1B-PP_01,INC-10001-02,12,NOT,NOT,A10001,1,,,,,0.169
PP_50_30,A10001-50-CIPA-108102-U4BC1B-PP_01,INC-10001-02,12,NOT,NOT,A10001,1,,,,,0.86775
PP_40_30,A10001-50-CIPA-108102-U4BC1B-PP_01,INC-10001-02,12,NOT,NOT,A10001,1,,,,,0.1235
PP_25_30,A10001-50-CIPA-108102-U4BC1B-PP_01,INC-10001-02,12,NOT,NOT,A10001,1,,,,,0.169
PP_80_30,A10001-80-CIPA-108104-U4BC1B-PP_01,INC-10001-02,53,NOT,NOT,A10001,1,,,,,0.36075
PP_50_30,A10001-40-CIPA-108121-U4BC1B-PP_01,INC-10001-02,12,NOT,NOT,A10001,1,,,,,0.62075
PP_40_30,A10001-40-CIPA-108121-U4BC1B-PP_01,INC-10001-02,12,NOT,NOT,A10001,1,,,,,0.2775
PP_40_30,A10001-40-CIPA-108121-U4BC1B-PP_01,INC-10001-02,12,NOT,NOT,A10001,1,,,,,0.5005
PP_25_30,A10001-40-CIPA-108121-U4BC1B-PP_01,INC-10001-02,12,NOT,NOT,A10001,1,,,,,0.169
PP_50_30,A10001-40-CIPA-108131-U4BC1B-PP_01,INC-10001-02,12,NOT,NOT,A10001,1,,,,,0.49725
PP_40_30,A10001-40-CIPA-108131-U4BC1B-PP_01,INC-10001-02,12,NOT,NOT,A10001,1,,,,,0.4485
PP_40_30,A10001-40-CIPA-108131-U4BC1B-PP_01,INC-10001-02,12,NOT,NOT,A10001,1,,,,,0.494
PP_25_30,A10001-40-CIPA-108131-U4BC1B-PP_01,INC-10001-02,12,NOT,NOT,A10001,1,,,,,0.169
CCTN_50_50,A10003-40-CYH-105281-U4BC1B-CCTN_01,CYH-10003-01,2061,YES,EHT-105284-TH,A10003,1,,,,,0.40625
CCTN_40_50,A10003-40-CYH-105281-U4BC1B-CCTN_01,CYH-10003-01,2061,YES,EHT-105284-TH,A10003,1,,,,,0.884
CCTN_40_50,A10003-40-CYH-105281-U4BC1B-CCTN_01,CYH-10003-01,2061,YES,EHT-105284-TH,A10003,1,,,,,0.715
CCTN_25_50,A10003-40-CYH-105281-U4BC1B-CCTN_01,CYH-10003-01,2061,YES,EHT-105284-TH,A10003,1,,,,,0.5785
CCTN_50_50,A10003-40-CYH-105281-U4BC1B-CCTN_01,CYH-10003-01,2061,YES,EHT-105284-TH,A10003,1,,,,,0
CCTN_40_50,A10003-40-CYH-105281-U4BC1B-CCTN_01,CYH-10003-01,2061,YES,EHT-105284-TH,A10003,1,,,,,0.455
CCTN_25_50,A10003-40-CYH-105281-U4BC1B-CCTN_01,CYH-10003-01,2061,YES,EHT-105284-TH,A10003,1,,,,,0.169
CCTN_50_50,A10003-40-CYH-105281-U4BC1B-CCTN_01,CYH-10003-01,2061,YES,EHT-105284-TH,A10003,1,,,,,0.28275
CCTN_25_50,A10003-40-CYH-105281-U4BC1B-CCTN_01,CYH-10003-01,2061,YES,EHT-105284-TH,A10003,1,,,,,0.5135
CCTN_40_50,A10003-25-CYH-105282-U4BC1B-CCTN_01,CYH-10003-01,86,YES,EHT-105282-TH,A10003,1,,,,,0.1875
CCTN_25_50,A10003-25-CYH-105282-U4BC1B-CCTN_01,CYH-10003-01,86,YES,EHT-105282-TH,A10003,1,,,,,0.442
CCTN_40_50,A10003-25-CYH-105282-U4BC1B-CCTN_01,CYH-10003-01,86,YES,EHT-105282-TH,A10003,1,,,,,0.4425
CCTN_25_50,A10003-25-CYH-105282-U4BC1B-CCTN_01,CYH-10003-01,86,YES,EHT-105282-TH,A10003,1,,,,,0.33
CCTN_40_50,A10003-25-CYH-105282-U4BC1B-CCTN_01,CYH-10003-01,86,YES,EHT-105282-TH,A10003,1,,,,,0.0225
CCTN_25_50,A10003-25-CYH-105282-U4BC1B-CCTN_01,CYH-10003-01,86,YES,EHT-105282-TH,A10003,1,,,,,0.169
CCTN_25_50,A10003-25-CYH-105282-U4BC1B-CCTN_01,CYH-10003-01,86,YES,EHT-105282-TH,A10003,1,,,,,0.2795
CCTN_50_50,A10003-25-CYH-105282-U4BC1B-CCTN_01,CYH-10003-01,86,YES,EHT-105282-TH,A10003,1,,,,,0.41275
CCTN_25_50,A10003-25-CYH-105282-U4BC1B-CCTN_01,CYH-10003-01,86,YES,EHT-105282-TH,A10003,1,,,,,0.0075
CCTN_25_50,A10003-25-CYH-105282-U4BC1B-CCTN_01,CYH-10003-01,86,YES,EHT-105282-TH,A10003,1,,,,,1.547
CCTN_25_50,A10003-25-CYH-105282-U4BC1B-CCTN_01,CYH-10003-01,86,YES,EHT-105282-TH,A10003,1,,,,,0.7735
CCTN_25_50,A10003-25-CYH-105283-U4BC1B-CCTN_01,CYH-10003-01,107,YES,EHT-105283-TH,A10003,1,,,,,1.2285
CCTN_50_50,A10003-25-CYH-105283-U4BC1B-CCTN_01,CYH-10003-01,107,YES,EHT-105283-TH,A10003,1,,,,,0.41275
CCTN_25_50,A10003-25-CYH-105283-U4BC1B-CCTN_01,CYH-10003-01,107,YES,EHT-105283-TH,A10003,1,,,,,0.0075
CCTN_40_50,A10003-40-CYH-105284-U4BC1B-CCTN_01,CYH-10003-01,86,YES,EHT-105284-TH,A10003,1,,,,,0.286
CCTN_25_50,A10003-40-CYH-105284-U4BC1B-CCTN_01,CYH-10003-01,86,YES,EHT-105284-TH,A10003,1,,,,,0.1625
CCTN_25_50,A10003-40-CYH-105284-U4BC1B-CCTN_01,CYH-10003-01,86,YES,EHT-105284-TH,A10003,1,,,,,0.247
CCTN_40_50,A10003-40-CYH-105285-U4BC1B-CCTN_01,CYH-10003-01,108,YES,EHT-105284-TH,A10003,1,,,,,0.6045
CCTN_25_50,A10003-40-CYH-105285-U4BC1B-CCTN_01,CYH-10003-01,108,YES,EHT-105284-TH,A10003,1,,,,,0.169
PP_25_30,A10001-25-EFL-101122-U4BC1B-PP_01,EFL-10001-02,1,NOT,NOT,A10001,1,,,,,0.6825
PP_25_30,A10001-25-EFL-101123-U4BC1B-PP_01,EFL-10001-01,1,NOT,NOT,A10001,1,,,,,0.7475
PP_25_30,A10001-25-EFL-101123-U4BC1B-PP_01,EFL-10001-01,1,NOT,NOT,A10001,1,,,,,0.949
PP_25_30,A10001-25-EFL-101123-U4BC1B-PP_01,EFL-10001-01,1,NOT,NOT,A10001,1,,,,,0.585
PP_25_30,A10001-25-EFL-101143-U4BC1B-PP_01,ACL-10001-01,23,NOT,NOT,A10001,1,,,,,1.651715
PP_25_30,A10001-25-EFL-101143-U4BC1B-PP_01,ACL-10001-01,23,NOT,NOT,A10001,1,,,,,0.583895
PP_25_30,A10001-25-EFL-101144-U4BC1B-PP_01,EFL-10001-01,23,NOT,NOT,A10001,1,,,,,0.42354
PP_25_30,A10001-25-EFL-101144-U4BC1B-PP_01,EFL-10001-01,23,NOT,NOT,A10001,1,,,,,0.50492
PP_25_30,A10001-25-EFL-101145-U4BC1B-PP_01,EFL-10001-01,23,NOT,NOT,A10001,1,,,,,0.441075
PP_25_30,A10001-25-EFL-101245-U4BC1B-PP_01,EFL-10001-02,23,NOT,NOT,A10001,1,,,,,1.1765
PP_25_30,A10001-25-EFL-101245-U4BC1B-PP_01,EFL-10001-02,23,NOT,NOT,A10001,1,,,,,0.48451
PP_25_30,A10001-25-EFL-101246-U4BC1B-PP_01,EFL-10001-01,23,NOT,NOT,A10001,1,,,,,0.559
PP_25_30,A10001-25-EFL-101247-U4BC1B-PP_01,EFL-10001-01,23,NOT,NOT,A10001,1,,,,,0.114075
PP_25_30,A10001-25-EFL-101322-U4BC1B-PP_01,EFL-10001-01,5,NOT,NOT,A10001,1,,,,,0.936
PP_25_30,A10001-25-EFL-101323-U4BC1B-PP_01,EFL-10001-02,5,NOT,NOT,A10001,1,,,,,0.871
PP_25_30,A10001-25-EFL-101323-U4BC1B-PP_01,EFL-10001-02,5,NOT,NOT,A10001,1,,,,,0.858
PP_25_30,A10001-25-EFL-101323-U4BC1B-PP_01,EFL-10001-02,5,NOT,NOT,A10001,1,,,,,0.6825
PP_25_30,A10001-25-EFL-101324-U4BC1B-PP_01,EFL-10001-01,5,NOT,NOT,A10001,1,,,,,0.507
PP_25_30,A10001-25-EFL-102223-U4BC1B-PP_01,EFL-10001-02,11,NOT,NOT,A10001,1,,,,,1.053
PP_25_30,A10001-25-EFL-102223-U4BC1B-PP_01,EFL-10001-02,11,NOT,NOT,A10001,1,,,,,1.4755
PP_25_30,A10001-25-EFL-102224-U4BC1B-PP_01,EFL-10001-01,11,NOT,NOT,A10001,1,,,,,0.351
PP_25_30,A10001-25-EFL-102225-U4BC1B-PP_01,EFL-10001-01,11,NOT,NOT,A10001,1,,,,,0.611
PP_25_30,A10001-25-EFL-102225-U4BC1B-PP_01,EFL-10001-01,11,NOT,NOT,A10001,1,,,,,0.416
PP_25_30,A10001-25-EFL-102323-U4BC1B-PP_01,EFL-10001-02,45,NOT,NOT,A10001,1,,,,,0.7735
PP_25_30,A10001-25-EFL-102323-U4BC1B-PP_01,EFL-10001-02,45,NOT,NOT,A10001,1,,,,,1.144
PP_25_30,A10001-25-EFL-103127-U4BC1B-PP_01,EFL-10001-02,9,NOT,NOT,A10001,1,,,,,0.517855
PP_25_30,A10001-25-EFL-103128-U4BC1B-PP_01,EFL-10001-02,8,NOT,NOT,A10001,1,,,,,0.7865
PP_25_30,A10001-25-EFL-103128-U4BC1B-PP_01,EFL-10001-02,8,NOT,NOT,A10001,1,,,,,1.066
PP_25_30,A10001-25-EFL-103523-U4BC1B-PP_01,EFL-10001-02,10,NOT,NOT,A10001,1,,,,,0.819
PP_25_30,A10001-25-EFL-103523-U4BC1B-PP_01,EFL-10001-02,10,NOT,NOT,A10001,1,,,,,0.975
PP_25_30,A10001-25-EFL-103524-U4BC1B-PP_01,EFL-10001-02,10,NOT,NOT,A10001,1,,,,,0.7475
CCTN_40_50,A10001-40-EFL-103604-U4BC1B-CCTN_01,EFL-10001-02,9,YES,EHT-103604-TH,A10001,1,,,,,0.7215
CCTN_25_50,A10001-40-EFL-103604-U4BC1B-CCTN_01,EFL-10001-02,9,YES,EHT-103604-TH,A10001,1,,,,,0.3315
CCTN_40_50,A10001-40-EFL-103604-U4BC1B-CCTN_01,EFL-10001-02,9,YES,EHT-103604-TH,A10001,1,,,,,0.5625
CCTN_25_50,A10001-40-EFL-103604-U4BC1B-CCTN_01,EFL-10001-02,9,YES,EHT-103604-TH,A10001,1,,,,,0.4225
PP_40_30,A10001-40-EFL-103605-U4BC1B-PP_01,EFL-10001-02,9,NOT,NOT,A10001,1,,,,,0.6435
PP_25_30,A10001-40-EFL-103605-U4BC1B-PP_01,EFL-10001-02,9,NOT,NOT,A10001,1,,,,,0.117
PP_40_30,A10001-40-EFL-103605-U4BC1B-PP_01,EFL-10001-02,9,NOT,NOT,A10001,1,,,,,0.5925
PP_25_30,A10001-25-EFL-103623-U4BC1B-PP_01,EFL-10001-02,44,NOT,NOT,A10001,1,,,,,1.014
PP_25_30,A10001-25-EFL-103623-U4BC1B-PP_01,EFL-10001-02,44,NOT,NOT,A10001,1,,,,,0.9945
CCTN_80_60,A10001-80-EFL-103704-U4BC1B-CCTN_01,EFL-10001-01,27,YES,EHT-103704-TH,A10001,1,,,,,0.9035
CCTN_25_50,A10001-80-EFL-103704-U4BC1B-CCTN_01,EFL-10001-01,27,YES,EHT-103704-TH,A10001,1,,,,,0.3315
CCTN_80_60,A10001-80-EFL-103704-U4BC1B-CCTN_01,EFL-10001-01,27,YES,EHT-103704-TH,A10001,1,,,,,0.48
CCTN_25_50,A10001-80-EFL-103704-U4BC1B-CCTN_01,EFL-10001-01,27,YES,EHT-103704-TH,A10001,1,,,,,0.416
PP_80_40,A10001-80-EFL-103705-U4BC1B-PP_01,EFL-10001-01,27,NOT,NOT,A10001,1,,,,,1.144
PP_25_30,A10001-80-EFL-103705-U4BC1B-PP_01,EFL-10001-01,27,NOT,NOT,A10001,1,,,,,0.117
PP_25_30,A10001-25-EFL-103723-U4BC1B-PP_01,EFL-10001-02,46,NOT,NOT,A10001,1,,,,,0.5915
PP_25_30,A10001-25-EFL-103724-U4BC1B-PP_01,EFL-10001-01,46,NOT,NOT,A10001,1,,,,,1.0205
PP_25_30,A10001-25-EFL-103724-U4BC1B-PP_01,EFL-10001-01,46,NOT,NOT,A10001,1,,,,,0.845
PP_25_30,A10001-25-EFL-103724-U4BC1B-PP_01,EFL-10001-01,46,NOT,NOT,A10001,1,,,,,0.7215
PP_25_30,A10001-25-EFL-103726-U4BC1B-PP_01,HMBI-10001-02,46,NOT,NOT,A10001,1,,,,,1.04
PP_80_40,A10001-80-EFL-103909-U4BC1B-PP_01,EFL-10001-03,2004,NOT,NOT,A10001,1,,,,,0
PP_80_40,A10001-80-EFL-103909-U4BC1B-PP_01,EFL-10001-03,2004,NOT,NOT,A10001,1,,,,,0.6663
PP_80_40,A10001-80-EFL-103909-U4BC1B-PP_01,EFL-10001-03,2004,NOT,NOT,A10001,1,,,,,0.034125
PP_80_40,A10001-80-EFL-103909-U4BC1B-PP_01,EFL-10001-03,2004,NOT,NOT,A10001,1,,,,,0.274575
PP_80_40,A10001-80-EFL-103909-U4BC1B-PP_01,EFL-10001-03,2004,NOT,NOT,A10001,1,,,,,0.2689575
PP_80_40,A10001-80-EFL-103909-U4BC1B-PP_01,EFL-10001-03,2004,NOT,NOT,A10001,1,,,,,0.21307
PP_80_40,A10001-80-EFL-103909-U4BC1B-PP_01,EFL-10001-03,2004,NOT,NOT,A10001,1,,,,,0.2685
PP_40_30,A10001-40-EFL-104102-U4BC1B-PP_01,EFL-10001-02,49,NOT,NOT,A10001,1,,,,,0.9685
PP_40_30,A10001-40-EFL-104102-U4BC1B-PP_01,EFL-10001-02,49,NOT,NOT,A10001,1,,,,,0.8775
PP_25_30,A10001-25-EFL-104223-U4BC1B-PP_01,EFL-10001-02,3,NOT,NOT,A10001,1,,,,,1.4105
PP_25_30,A10001-25-EFL-104223-U4BC1B-PP_01,EFL-10001-02,3,NOT,NOT,A10001,1,,,,,0.338
PP_25_30,A10001-25-EFL-104223-U4BC1B-PP_01,EFL-10001-02,3,NOT,NOT,A10001,1,,,,,0.4095
PP_25_30,A10001-25-EFL-104225-U4BC1B-PP_01,EFL-10001-01,3,NOT,NOT,A10001,1,,,,,0.702
PP_25_30,A10001-25-EFL-104228-U4BC1B-PP_01,EFL-10001-01,3,NOT,NOT,A10001,1,,,,,0.7345
CC_50_60,A10001-50-EFL-104244-U4BC1B-CC_01,EFL-10001-02,4,NOT,NOT,A10001,1,,,,,1.105
CC_50_60,A10001-50-EFL-104244-U4BC1B-CC_01,EFL-10001-02,4,NOT,NOT,A10001,1,,,,,1.248
CC_50_60,A10001-50-EFL-104245-U4BC1B-CC_01,EFL-10001-03,2005,NOT,NOT,A10001,1,,,,,0.5005
PP_25_30,A10001-25-EFL-104607-U4BC1B-PP_01,EFL-10001-01,47,NOT,NOT,A10001,1,,,,,0.5135
PP_25_30,A10001-25-EFL-104624-U4BC1B-PP_01,EFL-10001-02,47,NOT,NOT,A10001,1,,,,,1.118
PP_25_30,A10001-25-EFL-104624-U4BC1B-PP_01,EFL-10001-02,47,NOT,NOT,A10001,1,,,,,0.884
PP_25_30,A10001-25-EFL-104625-U4BC1B-PP_01,EFL-10001-01,47,NOT,NOT,A10001,1,,,,,0.4615
PP_25_30,A10003-25-EFL-105223-U4BC1B-PP_01,EFL-10003-01,84,NOT,NOT,A10003,1,,,,,0.8125
PP_25_30,A10003-25-EFL-105223-U4BC1B-PP_01,EFL-10003-01,84,NOT,NOT,A10003,1,,,,,0.6955
PP_25_30,A10003-25-EFL-105223-U4BC1B-PP_01,EFL-10003-01,84,NOT,NOT,A10003,1,,,,,0.6305
PP_25_30,A10003-25-EFL-105263-U4BC1B-PP_01,EFL-10003-01,103,NOT,NOT,A10003,1,,,,,0.897
PP_25_30,A10003-25-EFL-105263-U4BC1B-PP_01,EFL-10003-01,103,NOT,NOT,A10003,1,,,,,1.1895
PP_25_30,A10003-25-EFL-105325-U4BC1B-PP_01,EFL-10003-01,91,NOT,NOT,A10003,1,,,,,1.1895
PP_25_30,A10003-25-EFL-105325-U4BC1B-PP_01,EFL-10003-01,91,NOT,NOT,A10003,1,,,,,0.6045
PP_80_30,A10003-80-EFL-105396-U4BC1B-PP_01,EFL-10003-01,82,NOT,NOT,A10003,1,,,,,0.315055
PP_20_30,A10003-80-EFL-105396-U4BC1B-PP_01,EFL-10003-01,82,NOT,NOT,A10003,1,,,,,0.31434
PP_80_30,A10003-80-EFL-105396-U4BC1B-PP_01,EFL-10003-01,82,NOT,NOT,A10003,1,,,,,0.65988
PP_50_30,A10003-25-EFL-105397-U4BC1B-PP_01,EFL-10003-01,99,NOT,NOT,A10003,1,,,,,0.2275
PP_25_30,A10003-25-EFL-105397-U4BC1B-PP_01,EFL-10003-01,99,NOT,NOT,A10003,1,,,,,0.2625
PP_25_30,A10003-25-EFL-105397-U4BC1B-PP_01,EFL-10003-01,99,NOT,NOT,A10003,1,,,,,0.975
PP_25_30,A10003-25-EFL-105397-U4BC1B-PP_01,EFL-10003-01,99,NOT,NOT,A10003,1,,,,,0.364
PP_25_30,A10003-25-EFL-105397-U4BC1B-PP_01,EFL-10003-01,99,NOT,NOT,A10003,1,,,,,0.338
PP_25_30,A10003-25-EFL-105424-U4BC1B-PP_01,EFL-10003-01,88,NOT,NOT,A10003,1,,,,,1.0595
PP_25_30,A10003-25-EFL-105424-U4BC1B-PP_01,EFL-10003-01,88,NOT,NOT,A10003,1,,,,,1.0335
PP_25_30,A10003-25-EFL-105426-U4BC1B-PP_01,EFL-10003-01,88,NOT,NOT,A10003,1,,,,,0.6175
CC_80_60,A10003-80-EFL-105501-U4BC1B-CC_01,EFL-10003-06,77,NOT,NOT,A10003,1,,,,,0.6565
CC_80_60,A10003-80-EFL-105501-U4BC1B-CC_01,EFL-10003-06,77,NOT,NOT,A10003,1,,,,,0.7275
CC_80_60,A10003-80-EFL-105501-U4BC1B-CC_01,EFL-10003-06,77,NOT,NOT,A10003,1,,,,,0.5395
CC_25_50,A10003-80-EFL-105501-U4BC1B-CC_01,EFL-10003-06,77,NOT,NOT,A10003,1,,,,,0.2145
CC_80_60,A10003-80-EFL-105501-U4BC1B-CC_01,EFL-10003-06,77,NOT,NOT,A10003,1,,,,,0.10125
CC_32_60,A10003-80-EFL-105501-U4BC1B-CC_01,EFL-10003-06,77,NOT,NOT,A10003,1,,,,,0.13
CC_50_60,A10003-80-EFL-105501-U4BC1B-CC_01,EFL-10003-06,77,NOT,NOT,A10003,1,,,,,0.2015
CC_80_60,A10003-80-EFL-105502-U4BC1B-CC_01,EFL-10003-06,77,NOT,NOT,A10003,1,,,,,0.533
CC_25_50,A10003-80-EFL-105502-U4BC1B-CC_01,EFL-10003-06,77,NOT,NOT,A10003,1,,,,,0.338
CC_80_60,A10003-80-EFL-105502-U4BC1B-CC_01,EFL-10003-06,77,NOT,NOT,A10003,1,,,,,0.10125
CC_32_60,A10003-80-EFL-105502-U4BC1B-CC_01,EFL-10003-06,77,NOT,NOT,A10003,1,,,,,0.13
CC_50_60,A10003-80-EFL-105502-U4BC1B-CC_01,EFL-10003-06,77,NOT,NOT,A10003,1,,,,,0.2015
PP_40_30,A10003-40-EFL-105506-U4BC1B-PP_01,EFL-10003-01,106,NOT,NOT,A10003,1,,,,,0.58591
PP_20_30,A10003-40-EFL-105506-U4BC1B-PP_01,EFL-10003-01,106,NOT,NOT,A10003,1,,,,,0.02535
CC_40_60,A10003-40-EFL-105521-U4BC1B-CC_01,EFL-10003-06,77,NOT,NOT,A10003,1,,,,,0.5395
CC_50_60,A10003-40-EFL-105521-U4BC1B-CC_01,EFL-10003-06,77,NOT,NOT,A10003,1,,,,,0.01875
CC_40_60,A10003-40-EFL-105521-U4BC1B-CC_01,EFL-10003-06,77,NOT,NOT,A10003,1,,,,,0.416
CC_40_60,A10003-40-EFL-105521-U4BC1B-CC_01,EFL-10003-06,77,NOT,NOT,A10003,1,,,,,0.351
CC_25_50,A10003-40-EFL-105521-U4BC1B-CC_01,EFL-10003-06,77,NOT,NOT,A10003,1,,,,,0.26
CC_50_60,A10003-40-EFL-105521-U4BC1B-CC_01,EFL-10003-06,77,NOT,NOT,A10003,1,,,,,0.1125
CC_40_60,A10003-40-EFL-105521-U4BC1B-CC_01,EFL-10003-06,77,NOT,NOT,A10003,1,,,,,0.6435
CC_50_60,A10003-40-EFL-105521-U4BC1B-CC_01,EFL-10003-06,77,NOT,NOT,A10003,1,,,,,0.3965
CC_40_60,A10003-40-EFL-105521-U4BC1B-CC_01,EFL-10003-06,77,NOT,NOT,A10003,1,,,,,0.6045
CC_40_60,A10003-40-EFL-105521-U4BC1B-CC_01,EFL-10003-06,77,NOT,NOT,A10003,1,,,,,0.364
CC_40_60,A10003-40-EFL-105521-U4BC1B-CC_01,EFL-10003-06,77,NOT,NOT,A10003,1,,,,,0.3315
CC_25_50,A10003-40-EFL-105521-U4BC1B-CC_01,EFL-10003-06,77,NOT,NOT,A10003,1,,,,,0.4875
CC_25_50,A10003-40-EFL-105521-U4BC1B-CC_02,EFL-10003-06,77,NOT,NOT,A10003,1,,,,,0.559
CC_25_50,A10003-40-EFL-105521-U4BC1B-CC_02,EFL-10003-06,77,NOT,NOT,A10003,1,,,,,0.481
CC_25_50,A10003-40-EFL-105521-U4BC1B-CC_03,EFL-10003-06,77,NOT,NOT,A10003,1,,,,,0.416
CC_50_60,A10003-40-EFL-105521-U4BC1B-CC_03,EFL-10003-06,77,NOT,NOT,A10003,1,,,,,0.2275
CC_25_50,A10003-40-EFL-105521-U4BC1B-CC_03,EFL-10003-06,77,NOT,NOT,A10003,1,,,,,0.7475
PP_25_30,A10003-25-EFL-105522-U4BC1B-PP_01,EFL-10003-01,77,NOT,NOT,A10003,1,,,,,1.378
PP_25_30,A10003-25-EFL-105522-U4BC1B-PP_01,EFL-10003-01,77,NOT,NOT,A10003,1,,,,,0.7345
PP_25_30,A10003-25-EFL-105524-U4BC1B-PP_01,EFL-10003-01,77,NOT,NOT,A10003,1,,,,,0.6305
CC_40_60,A10003-40-EFL-105531-U4BC1B-CC_01,EFL-10003-06,77,NOT,NOT,A10003,1,,,,,0.5395
CC_50_60,A10003-40-EFL-105531-U4BC1B-CC_01,EFL-10003-06,77,NOT,NOT,A10003,1,,,,,0.40625
CC_40_60,A10003-40-EFL-105531-U4BC1B-CC_01,EFL-10003-06,77,NOT,NOT,A10003,1,,,,,0.105
CC_40_60,A10003-40-EFL-105531-U4BC1B-CC_01,EFL-10003-06,77,NOT,NOT,A10003,1,,,,,0.3835
CC_25_50,A10003-40-EFL-105531-U4BC1B-CC_01,EFL-10003-06,77,NOT,NOT,A10003,1,,,,,0.26
CC_150_80,A10003-150-EFL-105551-U4BC1B-CC_01,EFL-10003-06,81,NOT,NOT,A10003,1,,,,,0.689
CC_50_60,A10003-150-EFL-105551-U4BC1B-CC_01,EFL-10003-06,81,NOT,NOT,A10003,1,,,,,0.0075
CC_50_60,A10003-150-EFL-105551-U4BC1B-CC_01,EFL-10003-06,81,NOT,NOT,A10003,1,,,,,0.39
CC_200_80,A10003-150-EFL-105551-U4BC1B-CC_01,EFL-10003-06,81,NOT,NOT,A10003,1,,,,,0.2015
CC_150_80,A10003-150-EFL-105551-U4BC1B-CC_01,EFL-10003-06,81,NOT,NOT,A10003,1,,,,,0.33
CC_80_60,A10003-150-EFL-105551-U4BC1B-CC_01,EFL-10003-06,81,NOT,NOT,A10003,1,,,,,0.208
CC_100_80,A10003-80-EFL-105552-U4BC1B-CC_01,EFL-10003-06,81,NOT,NOT,A10003,1,,,,,0.533
CC_100_80,A10003-80-EFL-105552-U4BC1B-CC_01,EFL-10003-06,81,NOT,NOT,A10003,1,,,,,0.6565
CC_25_50,A10003-80-EFL-105552-U4BC1B-CC_01,EFL-10003-06,81,NOT,NOT,A10003,1,,,,,0.0075
CC_25_50,A10003-80-EFL-105552-U4BC1B-CC_01,EFL-10003-06,81,NOT,NOT,A10003,1,,,,,0.1625
CC_100_80,A10003-80-EFL-105552-U4BC1B-CC_01,EFL-10003-06,81,NOT,NOT,A10003,1,,,,,1.092
CCTN_25_50,A10001-25-EFL-105582-U4BC1B-CCTN_01,EFL-10003-06,66,YES,EHT-105582-TH,A10001,1,,,,,1.785
CCTN_25_50,A10001-25-EFL-105582-U4BC1B-CCTN_01,EFL-10003-06,66,YES,EHT-105582-TH,A10001,1,,,,,1.3715
CCTN_25_50,A10003-25-EFL-105582-U4BC1B-CCTN_01,EFL-10003-06,66,YES,EHT-105582-TH,A10003,1,,,,,1.6055
CCTN_25_50,PR19-25-EFL-105582-U4BC1B-CCTN_01,EFL-10003-06,66,YES,EHT-105582-TH,PR19,1,,,,,2.025
CC_25_50,A8003-25-EFL-105587-U4BC1B-CC_01,EFL-10003-02,146,YES,EHT-105587-02-TH,A8003,1,,,,,3.5425
CC_25_50,A8003-25-EFL-105587-U4BC1B-CC_01,EFL-10003-02,146,YES,EHT-105587-02-TH,A8003,1,,,,,1.469
CC_80_60,A8003-25-EFL-105587-U4BC1B-CC_01,EFL-10003-02,146,YES,EHT-105587-02-TH,A8003,1,,,,,0.14625
CC_50_50,A8003-25-EFL-105587-U4BC1B-CC_01,EFL-10003-02,146,YES,EHT-105587-02-TH,A8003,1,,,,,0.01875
CC_25_50,A8003-25-EFL-105587-U4BC1B-CC_01,EFL-10003-02,146,YES,EHT-105587-02-TH,A8003,1,,,,,0.5475
CC_25_50,A10003-25-EFL-105587-U4BC1B-CC_01,EFL-10003-02,109,YES,EHT-105587-01-TH,A10003,1,,,,,0.364
CC_50_50,A10003-25-EFL-105587-U4BC1B-CC_01,EFL-10003-02,109,YES,EHT-105587-01-TH,A10003,1,,,,,0.2275
CC_25_50,A10003-25-EFL-105587-U4BC1B-CC_01,EFL-10003-02,109,YES,EHT-105587-01-TH,A10003,1,,,,,0.2535
CC_25_50,A10003-25-EFL-105587-U4BC1B-CC_01,EFL-10003-02,109,YES,EHT-105587-01-TH,A10003,1,,,,,0.3835
CC_25_50,A10003-25-EFL-105587-U4BC1B-CC_01,EFL-10003-02,109,YES,EHT-105587-01-TH,A10003,1,,,,,0.2665
CC_25_50,A10003-25-EFL-105587-U4BC1B-CC_01,EFL-10003-02,109,YES,EHT-105587-01-TH,A10003,1,,,,,0.1755
CC_15_50,A10003-25-EFL-105587-U4BC1B-CC_01,EFL-10003-02,109,YES,EHT-105587-01-TH,A10003,1,,,,,0.1885
CC_25_50,A10003-25-EFL-105587-U4BC1B-CC_01,EFL-10003-02,109,YES,EHT-105587-01-TH,A10003,1,,,,,0.3965
CC_25_50,A10003-25-EFL-105587-U4BC1B-CC_01,EFL-10003-02,109,YES,EHT-105587-01-TH,A10003,1,,,,,0.533
CC_25_50,A10003-25-EFL-105587-U4BC1B-CC_01,EFL-10003-02,109,YES,EHT-105587-01-TH,A10003,1,,,,,1.742
CC_25_50,PR10-25-EFL-105587-U4BC1B-CC_01,EFL-10003-02,146,NOT,NOT,PR10,1,,,,,2.9625
CC_25_50,PR11-25-EFL-105587-U4BC1B-CC_01,EFL-10003-02,146,NOT,NOT,PR11,1,,,,,5.49
CC_25_50,PR18-25-EFL-105587-U4BC1B-CC_01,EFL-10003-02,109,NOT,NOT,PR18,1,,,,,2.2685
CC_25_50,PR18-25-EFL-105587-U4BC1B-CC_01,EFL-10003-02,109,NOT,NOT,PR18,1,,,,,0.169
CC_25_50,PR19-25-EFL-105587-U4BC1B-CC_01,EFL-10003-02,109,NOT,NOT,PR19,1,,,,,5.64
PP_25_30,A10003-25-EFL-105588-U4BC1B-PP_01,EFL-10003-01,109,NOT,NOT,A10003,1,,,,,0.6435
PP_25_30,A10003-25-EFL-105626-U4BC1B-PP_01,EFL-10003-01,102,NOT,NOT,A10003,1,,,,,0.7605
PP_25_30,A10003-25-EFL-105627-U4BC1B-PP_01,EFL-10003-01,102,NOT,NOT,A10003,1,,,,,0.949
PP_25_30,A10003-25-EFL-105627-U4BC1B-PP_01,EFL-10003-01,102,NOT,NOT,A10003,1,,,,,1.1375
PP_25_30,A10005-25-EFL-106125-U4BC1B-PP_01,EFL-10001-01,155,NOT,NOT,A10005,1,,,,,1.0335
PP_25_30,A10005-25-EFL-106125-U4BC1B-PP_01,EFL-10001-01,155,NOT,NOT,A10005,1,,,,,0.52
PP_25_30,A10005-25-EFL-106128-U4BC1B-PP_01,EFL-10001-01,156,NOT,NOT,A10005,1,,,,,0.4875
PP_25_30,A10005-25-EFL-106129-U4BC1B-PP_01,EFL-10001-02,155,NOT,NOT,A10005,1,,,,,0.481
PP_25_30,A10005-25-EFL-106199-U4BC1B-PP_01,EFL-10001-02,156,NOT,NOT,A10005,1,,,,,0.3
PP_25_30,A10001-25-EFL-108123-U4BC1B-PP_01,EFL-10001-02,12,NOT,NOT,A10001,1,,,,,0.7995
PP_25_30,A10001-25-EFL-108123-U4BC1B-PP_01,EFL-10001-02,12,NOT,NOT,A10001,1,,,,,0.9425
PP_25_30,A10001-25-EFL-108124-U4BC1B-PP_01,EFL-10001-02,12,NOT,NOT,A10001,1,,,,,0.65
PP_25_30,A10005-25-EFL-108523-U4BC1B-PP_01,EFL-10001-01,155,NOT,NOT,A10005,1,,,,,0.7865
PP_25_30,A10005-25-EFL-108523-U4BC1B-PP_01,EFL-10001-01,155,NOT,NOT,A10005,1,,,,,0.8125
PP_25_30,A10005-25-EFL-108524-U4BC1B-PP_01,EFL-10001-01,156,NOT,NOT,A10005,1,,,,,0.4875
PP_25_30,A10005-25-EFL-108525-U4BC1B-PP_01,EFL-10001-02,155,NOT,NOT,A10005,1,,,,,0.4745
PP_25_30,A10001-25-EFL-108553-U4BC1B-PP_01,EFL-10001-01,15,NOT,NOT,A10001,1,,,,,0
PP_25_30,A10005-25-EFL-108553-U4BC1B-PP_01,EFL-10001-01,156,NOT,NOT,A10005,1,,,,,0.6786
PP_25_30,A10005-25-EFL-108553-U4BC1B-PP_01,EFL-10001-01,156,NOT,NOT,A10005,1,,,,,1.1775
PP_25_30,A10005-25-EFL-108553-U4BC1B-PP_01,EFL-10001-01,156,NOT,NOT,A10005,1,,,,,2.175
PP_25_30,PR19-25-EFL-108553-U4BC1B-PP_01,EFL-10001-01,156,NOT,NOT,PR19,1,,,,,0.351
PP_25_30,PR19-25-EFL-108553-U4BC1B-PP_01,EFL-10001-01,156,NOT,NOT,PR19,1,,,,,0.39
PP_15_30,PR19-25-EFL-108553-U4BC1B-PP_01,EFL-10001-01,156,NOT,NOT,PR19,1,,,,,0.845
PP_25_30,PR19-25-EFL-108553-U4BC1B-PP_01,EFL-10001-01,156,NOT,NOT,PR19,1,,,,,0.47437
PP_25_30,A10005-25-EFL-108599-U4BC1B-PP_01,EFL-10001-01,156,NOT,NOT,A10005,1,,,,,0.3315
PP_25_30,A10004-25-EFL-108823-U4BC1B-PP_01,EFL-10001-02,123,NOT,NOT,A10004,1,,,,,0.793
PP_25_30,A10004-25-EFL-108823-U4BC1B-PP_01,EFL-10001-02,123,NOT,NOT,A10004,1,,,,,0.728
PP_25_30,A10004-25-EFL-108823-U4BC1B-PP_01,EFL-10001-02,123,NOT,NOT,A10004,1,,,,,0.348205
PP_25_30,PR19-25-EFL-108823-U4BC1B-PP_01,EFL-10001-02,155,NOT,NOT,PR19,1,,,,,1.6705
PP_25_30,PR19-25-EFL-108823-U4BC1B-PP_01,EFL-10001-02,155,NOT,NOT,PR19,1,,,,,1.665885
PP_25_30,A10004-25-EFL-108852-U4BC1B-PP_01,EFL-10001-02,121,NOT,NOT,A10004,1,,,,,0.845
PP_15_30,A10004-25-EFL-108852-U4BC1B-PP_01,EFL-10001-02,121,NOT,NOT,A10004,1,,,,,0.572
PP_25_30,A10004-25-EFL-108852-U4BC1B-PP_01,EFL-10001-02,121,NOT,NOT,A10004,1,,,,,0.88829
PP_100_30,A10001-100-EFL-108861-U4BC1B-PP_01,EFL-10005-01,2059,NOT,NOT,A10001,1,,,,,0.54075
PP_100_30,PR19-100-EFL-108861-U4BC1B-PP_01,EFL-10005-01,2059,NOT,NOT,PR19,1,,,,,0.663
PP_100_30,PR19-100-EFL-108861-U4BC1B-PP_01,EFL-10005-01,2059,NOT,NOT,PR19,1,,,,,0.54366
PP_100_30,PR19-100-EFL-108861-U4BC1B-PP_01,EFL-10005-01,2059,NOT,NOT,PR19,1,,,,,0.4875
PP_100_30,PR19-100-EFL-108861-U4BC1B-PP_01,EFL-10005-01,2059,NOT,NOT,PR19,1,,,,,0.1875
PP_25_30,PR19-100-EFL-108861-U4BC1B-PP_01,EFL-10005-01,2059,NOT,NOT,PR19,1,,,,,0.3965
PP_100_30,PR19-100-EFL-108861-U4BC1B-PP_01,EFL-10005-01,2059,NOT,NOT,PR19,1,,,,,0.5915
PP_100_30,PR19-100-EFL-108861-U4BC1B-PP_01,EFL-10005-01,2059,NOT,NOT,PR19,1,,,,,0.481
PP_100_30,A10005-100-EFL-108861-U4BC1B-PP_01,EFL-10005-01,2058,NOT,NOT,A10005,1,,,,,0.4355
PP_50_30,A10005-100-EFL-108861-U4BC1B-PP_01,EFL-10005-01,2058,NOT,NOT,A10005,1,,,,,0.195
PP_100_30,A10005-100-EFL-108861-U4BC1B-PP_01,EFL-10005-01,2058,NOT,NOT,A10005,1,,,,,0.5109
PP_100_30,A10005-100-EFL-108861-U4BC1B-PP_01,EFL-10005-01,2058,NOT,NOT,A10005,1,,,,,0.4875
PP_100_30,A10005-100-EFL-108861-U4BC1B-PP_01,EFL-10005-01,2058,NOT,NOT,A10005,1,,,,,0.1875
PP_25_30,A10005-100-EFL-108861-U4BC1B-PP_01,EFL-10005-01,2058,NOT,NOT,A10005,1,,,,,0.3965
PP_100_30,A10005-100-EFL-108861-U4BC1B-PP_01,EFL-10005-01,2058,NOT,NOT,A10005,1,,,,,0.5915
PP_100_30,A10005-100-EFL-108861-U4BC1B-PP_01,EFL-10005-01,2058,NOT,NOT,A10005,1,,,,,0.481
PP_100_30,A10005-100-EFL-108862-U4BC1B-PP_01,EFL-10005-01,158,NOT,NOT,A10005,1,,,,,0.7345
PP_25_30,A10005-100-EFL-108862-U4BC1B-PP_01,EFL-10005-01,158,NOT,NOT,A10005,1,,,,,0.6175
PP_100_30,A10005-100-EFL-108862-U4BC1B-PP_01,EFL-10005-01,158,NOT,NOT,A10005,1,,,,,0.165
PP_50_30,A10005-100-EFL-108862-U4BC1B-PP_01,EFL-10005-01,158,NOT,NOT,A10005,1,,,,,0.195
PP_100_30,A10005-100-EFL-108862-U4BC1B-PP_01,EFL-10005-01,158,NOT,NOT,A10005,1,,,,,0.767
PP_25_30,A10005-100-EFL-108862-U4BC1B-PP_01,EFL-10005-01,158,NOT,NOT,A10005,1,,,,,0.4745
PP_25_30,A10005-25-EFL-16524-U4BC1B-PP_01,EFL-10001-02,156,NOT,NOT,A10005,1,,,,,0.3315
PP_25_30,A10005-25-EFL-16525-U4BC1B-PP_01,EFL-10001-01,155,NOT,NOT,A10005,1,,,,,0.7215
PP_25_30,A10005-25-EFL-16525-U4BC1B-PP_01,EFL-10001-01,155,NOT,NOT,A10005,1,,,,,0.884
PP_25_30,A10005-25-EFL-16525-U4BC1B-PP_01,EFL-10001-01,155,NOT,NOT,A10005,1,,,,,0.6175
PP_25_30,A10005-25-EFL-16526-U4BC1B-PP_01,EFL-10001-02,155,NOT,NOT,A10005,1,,,,,0.481
PP_25_30,A10005-25-EFL-16545-U4BC1B-PP_01,EFL-10001-01,155,NOT,NOT,A10005,1,,,,,0.9555
PP_25_30,A10005-25-EFL-16545-U4BC1B-PP_01,EFL-10001-01,155,NOT,NOT,A10005,1,,,,,1.183
PP_25_30,A10005-25-EFL-16545-U4BC1B-PP_01,EFL-10001-01,155,NOT,NOT,A10005,1,,,,,0.624
PP_25_30,A10005-25-EFL-16545-U4BC1B-PP_01,EFL-10001-01,155,NOT,NOT,A10005,1,,,,,0.63
PP_25_30,A10005-25-EFL-16546-U4BC1B-PP_01,EFL-10001-02,155,NOT,NOT,A10005,1,,,,,0.6565
PP_25_30,A10005-25-EFL-16547-U4BC1B-PP_01,EFL-10001-02,156,NOT,NOT,A10005,1,,,,,0.1235
PP_25_30,A10005-25-EFL-16562-U4BC1B-PP_01,EFL-10001-01,156,NOT,NOT,A10005,1,,,,,0.9425
PP_25_30,A10005-25-EFL-16562-U4BC1B-PP_01,EFL-10001-01,156,NOT,NOT,A10005,1,,,,,0.3075
PP_15_30,A10005-25-EFL-16562-U4BC1B-PP_01,EFL-10001-01,156,NOT,NOT,A10005,1,,,,,0.182
PP_25_30,A10005-25-EFL-16562-U4BC1B-PP_01,EFL-10001-01,156,NOT,NOT,A10005,1,,,,,0.2925
PP_15_30,A10005-25-EFL-16562-U4BC1B-PP_01,EFL-10001-01,156,NOT,NOT,A10005,1,,,,,0.5005
PP_25_30,A10005-25-EFL-16562-U4BC1B-PP_01,EFL-10001-01,156,NOT,NOT,A10005,1,,,,,0.1119
CC_50_50,A10001-50-HMBC-102204-U4BC1B-CC_01,HMBC-10001-01,11,NOT,NOT,A10001,1,,,,,0.6825
CC_50_50,A10001-50-HMBC-102204-U4BC1B-CC_01,HMBC-10001-01,11,NOT,NOT,A10001,1,,,,,1.2225
CC_80_60,A10001-50-HMBC-102204-U4BC1B-CC_01,HMBC-10001-01,11,NOT,NOT,A10001,1,,,,,0.46475
CC_50_50,A10001-50-HMBC-102204-U4BC1B-CC_01,HMBC-10001-01,11,NOT,NOT,A10001,1,,,,,0.0675
CC_25_50,A10001-50-HMBC-102204-U4BC1B-CC_01,HMBC-10001-01,11,NOT,NOT,A10001,1,,,,,0.3315
CC_50_50,A10001-50-HMBC-102204-U4BC1B-CC_01,HMBC-10001-01,11,NOT,NOT,A10001,1,,,,,0.855
CC_40_50,A10001-50-HMBC-102204-U4BC1B-CC_01,HMBC-10001-01,11,NOT,NOT,A10001,1,,,,,0.0525
CC_50_50,A10001-50-HMBC-102204-U4BC1B-CC_01,HMBC-10001-01,11,NOT,NOT,A10001,1,,,,,1.014
CC_40_50,A10001-50-HMBC-102204-U4BC1B-CC_01,HMBC-10001-01,11,NOT,NOT,A10001,1,,,,,0.1365
CC_25_50,A10001-50-HMBC-102204-U4BC1B-CC_01,HMBC-10001-01,11,NOT,NOT,A10001,1,,,,,0.169
CC_50_50,A10001-50-HMBC-102205-U4BC1B-CC_01,HMBC-10001-01,11,NOT,NOT,A10001,1,,,,,0.84175
CC_40_50,A10001-50-HMBC-102205-U4BC1B-CC_01,HMBC-10001-01,11,NOT,NOT,A10001,1,,,,,0.1365
CC_25_50,A10001-50-HMBC-102205-U4BC1B-CC_01,HMBC-10001-01,11,NOT,NOT,A10001,1,,,,,0.169
CC_50_50,A10001-40-HMBC-102221-U4BC1B-CC_01,HMBC-10001-01,11,NOT,NOT,A10001,1,,,,,0.48425
CC_40_50,A10001-40-HMBC-102221-U4BC1B-CC_01,HMBC-10001-01,11,NOT,NOT,A10001,1,,,,,0.4615
CC_40_50,A10001-40-HMBC-102221-U4BC1B-CC_01,HMBC-10001-01,11,NOT,NOT,A10001,1,,,,,0.4225
CC_25_50,A10001-40-HMBC-102221-U4BC1B-CC_01,HMBC-10001-01,11,NOT,NOT,A10001,1,,,,,0.351
CC_40_50,A10001-40-HMBC-102221-U4BC1B-CC_01,HMBC-10001-01,11,NOT,NOT,A10001,1,,,,,0.234
CC_25_50,A10001-40-HMBC-102221-U4BC1B-CC_01,HMBC-10001-01,11,NOT,NOT,A10001,1,,,,,0.416
CC_40_50,A10001-40-HMBC-102221-U4BC1B-CC_01,HMBC-10001-01,11,NOT,NOT,A10001,1,,,,,0.6225
CC_25_50,A10001-40-HMBC-102221-U4BC1B-CC_01,HMBC-10001-01,11,NOT,NOT,A10001,1,,,,,0.2535
CC_40_50,A10001-40-HMBC-102221-U4BC1B-CC_01,HMBC-10001-01,11,NOT,NOT,A10001,1,,,,,0.6045
CC_40_50,A10001-40-HMBC-102221-U4BC1B-CC_01,HMBC-10001-01,11,NOT,NOT,A10001,1,,,,,0.6435
CC_40_50,A10001-40-HMBC-102221-U4BC1B-CC_01,HMBC-10001-01,11,NOT,NOT,A10001,1,,,,,0.3705
CC_25_50,A10001-40-HMBC-102221-U4BC1B-CC_01,HMBC-10001-01,11,NOT,NOT,A10001,1,,,,,0.845
CC_40_50,A10001-40-HMBC-102221-U4BC1B-CC_01,HMBC-10001-01,11,NOT,NOT,A10001,1,,,,,0.6435
CC_40_50,A10001-40-HMBC-102221-U4BC1B-CC_01,HMBC-10001-01,11,NOT,NOT,A10001,1,,,,,0.5265
CC_25_50,A10001-40-HMBC-102221-U4BC1B-CC_01,HMBC-10001-01,11,NOT,NOT,A10001,1,,,,,0.3315
CC_25_50,A10001-40-HMBC-102221-U4BC1B-CC_02,HMBC-10001-01,11,NOT,NOT,A10001,1,,,,,0.3965
CC_40_50,A10001-40-HMBC-102221-U4BC1B-CC_03,HMBC-10001-01,11,NOT,NOT,A10001,1,,,,,0.1755
CC_25_50,A10001-40-HMBC-102221-U4BC1B-CC_03,HMBC-10001-01,11,NOT,NOT,A10001,1,,,,,0.533
CC_50_50,A10001-40-HMBC-102221-U4BC1B-CC_03,HMBC-10001-01,11,NOT,NOT,A10001,1,,,,,0.247
CC_40_50,A10001-40-HMBC-102221-U4BC1B-CC_03,HMBC-10001-01,11,NOT,NOT,A10001,1,,,,,0.0075
CC_25_50,A10001-40-HMBC-102221-U4BC1B-CC_03,HMBC-10001-01,11,NOT,NOT,A10001,1,,,,,0.364
CC_40_50,A10001-40-HMBC-102222-U4BC1B-CC_01,HMBC-10001-01,11,NOT,NOT,A10001,1,,,,,0.91
CC_40_50,A10001-40-HMBC-102222-U4BC1B-CC_01,HMBC-10001-01,11,NOT,NOT,A10001,1,,,,,0.7865
CC_50_50,A10001-40-HMBC-102231-U4BC1B-CC_01,HMBC-10001-01,11,NOT,NOT,A10001,1,,,,,0.48425
CC_40_50,A10001-40-HMBC-102231-U4BC1B-CC_01,HMBC-10001-01,11,NOT,NOT,A10001,1,,,,,0.5655
CC_40_50,A10001-40-HMBC-102231-U4BC1B-CC_01,HMBC-10001-01,11,NOT,NOT,A10001,1,,,,,0.3445
CC_25_50,A10001-40-HMBC-102231-U4BC1B-CC_01,HMBC-10001-01,11,NOT,NOT,A10001,1,,,,,0.351
CC_80_60,A10001-80-HMBC-104504-U4BC1B-CC_01,HMBI-10001-01,53,NOT,NOT,A10001,1,,,,,0.22425
CCTN_80_60,A10001-40-HMBH-104101-U4BC1B-CCTN_01,HMBI-10001-03,49,YES,EHT-104101-TH,A10001,1,,,,,0.27375
CCTN_50_60,A10001-40-HMBH-104101-U4BC1B-CCTN_01,HMBI-10001-03,49,YES,EHT-104101-TH,A10001,1,,,,,0.4355
CCTN_40_60,A10001-40-HMBH-104101-U4BC1B-CCTN_01,HMBI-10001-03,49,YES,EHT-104101-TH,A10001,1,,,,,0.2145
CCTN_40_60,A10001-40-HMBH-104101-U4BC1B-CCTN_01,HMBI-10001-03,49,YES,EHT-104101-TH,A10001,1,,,,,0.741
CC_100_80,A10001-100-HMBH-104201-U4BC1B-CC_01,HMBI-10001-03,3,NOT,NOT,A10001,1,,,,,0.6825
CC_80_60,A10001-100-HMBH-104201-U4BC1B-CC_01,HMBI-10001-03,3,NOT,NOT,A10001,1,,,,,0.286
CC_100_80,A10001-100-HMBH-104201-U4BC1B-CC_01,HMBI-10001-03,3,NOT,NOT,A10001,1,,,,,0.8125
CC_100_80,A10001-100-HMBH-104201-U4BC1B-CC_01,HMBI-10001-03,3,NOT,NOT,A10001,1,,,,,0.663
CC_50_60,A10001-100-HMBH-104201-U4BC1B-CC_01,HMBI-10001-03,3,NOT,NOT,A10001,1,,,,,0.3055
CC_25_50,A10001-100-HMBH-104201-U4BC1B-CC_01,HMBI-10001-03,3,NOT,NOT,A10001,1,,,,,0.2535
CC_100_80,A10001-100-HMBH-104202-U4BC1B-CC_01,HMBI-10001-03,3,NOT,NOT,A10001,1,,,,,0.8905
CC_50_60,A10001-100-HMBH-104202-U4BC1B-CC_01,HMBI-10001-03,3,NOT,NOT,A10001,1,,,,,0.3055
CC_25_50,A10001-100-HMBH-104202-U4BC1B-CC_01,HMBI-10001-03,3,NOT,NOT,A10001,1,,,,,0.1885
CC_200_80,A10001-200-HMBH-104203-U4BC1B-CC_01,HMBI-10001-03,53,NOT,NOT,A10001,1,,,,,0.03
CC_150_80,A10001-200-HMBH-104203-U4BC1B-CC_01,HMBI-10001-03,53,NOT,NOT,A10001,1,,,,,0.0225
CC_100_80,A10001-200-HMBH-104203-U4BC1B-CC_01,HMBI-10001-03,53,NOT,NOT,A10001,1,,,,,0.143
CC_80_60,A10001-80-HMBH-104221-U4BC1B-CC_01,HMBI-10001-03,3,NOT,NOT,A10001,1,,,,,0.79625
CC_50_60,A10001-80-HMBH-104221-U4BC1B-CC_01,HMBI-10001-03,3,NOT,NOT,A10001,1,,,,,0.1125
CC_32_60,A10001-80-HMBH-104221-U4BC1B-CC_01,HMBI-10001-03,3,NOT,NOT,A10001,1,,,,,0.104
CC_80_60,A10001-80-HMBH-104221-U4BC1B-CC_01,HMBI-10001-03,3,NOT,NOT,A10001,1,,,,,0.351
CC_25_50,A10001-80-HMBH-104221-U4BC1B-CC_01,HMBI-10001-03,3,NOT,NOT,A10001,1,,,,,0.247
CC_80_60,A10001-80-HMBH-104221-U4BC1B-CC_01,HMBI-10001-03,3,NOT,NOT,A10001,1,,,,,0.2925
CC_25_50,A10001-80-HMBH-104221-U4BC1B-CC_01,HMBI-10001-03,3,NOT,NOT,A10001,1,,,,,0.2145
CC_80_60,A10001-80-HMBH-104221-U4BC1B-CC_01,HMBI-10001-03,3,NOT,NOT,A10001,1,,,,,0.6525
CC_80_60,A10001-80-HMBH-104221-U4BC1B-CC_01,HMBI-10001-03,3,NOT,NOT,A10001,1,,,,,0.9165
CC_80_60,A10001-80-HMBH-104221-U4BC1B-CC_01,HMBI-10001-03,3,NOT,NOT,A10001,1,,,,,0.351
CC_25_50,A10001-80-HMBH-104221-U4BC1B-CC_01,HMBI-10001-03,3,NOT,NOT,A10001,1,,,,,0.169
CC_80_60,A10001-80-HMBH-104221-U4BC1B-CC_01,HMBI-10001-03,3,NOT,NOT,A10001,1,,,,,0.546
CC_25_50,A10001-80-HMBH-104221-U4BC1B-CC_01,HMBI-10001-03,3,NOT,NOT,A10001,1,,,,,0.169
CC_50_60,A10001-80-HMBH-104221-U4BC1B-CC_02,HMBI-10001-03,3,NOT,NOT,A10001,1,,,,,0.234
CC_25_50,A10001-80-HMBH-104221-U4BC1B-CC_02,HMBI-10001-03,3,NOT,NOT,A10001,1,,,,,0.2665
CC_25_50,A10001-80-HMBH-104221-U4BC1B-CC_02,HMBI-10001-03,3,NOT,NOT,A10001,1,,,,,0.819
CC_25_50,A10001-80-HMBH-104221-U4BC1B-CC_03,HMBI-10001-03,3,NOT,NOT,A10001,1,,,,,0.364
CC_40_60,A10001-40-HMBH-104222-U4BC1B-CC_01,HMBI-10001-03,3,NOT,NOT,A10001,1,,,,,0.429
CC_80_60,A10001-80-HMBH-104231-U4BC1B-CC_01,HMBI-10001-03,3,NOT,NOT,A10001,1,,,,,0.78325
CC_25_50,A10001-80-HMBH-104231-U4BC1B-CC_01,HMBI-10001-03,3,NOT,NOT,A10001,1,,,,,0.247
CC_50_60,A10001-80-HMBH-104231-U4BC1B-CC_01,HMBI-10001-03,3,NOT,NOT,A10001,1,,,,,0.4875
CC_80_60,A10001-80-HMBH-104241-U4BC1B-CC_01,HMBI-10001-03,4,NOT,NOT,A10001,1,,,,,0.377
CC_25_50,A10001-80-HMBH-104241-U4BC1B-CC_01,HMBI-10001-03,4,NOT,NOT,A10001,1,,,,,0.1755
CC_80_60,A10001-80-HMBH-104241-U4BC1B-CC_01,HMBI-10001-03,4,NOT,NOT,A10001,1,,,,,1.105
CC_80_60,A10001-80-HMBH-104241-U4BC1B-CC_01,HMBI-10001-03,4,NOT,NOT,A10001,1,,,,,0.377
CC_25_50,A10001-80-HMBH-104241-U4BC1B-CC_01,HMBI-10001-03,4,NOT,NOT,A10001,1,,,,,0.169
CC_80_60,A10001-80-HMBH-104241-U4BC1B-CC_01,HMBI-10001-03,4,NOT,NOT,A10001,1,,,,,1.08
CC_80_60,A10001-80-HMBH-104241-U4BC1B-CC_01,HMBI-10001-03,4,NOT,NOT,A10001,1,,,,,0.63
CC_80_60,A10001-80-HMBH-104241-U4BC1B-CC_01,HMBI-10001-03,4,NOT,NOT,A10001,1,,,,,0.735
CC_80_60,A10001-80-HMBH-104241-U4BC1B-CC_01,HMBI-10001-03,4,NOT,NOT,A10001,1,,,,,0.8125
CCTN_40_60,A10001-40-HMBH-104242-U4BC1B-CCTN_01,HMBI-10001-03,4,YES,EHT-104242-TH,A10001,1,,,,,0.8515
CCTN_25_50,A10001-40-HMBH-104242-U4BC1B-CCTN_01,HMBI-10001-03,4,YES,EHT-104242-TH,A10001,1,,,,,0.3315
CCTN_40_60,A10001-40-HMBH-104242-U4BC1B-CCTN_01,HMBI-10001-03,4,YES,EHT-104242-TH,A10001,1,,,,,0.286
CCTN_25_50,A10001-40-HMBH-104242-U4BC1B-CCTN_01,HMBI-10001-03,4,YES,EHT-104242-TH,A10001,1,,,,,0.169
CCTN_40_60,A10001-40-HMBH-104242-U4BC1B-CCTN_01,HMBI-10001-03,4,YES,EHT-104242-TH,A10001,1,,,,,1.1775
CCTN_40_60,A10001-40-HMBH-104242-U4BC1B-CCTN_01,HMBI-10001-03,4,YES,EHT-104242-TH,A10001,1,,,,,1.2415
CCTN_25_50,A10001-40-HMBH-104242-U4BC1B-CCTN_01,HMBI-10001-03,4,YES,EHT-104242-TH,A10001,1,,,,,0.3315
CC_80_60,A10001-80-HMBH-104243-U4BC1B-CC_01,HMBI-10001-03,4,NOT,NOT,A10001,1,,,,,0.9685
CC_25_50,A10001-80-HMBH-104243-U4BC1B-CC_01,HMBI-10001-03,4,NOT,NOT,A10001,1,,,,,0.169
CC_50_60,A10001-50-HMBH-104246-U4BC1B-CC_01,HMBI-10001-03,54,NOT,NOT,A10001,1,,,,,0.35425
CC_25_50,A10001-50-HMBH-104246-U4BC1B-CC_01,HMBI-10001-03,54,NOT,NOT,A10001,1,,,,,0.4095
CC_50_60,A10001-50-HMBH-104251-U4BC1B-CC_01,HMBI-10001-03,54,NOT,NOT,A10001,1,,,,,0.46475
CC_25_50,A10001-50-HMBH-104251-U4BC1B-CC_01,HMBI-10001-03,54,NOT,NOT,A10001,1,,,,,0.4095
CCTN_80_60,A10001-80-HMBH-104261-U4BC1B-CCTN_01,CHMB-10001-03,4,YES,EHT-104261-TH,A10001,1,,,,,0.6565
CCTN_25_50,A10001-80-HMBH-104261-U4BC1B-CCTN_01,CHMB-10001-03,4,YES,EHT-104261-TH,A10001,1,,,,,0.169
CCTN_150_80,A10001-80-HMBH-104261-U4BC1B-CCTN_01,CHMB-10001-03,4,YES,EHT-104261-TH,A10001,1,,,,,0.075
CCTN_80_60,A10001-80-HMBH-104261-U4BC1B-CCTN_01,CHMB-10001-03,4,YES,EHT-104261-TH,A10001,1,,,,,0.22425
CCTN_50_50,A10001-80-HMBH-104261-U4BC1B-CCTN_01,CHMB-10001-03,4,YES,EHT-104261-TH,A10001,1,,,,,0.143
CCTN_80_60,A10001-80-HMBH-104261-U4BC1B-CCTN_01,CHMB-10001-03,4,YES,EHT-104261-TH,A10001,1,,,,,0.3055
CCTN_25_50,A10001-80-HMBH-104261-U4BC1B-CCTN_01,CHMB-10001-03,4,YES,EHT-104261-TH,A10001,1,,,,,0.169
CCTN_80_60,A10001-80-HMBH-104261-U4BC1B-CCTN_01,CHMB-10001-03,4,YES,EHT-104261-TH,A10001,1,,,,,0.9075
CCTN_80_60,A10001-80-HMBH-104261-U4BC1B-CCTN_01,CHMB-10001-03,4,YES,EHT-104261-TH,A10001,1,,,,,1.404
CCTN_25_50,A10001-80-HMBH-104261-U4BC1B-CCTN_01,CHMB-10001-03,4,YES,EHT-104261-TH,A10001,1,,,,,0.0075
CC_40_50,A10001-40-HMBH-104262-U4BC1B-CC_01,HMBI-10001-03,4,YES,EHT-104262-TH,A10001,1,,,,,0.5915
CC_25_50,A10001-40-HMBH-104262-U4BC1B-CC_01,HMBI-10001-03,4,YES,EHT-104262-TH,A10001,1,,,,,0.494
CC_40_50,A10001-40-HMBH-104262-U4BC1B-CC_01,HMBI-10001-03,4,YES,EHT-104262-TH,A10001,1,,,,,0.12
CC_25_50,A10001-40-HMBH-104262-U4BC1B-CC_01,HMBI-10001-03,4,YES,EHT-104262-TH,A10001,1,,,,,0.611
CC_40_50,A10001-40-HMBH-104262-U4BC1B-CC_01,HMBI-10001-03,4,YES,EHT-104262-TH,A10001,1,,,,,0.4425
CC_25_50,A10001-40-HMBH-104262-U4BC1B-CC_01,HMBI-10001-03,4,YES,EHT-104262-TH,A10001,1,,,,,0.169
CC_40_50,A10001-40-HMBH-104262-U4BC1B-CC_01,HMBI-10001-03,4,YES,EHT-104262-TH,A10001,1,,,,,1.2935
CC_40_50,A10005-40-HMBH-104262-U4BC1B-CC_01,HMBI-10001-03,152,NOT,NOT,A10005,1,,,,,1.845
CC_40_50,A10005-40-HMBH-104262-U4BC1B-CC_01,HMBI-10001-03,152,NOT,NOT,A10005,1,,,,,0.897
CC_25_50,A10005-40-HMBH-104262-U4BC1B-CC_01,HMBI-10001-03,152,NOT,NOT,A10005,1,,,,,0.3315
CC_40_50,PR19-40-HMBH-104262-U4BC1B-CC_01,HMBI-10001-03,152,NOT,NOT,PR19,1,,,,,0.754
CC_25_50,PR19-40-HMBH-104262-U4BC1B-CC_01,HMBI-10001-03,152,NOT,NOT,PR19,1,,,,,0.169
CC_40_50,PR19-40-HMBH-104262-U4BC1B-CC_01,HMBI-10001-03,152,NOT,NOT,PR19,1,,,,,0.12
CC_25_50,PR19-40-HMBH-104262-U4BC1B-CC_01,HMBI-10001-03,152,NOT,NOT,PR19,1,,,,,0.611
CC_40_50,PR19-40-HMBH-104262-U4BC1B-CC_01,HMBI-10001-03,152,NOT,NOT,PR19,1,,,,,0.546
CC_25_50,PR19-40-HMBH-104262-U4BC1B-CC_01,HMBI-10001-03,152,NOT,NOT,PR19,1,,,,,0.169
CC_40_50,PR19-40-HMBH-104262-U4BC1B-CC_01,HMBI-10001-03,152,NOT,NOT,PR19,1,,,,,1.305
CCTN_80_60,A10001-80-HMBH-104263-U4BC1B-CCTN_01,CHMB-10001-03,4,YES,EHT-104261-TH,A10001,1,,,,,0.52
CCTN_25_50,A10001-80-HMBH-104263-U4BC1B-CCTN_01,CHMB-10001-03,4,YES,EHT-104261-TH,A10001,1,,,,,0.338
CCTN_80_60,A10001-80-HMBH-104263-U4BC1B-CCTN_01,CHMB-10001-03,4,YES,EHT-104261-TH,A10001,1,,,,,1.183
CCTN_25_50,A10001-80-HMBH-104263-U4BC1B-CCTN_01,CHMB-10001-03,4,YES,EHT-104261-TH,A10001,1,,,,,0.338
CCTN_150_80,A10005-150-HMBH-108501-U4BC1B-CCTN_01,HMBH-10005-01,149,YES,EHT-108501-TH,A10005,1,,,,,1.729
CCTN_150_80,A10005-150-HMBH-108501-U4BC1B-CCTN_01,HMBH-10005-01,149,YES,EHT-108501-TH,A10005,1,,,,,0.6825
CCTN_150_80,A10005-150-HMBH-108501-U4BC1B-CCTN_01,HMBH-10005-01,149,YES,EHT-108501-TH,A10005,1,,,,,0.4095
CCTN_80_60,A10005-150-HMBH-108501-U4BC1B-CCTN_01,HMBH-10005-01,149,YES,EHT-108501-TH,A10005,1,,,,,0.169
CCTN_50_50,A10005-150-HMBH-108501-U4BC1B-CCTN_01,HMBH-10005-01,149,YES,EHT-108501-TH,A10005,1,,,,,0.208
CCTN_25_50,A10005-150-HMBH-108501-U4BC1B-CCTN_01,HMBH-10005-01,149,YES,EHT-108501-TH,A10005,1,,,,,0.247
CCTN_150_80,A10005-150-HMBH-108521-U4BC1B-CCTN_01,HMBH-10005-01,150,YES,EHT-108521-TH,A10005,1,,,,,0.481
CCTN_50_50,A10005-150-HMBH-108521-U4BC1B-CCTN_01,HMBH-10005-01,150,YES,EHT-108521-TH,A10005,1,,,,,0.533
CCTN_150_80,A10005-150-HMBH-108521-U4BC1B-CCTN_01,HMBH-10005-01,150,YES,EHT-108521-TH,A10005,1,,,,,0.6175
CCTN_25_50,A10005-150-HMBH-108521-U4BC1B-CCTN_01,HMBH-10005-01,150,YES,EHT-108521-TH,A10005,1,,,,,0.247
CCTN_150_80,A10005-150-HMBH-108521-U4BC1B-CCTN_01,HMBH-10005-01,150,YES,EHT-108521-TH,A10005,1,,,,,0.525
CCTN_150_80,A10005-150-HMBH-108521-U4BC1B-CCTN_01,HMBH-10005-01,150,YES,EHT-108521-TH,A10005,1,,,,,0.3835
CCTN_25_50,A10005-150-HMBH-108521-U4BC1B-CCTN_01,HMBH-10005-01,150,YES,EHT-108521-TH,A10005,1,,,,,0.65
CCTN_150_80,A10005-150-HMBH-108521-U4BC1B-CCTN_01,HMBH-10005-01,150,YES,EHT-108521-TH,A10005,1,,,,,0.06
CCTN_25_50,A10005-150-HMBH-108521-U4BC1B-CCTN_01,HMBH-10005-01,150,YES,EHT-108521-TH,A10005,1,,,,,0.6955
CCTN_80_60,A10005-150-HMBH-108521-U4BC1B-CCTN_01,HMBH-10005-01,150,YES,EHT-108521-TH,A10005,1,,,,,0.12
CCTN_50_50,A10005-150-HMBH-108521-U4BC1B-CCTN_01,HMBH-10005-01,150,YES,EHT-108521-TH,A10005,1,,,,,0.169
CCTN_25_50,A10005-150-HMBH-108521-U4BC1B-CCTN_01,HMBH-10005-01,150,YES,EHT-108521-TH,A10005,1,,,,,0.2535
CCTN_150_80,A10005-150-HMBH-108521-U4BC1B-CCTN_01,HMBH-10005-01,150,YES,EHT-108521-TH,A10005,1,,,,,0.27315
CCTN_100_60,A10005-150-HMBH-108521-U4BC1B-CCTN_01,HMBH-10005-01,150,YES,EHT-108521-TH,A10005,1,,,,,0.3185
CCTN_80_60,A10005-150-HMBH-108521-U4BC1B-CCTN_01,HMBH-10005-01,150,YES,EHT-108521-TH,A10005,1,,,,,0.208
CCTN_25_50,A10005-150-HMBH-108521-U4BC1B-CCTN_01,HMBH-10005-01,150,YES,EHT-108521-TH,A10005,1,,,,,0.3315
CCTN_100_60,A10005-150-HMBH-108521-U4BC1B-CCTN_01,HMBH-10005-01,150,YES,EHT-108521-TH,A10005,1,,,,,0.403
CCTN_80_60,A10005-150-HMBH-108521-U4BC1B-CCTN_01,HMBH-10005-01,150,YES,EHT-108521-TH,A10005,1,,,,,0.2275
CCTN_25_50,A10005-150-HMBH-108521-U4BC1B-CCTN_01,HMBH-10005-01,150,YES,EHT-108521-TH,A10005,1,,,,,0.3315
CCTN_100_60,A10005-150-HMBH-108521-U4BC1B-CCTN_01,HMBH-10005-01,150,YES,EHT-108521-TH,A10005,1,,,,,1.495
CCTN_80_60,A10005-80-HMBH-108522-U4BC1B-CCTN_01,HMBH-10005-01,150,YES,EHT-108522-TH,A10005,1,,,,,0.39325
CCTN_50_50,A10005-80-HMBH-108522-U4BC1B-CCTN_01,HMBH-10005-01,150,YES,EHT-108522-TH,A10005,1,,,,,0.2015
CCTN_25_50,A10005-80-HMBH-108522-U4BC1B-CCTN_01,HMBH-10005-01,150,YES,EHT-108522-TH,A10005,1,,,,,0.3315
CCTN_150_80,A10005-80-HMBH-108522-U4BC1B-CCTN_01,HMBH-10005-01,150,YES,EHT-108522-TH,A10005,1,,,,,0.0675
CCTN_80_60,A10005-80-HMBH-108522-U4BC1B-CCTN_01,HMBH-10005-01,150,YES,EHT-108522-TH,A10005,1,,,,,0.36725
CCTN_50_50,A10005-80-HMBH-108522-U4BC1B-CCTN_01,HMBH-10005-01,150,YES,EHT-108522-TH,A10005,1,,,,,0.2015
PP_50_30,A10005-50-HMBH-108552-U4BC1B-PP_01,HMBH-10005-01,153,NOT,NOT,A10005,1,,,,,0.748085
PP_50_30,A10005-50-HMBH-108552-U4BC1B-PP_02,HMBH-10005-01,153,NOT,NOT,A10005,1,,,,,0.36049
PP_50_30,PR19-50-HMBH-108552-U4BC1B-PP_01,HMBH-10005-01,153,NOT,NOT,PR19,1,,,,,0
CCTN_80_60,A10005-80-HMBH-108561-U4BC1B-CCTN_01,HMBH-10005-01,151,YES,EHT-108561-TH,A10005,1,,,,,0.6
CCTN_25_50,A10005-80-HMBH-108561-U4BC1B-CCTN_01,HMBH-10005-01,151,YES,EHT-108561-TH,A10005,1,,,,,0.0825
CCTN_80_60,A10005-80-HMBH-108561-U4BC1B-CCTN_01,HMBH-10005-01,151,YES,EHT-108561-TH,A10005,1,,,,,2.0475
CC_50_60,A10001-50-HMBI-103701-U4BC1B-CC_01,HMBI-10001-02,1001,NOT,NOT,A10001,1,,,,,1.2675
CC_50_60,A10001-50-HMBI-103701-U4BC1B-CC_01,HMBI-10001-02,1001,NOT,NOT,A10001,1,,,,,0.96
CC_50_60,A10001-50-HMBI-103701-U4BC1B-CC_01,HMBI-10001-02,1001,NOT,NOT,A10001,1,,,,,0.403
CC_50_60,A10001-50-HMBI-103701-U4BC1B-CC_01,HMBI-10001-02,1001,NOT,NOT,A10001,1,,,,,0.68575
CC_40_60,A10001-50-HMBI-103701-U4BC1B-CC_01,HMBI-10001-02,1001,NOT,NOT,A10001,1,,,,,0.143
CC_25_50,A10001-50-HMBI-103701-U4BC1B-CC_01,HMBI-10001-02,1001,NOT,NOT,A10001,1,,,,,0.169
CC_50_60,A10001-50-HMBI-103702-U4BC1B-CC_01,HMBI-10001-02,1001,NOT,NOT,A10001,1,,,,,0.89375
CC_40_60,A10001-50-HMBI-103702-U4BC1B-CC_01,HMBI-10001-02,1001,NOT,NOT,A10001,1,,,,,0.143
CC_25_50,A10001-50-HMBI-103702-U4BC1B-CC_01,HMBI-10001-02,1001,NOT,NOT,A10001,1,,,,,0.169
CC_50_60,A10001-40-HMBI-103721-U4BC1B-CC_01,HMBI-10001-02,1001,NOT,NOT,A10001,1,,,,,0.7865
CC_40_60,A10001-40-HMBI-103721-U4BC1B-CC_01,HMBI-10001-02,1001,NOT,NOT,A10001,1,,,,,0.182
CC_40_60,A10001-40-HMBI-103721-U4BC1B-CC_01,HMBI-10001-02,1001,NOT,NOT,A10001,1,,,,,0.442
CC_25_50,A10001-40-HMBI-103721-U4BC1B-CC_01,HMBI-10001-02,1001,NOT,NOT,A10001,1,,,,,0.169
CC_40_60,A10001-40-HMBI-103721-U4BC1B-CC_01,HMBI-10001-02,1001,NOT,NOT,A10001,1,,,,,0.3055
CC_25_50,A10001-40-HMBI-103721-U4BC1B-CC_01,HMBI-10001-02,1001,NOT,NOT,A10001,1,,,,,0.5785
CC_40_60,A10001-40-HMBI-103721-U4BC1B-CC_01,HMBI-10001-02,1001,NOT,NOT,A10001,1,,,,,0.885
CC_40_60,A10001-40-HMBI-103721-U4BC1B-CC_01,HMBI-10001-02,1001,NOT,NOT,A10001,1,,,,,0.5525
CC_25_50,A10001-40-HMBI-103721-U4BC1B-CC_01,HMBI-10001-02,1001,NOT,NOT,A10001,1,,,,,0.3575
CC_40_60,A10001-40-HMBI-103721-U4BC1B-CC_01,HMBI-10001-02,1001,NOT,NOT,A10001,1,,,,,0.741
CC_25_50,A10001-40-HMBI-103721-U4BC1B-CC_01,HMBI-10001-02,1001,NOT,NOT,A10001,1,,,,,0.1625
CC_40_60,A10001-40-HMBI-103721-U4BC1B-CC_01,HMBI-10001-02,1001,NOT,NOT,A10001,1,,,,,1.875
CC_40_60,A10001-40-HMBI-103721-U4BC1B-CC_01,HMBI-10001-02,1001,NOT,NOT,A10001,1,,,,,0.923
CC_40_60,A10001-40-HMBI-103721-U4BC1B-CC_01,HMBI-10001-02,1001,NOT,NOT,A10001,1,,,,,0.9375
CC_40_60,A10001-40-HMBI-103721-U4BC1B-CC_01,HMBI-10001-02,1001,NOT,NOT,A10001,1,,,,,0.4615
CC_25_50,A10001-40-HMBI-103721-U4BC1B-CC_01,HMBI-10001-02,1001,NOT,NOT,A10001,1,,,,,0.494
CC_40_60,A10001-40-HMBI-103721-U4BC1B-CC_01,HMBI-10001-02,1001,NOT,NOT,A10001,1,,,,,0.715
CC_25_50,A10001-40-HMBI-103721-U4BC1B-CC_01,HMBI-10001-02,1001,NOT,NOT,A10001,1,,,,,0.3315
CC_40_60,A10001-40-HMBI-103721-U4BC1B-CC_01,HMBI-10001-02,1001,NOT,NOT,A10001,1,,,,,0.825
CC_40_60,A10001-40-HMBI-103721-U4BC1B-CC_01,HMBI-10001-02,1001,NOT,NOT,A10001,1,,,,,0.884
CC_25_50,A10001-40-HMBI-103721-U4BC1B-CC_01,HMBI-10001-02,1001,NOT,NOT,A10001,1,,,,,0.3055
CC_40_60,A10001-40-HMBI-103721-U4BC1B-CC_01,HMBI-10001-02,1001,NOT,NOT,A10001,1,,,,,0.429
CC_25_50,A10001-40-HMBI-103721-U4BC1B-CC_02,HMBI-10001-02,1001,NOT,NOT,A10001,1,,,,,0.4225
CC_50_60,A10001-40-HMBI-103721-U4BC1B-CC_03,HMBI-10001-02,1001,NOT,NOT,A10001,1,,,,,0.234
CC_25_50,A10001-40-HMBI-103721-U4BC1B-CC_03,HMBI-10001-02,1001,NOT,NOT,A10001,1,,,,,0.9815
CC_25_50,A10001-25-HMBI-103722-U4BC1B-CC_01,HMBI-10001-02,1001,NOT,NOT,A10001,1,,,,,1.1475
CC_25_50,A10001-25-HMBI-103722-U4BC1B-CC_01,HMBI-10001-02,1001,NOT,NOT,A10001,1,,,,,0.9815
CC_50_60,A10001-40-HMBI-103731-U4BC1B-CC_01,HMBI-10001-02,1001,NOT,NOT,A10001,1,,,,,0.9165
CC_40_60,A10001-40-HMBI-103731-U4BC1B-CC_01,HMBI-10001-02,1001,NOT,NOT,A10001,1,,,,,0.0225
CC_40_60,A10001-40-HMBI-103731-U4BC1B-CC_01,HMBI-10001-02,1001,NOT,NOT,A10001,1,,,,,0.533
CC_25_50,A10001-40-HMBI-103731-U4BC1B-CC_01,HMBI-10001-02,1001,NOT,NOT,A10001,1,,,,,0.169
CC_50_60,A10001-50-HMBI-103908-U4BC1B-CC_01,HMBI-10001-02,1003,NOT,NOT,A10001,1,,,,,0.01875
CC_25_50,A10001-50-HMBI-103908-U4BC1B-CC_01,HMBI-10001-02,1003,NOT,NOT,A10001,1,,,,,0.3965
CC_50_60,A10001-50-HMBI-103908-U4BC1B-CC_01,HMBI-10001-02,1003,NOT,NOT,A10001,1,,,,,0.14625
CC_25_50,A10001-50-HMBI-103908-U4BC1B-CC_01,HMBI-10001-02,1003,NOT,NOT,A10001,1,,,,,0.247
CC_50_60,A10001-50-HMBI-103908-U4BC1B-CC_01,HMBI-10001-02,1003,NOT,NOT,A10001,1,,,,,0.689
CC_25_50,A10001-50-HMBI-103908-U4BC1B-CC_01,HMBI-10001-02,1003,NOT,NOT,A10001,1,,,,,0.0975
CC_50_60,A10001-50-HMBI-103908-U4BC1B-CC_01,HMBI-10001-02,1003,NOT,NOT,A10001,1,,,,,0.4745
CC_50_60,A10001-50-HMBI-103908-U4BC1B-CC_01,HMBI-10001-02,1003,NOT,NOT,A10001,1,,,,,0.48
CC_80_60,A10001-50-HMBI-103908-U4BC1B-CC_01,HMBI-10001-02,1003,NOT,NOT,A10001,1,,,,,0.14625
CC_50_60,A10001-50-HMBI-103908-U4BC1B-CC_01,HMBI-10001-02,1003,NOT,NOT,A10001,1,,,,,0.6675
CC_900_90,A10001-900-HMBI-104103-U4BC1B-CC_01,HMBI-10001-03,1110,NOT,NOT,A10001,1,1,1,,0.5,8.22381243
CC_50_60,A10001-900-HMBI-104103-U4BC1B-CC_01,HMBI-10001-03,1110,NOT,NOT,A10001,1,1,1,,0.5,5.641127535
CC_25_50,A10001-900-HMBI-104103-U4BC1B-CC_01,HMBI-10001-03,1110,NOT,NOT,A10001,1,1,1,,0.5,1.767100192
CC_80_60,A10001-80-HMBI-104151-U4BC1B-CC_01,HMBI-10001-01,1004,NOT,NOT,A10001,1,,,,,0.3965
CC_80_60,A10001-80-HMBI-104151-U4BC1B-CC_01,HMBI-10001-01,1004,NOT,NOT,A10001,1,,,,,0.405
CC_25_50,A10001-80-HMBI-104151-U4BC1B-CC_01,HMBI-10001-01,1004,NOT,NOT,A10001,1,,,,,0.9685
CC_80_60,A10001-80-HMBI-104151-U4BC1B-CC_01,HMBI-10001-01,1004,NOT,NOT,A10001,1,,,,,0.33
CC_80_60,A10001-80-HMBI-104151-U4BC1B-CC_01,HMBI-10001-01,1004,NOT,NOT,A10001,1,,,,,0.832
CC_80_60,A10001-80-HMBI-104151-U4BC1B-CC_01,HMBI-10001-01,1004,NOT,NOT,A10001,1,,,,,0.403
CC_25_50,A10001-80-HMBI-104151-U4BC1B-CC_01,HMBI-10001-01,1004,NOT,NOT,A10001,1,,,,,0.3315
CC_80_60,A10001-80-HMBI-104152-U4BC1B-CC_01,HMBI-10001-01,1004,NOT,NOT,A10001,1,,,,,0.8515
CC_25_50,A10001-80-HMBI-104152-U4BC1B-CC_01,HMBI-10001-01,1004,NOT,NOT,A10001,1,,,,,0.3315
CC_150_80,A10001-150-HMBI-104501-U4BC1B-CC_01,HMBI-10001-01,1002,NOT,NOT,A10001,1,,,,,1.287
CC_150_80,A10001-150-HMBI-104501-U4BC1B-CC_01,HMBI-10001-01,1002,NOT,NOT,A10001,1,,,,,0.676
CC_100_60,A10001-150-HMBI-104501-U4BC1B-CC_01,HMBI-10001-01,1002,NOT,NOT,A10001,1,,,,,0.182
CC_50_50,A10001-150-HMBI-104501-U4BC1B-CC_01,HMBI-10001-01,1002,NOT,NOT,A10001,1,,,,,0.143
CC_25_50,A10001-150-HMBI-104501-U4BC1B-CC_01,HMBI-10001-01,1002,NOT,NOT,A10001,1,,,,,0.325
CC_150_80,A10001-150-HMBI-104502-U4BC1B-CC_01,HMBI-10001-01,1002,NOT,NOT,A10001,1,,,,,0.6825
CC_100_60,A10001-150-HMBI-104502-U4BC1B-CC_01,HMBI-10001-01,1002,NOT,NOT,A10001,1,,,,,0.182
CC_50_50,A10001-150-HMBI-104502-U4BC1B-CC_01,HMBI-10001-01,1002,NOT,NOT,A10001,1,,,,,0.208
CC_25_50,A10001-150-HMBI-104502-U4BC1B-CC_01,HMBI-10001-01,1002,NOT,NOT,A10001,1,,,,,0.2535
CC_150_80,A10001-150-HMBI-104601-U4BC1B-CC_01,HMBI-10001-01,1002,NOT,NOT,A10001,1,,,,,1.274
CC_100_60,A10001-100-HMBI-104621-U4BC1B-CC_01,HMBI-10001-01,1002,YES,EHT-104621-TH,A10001,1,,,,,0.702
CC_50_50,A10001-100-HMBI-104621-U4BC1B-CC_01,HMBI-10001-01,1002,YES,EHT-104621-TH,A10001,1,,,,,0.5005
CC_100_60,A10001-100-HMBI-104621-U4BC1B-CC_01,HMBI-10001-01,1002,YES,EHT-104621-TH,A10001,1,,,,,0.4615
CC_25_50,A10001-100-HMBI-104621-U4BC1B-CC_01,HMBI-10001-01,1002,YES,EHT-104621-TH,A10001,1,,,,,0.312
CC_150_80,A10001-100-HMBI-104621-U4BC1B-CC_01,HMBI-10001-01,1002,YES,EHT-104621-TH,A10001,1,,,,,0.0675
CC_100_60,A10001-100-HMBI-104621-U4BC1B-CC_01,HMBI-10001-01,1002,YES,EHT-104621-TH,A10001,1,,,,,0.0975
CC_50_50,A10001-100-HMBI-104621-U4BC1B-CC_01,HMBI-10001-01,1002,YES,EHT-104621-TH,A10001,1,,,,,0.143
CC_100_60,A10001-100-HMBI-104621-U4BC1B-CC_01,HMBI-10001-01,1002,YES,EHT-104621-TH,A10001,1,,,,,0.273
CC_25_50,A10001-100-HMBI-104621-U4BC1B-CC_01,HMBI-10001-01,1002,YES,EHT-104621-TH,A10001,1,,,,,0.299
CC_100_60,A10001-100-HMBI-104621-U4BC1B-CC_01,HMBI-10001-01,1002,YES,EHT-104621-TH,A10001,1,,,,,0.54
CC_25_50,A10001-100-HMBI-104621-U4BC1B-CC_01,HMBI-10001-01,1002,YES,EHT-104621-TH,A10001,1,,,,,0.299
CC_100_60,A10001-100-HMBI-104621-U4BC1B-CC_01,HMBI-10001-01,1002,YES,EHT-104621-TH,A10001,1,,,,,0.4875
CC_100_60,A10001-100-HMBI-104621-U4BC1B-CC_01,HMBI-10001-01,1002,YES,EHT-104621-TH,A10001,1,,,,,0.39
CC_25_50,A10001-100-HMBI-104621-U4BC1B-CC_01,HMBI-10001-01,1002,YES,EHT-104621-TH,A10001,1,,,,,0.3315
CC_100_60,A10001-100-HMBI-104621-U4BC1B-CC_01,HMBI-10001-01,1002,YES,EHT-104621-TH,A10001,1,,,,,0.2925
CC_25_50,A10001-100-HMBI-104621-U4BC1B-CC_01,HMBI-10001-01,1002,YES,EHT-104621-TH,A10001,1,,,,,0.3315
CC_100_60,A10001-100-HMBI-104621-U4BC1B-CC_01,HMBI-10001-01,1002,YES,EHT-104621-TH,A10001,1,,,,,1.391
CC_100_60,A10005-100-HMBI-104621-U4BC1B-CC_01,HMBI-10001-01,1072,YES,EHT-104621-TH,A10005,1,,,,,0.855
CC_20_50,A10005-100-HMBI-104621-U4BC1B-CC_01,HMBI-10001-01,1072,YES,EHT-104621-TH,A10005,1,,,,,0.0225
CC_100_60,A10005-100-HMBI-104621-U4BC1B-CC_01,HMBI-10001-01,1072,YES,EHT-104621-TH,A10005,1,,,,,0.5655
CC_25_50,A10005-100-HMBI-104621-U4BC1B-CC_01,HMBI-10001-01,1072,YES,EHT-104621-TH,A10005,1,,,,,0.3315
CC_25_50,A10001-100-HMBI-104621-U4BC1B-CC_03,HMBI-10001-01,1002,YES,EHT-104621-TH,A10001,1,,,,,0.988
CC_100_60,PR19-100-HMBI-104621-U4BC1B-CC_01,HMBI-10001-01,1072,YES,EHT-104621-TH,PR19,1,,,,,1.8825
CC_25_50,PR19-100-HMBI-104621-U4BC1B-CC_01,HMBI-10001-01,1072,YES,EHT-104621-TH,PR19,1,,,,,0.169
CC_80_60,A10001-80-HMBI-104622-U4BC1B-CC_01,HMBI-10001-01,1002,NOT,NOT,A10001,1,,,,,1.42025
CCTN_100_60,A10001-100-HMBI-104623-U4BC1B-CCTN_01,HMBI-10005-01,1002,YES,EHT-104623-TH,A10001,1,,,,,1.092
CCTN_100_60,PR19-100-HMBI-104623-U4BC1B-CCTN_01,HMBI-10005-01,1073,YES,EHT-104623-TH,PR19,1,,,,,2.925
CCTN_25_50,PR19-100-HMBI-104623-U4BC1B-CCTN_01,HMBI-10005-01,1073,YES,EHT-104623-TH,PR19,1,,,,,0.3315
CC_100_60,A10001-100-HMBI-104631-U4BC1B-CC_01,HMBI-10001-01,1002,NOT,NOT,A10001,1,,,,,0.559
CC_80_60,A10001-100-HMBI-104631-U4BC1B-CC_01,HMBI-10001-01,1002,NOT,NOT,A10001,1,,,,,0.13
CC_50_50,A10001-100-HMBI-104631-U4BC1B-CC_01,HMBI-10001-01,1002,NOT,NOT,A10001,1,,,,,0.3055
CC_100_60,A10001-100-HMBI-104631-U4BC1B-CC_01,HMBI-10001-01,1002,NOT,NOT,A10001,1,,,,,0.468
CC_25_50,A10001-100-HMBI-104631-U4BC1B-CC_01,HMBI-10001-01,1002,NOT,NOT,A10001,1,,,,,0.3055
CC_150_80,A10005-150-HMBI-106101-U4BC1B-CC_01,HMBI-10005-01,1064,NOT,NOT,A10005,1,,,,,1.9175
CC_150_80,A10005-150-HMBI-106101-U4BC1B-CC_01,HMBI-10005-01,1064,NOT,NOT,A10005,1,,,,,0.8905
CC_65_50,A10005-150-HMBI-106101-U4BC1B-CC_01,HMBI-10005-01,1064,NOT,NOT,A10005,1,,,,,0.156
CC_50_50,A10005-150-HMBI-106101-U4BC1B-CC_01,HMBI-10005-01,1064,NOT,NOT,A10005,1,,,,,0.208
CC_25_50,A10005-150-HMBI-106101-U4BC1B-CC_01,HMBI-10005-01,1064,NOT,NOT,A10005,1,,,,,0.2405
CCTN_100_60,PR19-150-HMBI-106121-U4BC1B-CCTN_01,HMBI-10005-01,1055,YES,EHT-106121-TH,PR19,1,,,,,2.1645
CCTN_100_60,PR19-150-HMBI-106121-U4BC1B-CCTN_01,HMBI-10005-01,1055,YES,EHT-106121-TH,PR19,1,,,,,0.6955
CCTN_25_50,PR19-150-HMBI-106121-U4BC1B-CCTN_01,HMBI-10005-01,1055,YES,EHT-106121-TH,PR19,1,,,,,0.3315
CCTN_150_80,A10005-150-HMBI-106121-U4BC1B-CCTN_01,HMBI-10005-01,1068,YES,EHT-106121-TH,A10005,1,,,,,0.468
CCTN_100_60,A10005-150-HMBI-106121-U4BC1B-CCTN_01,HMBI-10005-01,1068,YES,EHT-106121-TH,A10005,1,,,,,0.0225
CCTN_50_50,A10005-150-HMBI-106121-U4BC1B-CCTN_01,HMBI-10005-01,1068,YES,EHT-106121-TH,A10005,1,,,,,0.3965
CCTN_150_80,A10005-150-HMBI-106121-U4BC1B-CCTN_01,HMBI-10005-01,1068,YES,EHT-106121-TH,A10005,1,,,,,0.6045
CCTN_25_50,A10005-150-HMBI-106121-U4BC1B-CCTN_01,HMBI-10005-01,1068,YES,EHT-106121-TH,A10005,1,,,,,0.247
CCTN_150_80,A10005-150-HMBI-106121-U4BC1B-CCTN_01,HMBI-10005-01,1068,YES,EHT-106121-TH,A10005,1,,,,,0.3825
CCTN_150_80,A10005-150-HMBI-106121-U4BC1B-CCTN_01,HMBI-10005-01,1068,YES,EHT-106121-TH,A10005,1,,,,,0.7345
CCTN_80_60,A10005-150-HMBI-106121-U4BC1B-CCTN_01,HMBI-10005-01,1068,YES,EHT-106121-TH,A10005,1,,,,,0.221
CCTN_150_80,A10005-150-HMBI-106121-U4BC1B-CCTN_01,HMBI-10005-01,1068,YES,EHT-106121-TH,A10005,1,,,,,0.299
CCTN_80_60,A10005-150-HMBI-106121-U4BC1B-CCTN_01,HMBI-10005-01,1068,YES,EHT-106121-TH,A10005,1,,,,,0.39
CCTN_25_50,A10005-150-HMBI-106121-U4BC1B-CCTN_01,HMBI-10005-01,1068,YES,EHT-106121-TH,A10005,1,,,,,0.3315
CCTN_150_80,A10005-150-HMBI-106121-U4BC1B-CCTN_01,HMBI-10005-01,1068,YES,EHT-106121-TH,A10005,1,,,,,0.338
CCTN_40_50,A10005-150-HMBI-106121-U4BC1B-CCTN_01,HMBI-10005-01,1068,YES,EHT-106121-TH,A10005,1,,,,,0.13
CCTN_25_50,A10005-150-HMBI-106121-U4BC1B-CCTN_01,HMBI-10005-01,1068,YES,EHT-106121-TH,A10005,1,,,,,0.3315
CCTN_150_80,A10005-150-HMBI-106121-U4BC1B-CCTN_01,HMBI-10005-01,1068,YES,EHT-106121-TH,A10005,1,,,,,0.325
CCTN_100_60,A10005-150-HMBI-106121-U4BC1B-CCTN_01,HMBI-10005-01,1068,YES,EHT-106121-TH,A10005,1,,,,,0.156
CCTN_150_80,A10005-150-HMBI-106121-U4BC1B-CCTN_01,HMBI-10005-01,1068,YES,EHT-106121-TH,A10005,1,,,,,0.135
CCTN_100_60,A10005-150-HMBI-106121-U4BC1B-CCTN_01,HMBI-10005-01,1068,YES,EHT-106121-TH,A10005,1,,,,,0.8515
CCTN_25_50,A10005-150-HMBI-106121-U4BC1B-CCTN_01,HMBI-10005-01,1068,YES,EHT-106121-TH,A10005,1,,,,,0.4095
CCTN_25_50,A10005-150-HMBI-106121-U4BC1B-CCTN_02,HMBI-10005-01,1068,NOT,NOT,A10005,1,,,,,1.053
CCTN_40_50,A10005-40-HMBI-106122-U4BC1B-CCTN_01,HMBI-10001-02,1068,YES,EHT-106122-TH,A10005,1,,,,,0.468
CCTN_40_50,A10005-40-HMBI-106122-U4BC1B-CCTN_01,HMBI-10001-02,1068,YES,EHT-106122-TH,A10005,1,,,,,0.3315
CCTN_40_50,A10005-40-HMBI-106122-U4BC1B-CCTN_01,HMBI-10001-02,1068,YES,EHT-106122-TH,A10005,1,,,,,0.8325
CCTN_40_50,PR19-40-HMBI-106122-U4BC1B-CCTN_01,HMBI-10001-02,1101,YES,EHT-106122-TH,PR19,1,,,,,0.442
CCTN_25_50,PR19-40-HMBI-106122-U4BC1B-CCTN_01,HMBI-10001-02,1101,YES,EHT-106122-TH,PR19,1,,,,,0.3315
CCTN_40_50,PR19-40-HMBI-106122-U4BC1B-CCTN_01,HMBI-10001-02,1101,YES,EHT-106122-TH,PR19,1,,,,,0.8325
CCTN_150_80,A10005-150-HMBI-106123-U4BC1B-CCTN_01,HMBI-10005-01,1068,YES,EHT-106123-TH,A10005,1,,,,,0.78
CCTN_25_50,A10005-150-HMBI-106123-U4BC1B-CCTN_01,HMBI-10005-01,1068,YES,EHT-106123-TH,A10005,1,,,,,0.403
CCTN_150_80,A10005-150-HMBI-106123-U4BC1B-CCTN_01,HMBI-10005-01,1068,YES,EHT-106123-TH,A10005,1,,,,,0.8125
CCTN_150_80,A10005-150-HMBI-106123-U4BC1B-CCTN_01,HMBI-10005-01,1068,YES,EHT-106123-TH,A10005,1,,,,,0.15
CCTN_100_60,A10005-150-HMBI-106123-U4BC1B-CCTN_01,HMBI-10005-01,1068,YES,EHT-106123-TH,A10005,1,,,,,0.1495
CCTN_50_50,A10005-150-HMBI-106123-U4BC1B-CCTN_01,HMBI-10005-01,1068,YES,EHT-106123-TH,A10005,1,,,,,0.403
CCTN_150_80,A10005-150-HMBI-106123-U4BC1B-CCTN_01,HMBI-10005-01,1068,YES,EHT-106123-TH,A10005,1,,,,,0.442
CCTN_25_50,A10005-150-HMBI-106123-U4BC1B-CCTN_01,HMBI-10005-01,1068,YES,EHT-106123-TH,A10005,1,,,,,0.741
CCTN_100_60,PR19-100-HMBI-106124-U4BC1B-CCTN_01,HMBI-10005-01,1105,YES,EHT-106124-TH,PR19,1,,,,,0.429
CCTN_25_50,PR19-100-HMBI-106124-U4BC1B-CCTN_01,HMBI-10005-01,1105,YES,EHT-106124-TH,PR19,1,,,,,0.4095
CCTN_100_60,PR19-100-HMBI-106124-U4BC1B-CCTN_01,HMBI-10005-01,1105,YES,EHT-106124-TH,PR19,1,,,,,0.8775
CC_150_80,A10005-80-HMBI-106126-U4BC1B-CC_01,HMBI-10005-01,1068,NOT,NOT,A10005,1,,,,,0.1575
CC_80_60,A10005-80-HMBI-106126-U4BC1B-CC_01,HMBI-10005-01,1068,NOT,NOT,A10005,1,,,,,0.5395
CC_50_50,A10005-80-HMBI-106126-U4BC1B-CC_01,HMBI-10005-01,1068,NOT,NOT,A10005,1,,,,,0.403
CC_25_50,A10005-80-HMBI-106126-U4BC1B-CC_01,HMBI-10005-01,1068,NOT,NOT,A10005,1,,,,,0.3315
CC_80_60,A10005-80-HMBI-106151-U4BC1B-CC_01,HMBI-10005-01,1071,NOT,NOT,A10005,1,,,,,0.559
CC_25_50,A10005-80-HMBI-106151-U4BC1B-CC_01,HMBI-10005-01,1071,NOT,NOT,A10005,1,,,,,0.3315
CC_80_60,A10005-80-HMBI-106151-U4BC1B-CC_01,HMBI-10005-01,1071,NOT,NOT,A10005,1,,,,,1.485
CC_80_60,A10005-80-HMBI-106151-U4BC1B-CC_01,HMBI-10005-01,1071,NOT,NOT,A10005,1,,,,,0.87
CC_150_80,A10005-150-HMBI-106501-U4BC1B-CC_01,HMBI-10005-03,1065,NOT,NOT,A10005,1,,,,,0.3835
CC_150_80,A10005-150-HMBI-106501-U4BC1B-CC_01,HMBI-10005-03,1065,NOT,NOT,A10005,1,,,,,1.157
CC_25_50,A10005-150-HMBI-106501-U4BC1B-CC_01,HMBI-10005-03,1065,NOT,NOT,A10005,1,,,,,0.2405
CC_150_80,A10005-150-HMBI-106501-U4BC1B-CC_01,HMBI-10005-03,1065,NOT,NOT,A10005,1,,,,,0.364
CC_65_50,A10005-150-HMBI-106501-U4BC1B-CC_01,HMBI-10005-03,1065,NOT,NOT,A10005,1,,,,,0.221
CC_50_50,A10005-150-HMBI-106501-U4BC1B-CC_01,HMBI-10005-03,1065,NOT,NOT,A10005,1,,,,,0.143
CC_150_80,A10005-150-HMBI-106502-U4BC1B-CC_01,HMBI-10005-03,1067,NOT,NOT,A10005,1,,,,,1.5925
CC_150_80,A10005-150-HMBI-106502-U4BC1B-CC_01,HMBI-10005-03,1067,NOT,NOT,A10005,1,,,,,0.6825
CC_80_60,A10005-150-HMBI-106502-U4BC1B-CC_01,HMBI-10005-03,1067,NOT,NOT,A10005,1,,,,,0.1755
CC_50_50,A10005-150-HMBI-106502-U4BC1B-CC_01,HMBI-10005-03,1067,NOT,NOT,A10005,1,,,,,0.208
CC_25_50,A10005-150-HMBI-106502-U4BC1B-CC_01,HMBI-10005-03,1067,NOT,NOT,A10005,1,,,,,0.182
CC_150_80,A10005-150-HMBI-106503-U4BC1B-CC_01,HMBI-10005-03,1067,NOT,NOT,A10005,1,,,,,0.6695
CC_80_60,A10005-150-HMBI-106503-U4BC1B-CC_01,HMBI-10005-03,1067,NOT,NOT,A10005,1,,,,,0.1755
CC_50_50,A10005-150-HMBI-106503-U4BC1B-CC_01,HMBI-10005-03,1067,NOT,NOT,A10005,1,,,,,0.208
CC_25_50,A10005-150-HMBI-106503-U4BC1B-CC_01,HMBI-10005-03,1067,NOT,NOT,A10005,1,,,,,0.182
CC_150_80,A10005-150-HMBI-106504-U4BC1B-CC_01,HMBI-10005-03,1065,NOT,NOT,A10005,1,,,,,0.6955
CC_65_50,A10005-150-HMBI-106504-U4BC1B-CC_01,HMBI-10005-03,1065,NOT,NOT,A10005,1,,,,,0.156
CC_50_50,A10005-150-HMBI-106504-U4BC1B-CC_01,HMBI-10005-03,1065,NOT,NOT,A10005,1,,,,,0.208
CC_25_50,A10005-150-HMBI-106504-U4BC1B-CC_01,HMBI-10005-03,1065,NOT,NOT,A10005,1,,,,,0.2405
PP_50_30,A10005-50-HMBI-108551-U4BC1B-PP_01,HMBI-10005-02,153,NOT,NOT,A10005,1,,,,,0.6695
PP_50_30,A10005-50-HMBI-108551-U4BC1B-PP_01,HMBI-10005-02,153,NOT,NOT,A10005,1,,,,,0.377
PP_25_30,A10005-50-HMBI-108551-U4BC1B-PP_01,HMBI-10005-02,153,NOT,NOT,A10005,1,,,,,0.442
PP_50_30,A10005-50-HMBI-108551-U4BC1B-PP_01,HMBI-10005-02,153,NOT,NOT,A10005,1,,,,,1.261
PP_50_30,A10005-50-HMBI-108551-U4BC1B-PP_02,HMBI-10005-02,1075,NOT,NOT,A10005,1,,,,,0.34099
PP_50_30,PR19-50-HMBI-108551-U4BC1B-PP_01,HMBI-10005-02,1075,NOT,NOT,PR19,1,,,,,0
PP_25_30,PR19-50-HMBI-108551-U4BC1B-PP_01,HMBI-10005-02,1075,NOT,NOT,PR19,1,,,,,0
CCTN_150_80,A10005-150-HMBI-16521-U4BC1B-CCTN_01,HMBI-10005-03,1069,YES,EHT-16521-TH,A10005,1,,,,,0.299
CCTN_80_60,A10005-150-HMBI-16521-U4BC1B-CCTN_01,HMBI-10005-03,1069,YES,EHT-16521-TH,A10005,1,,,,,0.2015
CCTN_25_50,A10005-150-HMBI-16521-U4BC1B-CCTN_01,HMBI-10005-03,1069,YES,EHT-16521-TH,A10005,1,,,,,0.1755
CCTN_150_80,A10005-150-HMBI-16521-U4BC1B-CCTN_01,HMBI-10005-03,1069,YES,EHT-16521-TH,A10005,1,,,,,0.416
CCTN_80_60,A10005-150-HMBI-16521-U4BC1B-CCTN_01,HMBI-10005-03,1069,YES,EHT-16521-TH,A10005,1,,,,,0.3575
CCTN_25_50,A10005-150-HMBI-16521-U4BC1B-CCTN_01,HMBI-10005-03,1069,YES,EHT-16521-TH,A10005,1,,,,,0.338
CCTN_150_80,A10005-150-HMBI-16521-U4BC1B-CCTN_01,HMBI-10005-03,1069,YES,EHT-16521-TH,A10005,1,,,,,0.9945
CCTN_50_50,A10005-150-HMBI-16521-U4BC1B-CCTN_01,HMBI-10005-03,1069,YES,EHT-16521-TH,A10005,1,,,,,0.403
CCTN_150_80,A10005-150-HMBI-16521-U4BC1B-CCTN_01,HMBI-10005-03,1069,YES,EHT-16521-TH,A10005,1,,,,,0.442
CCTN_25_50,A10005-150-HMBI-16521-U4BC1B-CCTN_01,HMBI-10005-03,1069,YES,EHT-16521-TH,A10005,1,,,,,0.6825
CCTN_150_80,A10005-150-HMBI-16521-U4BC1B-CCTN_02,HMBI-10005-03,1069,YES,EHT-16521-TH,A10005,1,,,,,0.468
CCTN_80_60,A10005-150-HMBI-16521-U4BC1B-CCTN_02,HMBI-10005-03,1069,YES,EHT-16521-TH,A10005,1,,,,,0.14625
CCTN_50_50,A10005-150-HMBI-16521-U4BC1B-CCTN_02,HMBI-10005-03,1069,YES,EHT-16521-TH,A10005,1,,,,,0.3965
CCTN_150_80,A10005-150-HMBI-16521-U4BC1B-CCTN_02,HMBI-10005-03,1069,YES,EHT-16521-TH,A10005,1,,,,,0.468
CCTN_25_50,A10005-150-HMBI-16521-U4BC1B-CCTN_02,HMBI-10005-03,1069,YES,EHT-16521-TH,A10005,1,,,,,0.247
CCTN_150_80,A10005-150-HMBI-16521-U4BC1B-CCTN_02,HMBI-10005-03,1069,YES,EHT-16521-TH,A10005,1,,,,,0.3525
CCTN_150_80,A10005-150-HMBI-16521-U4BC1B-CCTN_02,HMBI-10005-03,1069,YES,EHT-16521-TH,A10005,1,,,,,0.5265
CCTN_25_50,A10005-150-HMBI-16521-U4BC1B-CCTN_02,HMBI-10005-03,1069,YES,EHT-16521-TH,A10005,1,,,,,0.3445
CCTN_25_50,A10005-150-HMBI-16521-U4BC1B-CCTN_02,HMBI-10005-03,1069,YES,EHT-16521-TH,A10005,1,,,,,0.8515
CC_80_60,A10005-80-HMBI-16522-U4BC1B-CC_01,HMBI-10005-03,1070,NOT,NOT,A10005,1,,,,,0.5395
CC_25_50,A10005-80-HMBI-16522-U4BC1B-CC_01,HMBI-10005-03,1070,NOT,NOT,A10005,1,,,,,0.3315
CC_80_60,A10005-80-HMBI-16522-U4BC1B-CC_01,HMBI-10005-03,1070,NOT,NOT,A10005,1,,,,,2.1
CC_80_60,A10005-80-HMBI-16522-U4BC1B-CC_01,HMBI-10005-03,1070,NOT,NOT,A10005,1,,,,,1.053
CC_150_80,A10005-80-HMBI-16523-U4BC1B-CC_01,HMBI-10005-03,1069,NOT,NOT,A10005,1,,,,,0.0975
CC_80_60,A10005-80-HMBI-16523-U4BC1B-CC_01,HMBI-10005-03,1069,NOT,NOT,A10005,1,,,,,0.4875
CC_50_50,A10005-80-HMBI-16523-U4BC1B-CC_01,HMBI-10005-03,1069,NOT,NOT,A10005,1,,,,,0.143
CC_25_50,A10005-80-HMBI-16523-U4BC1B-CC_01,HMBI-10005-03,1069,NOT,NOT,A10005,1,,,,,0.338
CC_150_80,A10005-150-HMBI-16531-U4BC1B-CC_01,HMBI-10005-03,1069,NOT,NOT,A10005,1,,,,,0.468
CC_50_50,A10005-150-HMBI-16531-U4BC1B-CC_01,HMBI-10005-03,1069,NOT,NOT,A10005,1,,,,,0.3965
CC_40_50,A10005-150-HMBI-16531-U4BC1B-CC_01,HMBI-10005-03,1069,NOT,NOT,A10005,1,,,,,0.117
CC_150_80,A10005-150-HMBI-16531-U4BC1B-CC_01,HMBI-10005-03,1069,NOT,NOT,A10005,1,,,,,0.52
CC_25_50,A10005-150-HMBI-16531-U4BC1B-CC_01,HMBI-10005-03,1069,NOT,NOT,A10005,1,,,,,0.247
CCTN_150_80,A10005-150-HMBI-16541-U4BC1B-CCTN_01,HMBI-PR11-01,1066,YES,EHT-16541-07-TH,A10005,1,,,,,0.5525
CCTN_80_60,A10005-150-HMBI-16541-U4BC1B-CCTN_01,HMBI-PR11-01,1066,YES,EHT-16541-07-TH,A10005,1,,,,,0.01875
CCTN_50_50,A10005-150-HMBI-16541-U4BC1B-CCTN_01,HMBI-PR11-01,1066,YES,EHT-16541-07-TH,A10005,1,,,,,0.3965
CCTN_150_80,A10005-150-HMBI-16541-U4BC1B-CCTN_01,HMBI-PR11-01,1066,YES,EHT-16541-07-TH,A10005,1,,,,,0.4875
CCTN_25_50,A10005-150-HMBI-16541-U4BC1B-CCTN_01,HMBI-PR11-01,1066,YES,EHT-16541-07-TH,A10005,1,,,,,0.247
CCTN_150_80,A10005-150-HMBI-16541-U4BC1B-CCTN_01,HMBI-PR11-01,1066,YES,EHT-16541-07-TH,A10005,1,,,,,0.3185
CCTN_25_50,A10005-150-HMBI-16541-U4BC1B-CCTN_01,HMBI-PR11-01,1066,YES,EHT-16541-07-TH,A10005,1,,,,,0.3575
CCTN_25_50,A10005-150-HMBI-16541-U4BC1B-CCTN_01,HMBI-PR11-01,1066,YES,EHT-16541-07-TH,A10005,1,,,,,0.7605
CCTN_150_80,A10005-150-HMBI-16541-U4BC1B-CCTN_01,HMBI-PR11-01,1066,YES,EHT-16541-07-TH,A10005,1,,,,,0.507
CCTN_25_50,A10005-150-HMBI-16541-U4BC1B-CCTN_01,HMBI-PR11-01,1066,YES,EHT-16541-07-TH,A10005,1,,,,,0.1275
CCTN_150_80,A10005-150-HMBI-16541-U4BC1B-CCTN_01,HMBI-PR11-01,1066,YES,EHT-16541-07-TH,A10005,1,,,,,0.3185
CCTN_80_60,A10005-150-HMBI-16541-U4BC1B-CCTN_01,HMBI-PR11-01,1066,YES,EHT-16541-07-TH,A10005,1,,,,,0.2405
CCTN_25_50,A10005-150-HMBI-16541-U4BC1B-CCTN_01,HMBI-PR11-01,1066,YES,EHT-16541-07-TH,A10005,1,,,,,0.6695
CCTN_150_80,A10005-150-HMBI-16541-U4BC1B-CCTN_01,HMBI-PR11-01,1066,YES,EHT-16541-07-TH,A10005,1,,,,,1.339
CCTN_150_80,A1900-150-HMBI-16541-U4BC1B-CCTN_01,HMBI-PR11-01,1056,YES,EHT-16541-06-TH,A1900,1,1,1,1,1,54.6
CCTN_80_60,A1900-150-HMBI-16541-U4BC1B-CCTN_01,HMBI-PR11-01,1056,YES,EHT-16541-06-TH,A1900,1,1,1,1,1,3
CCTN_25_50,A1900-150-HMBI-16541-U4BC1B-CCTN_01,HMBI-PR11-01,1056,YES,EHT-16541-06-TH,A1900,1,1,1,,0.5,1.845100192
CCTN_150_80,A1900-150-HMBI-16541-U4BC1B-CCTN_01,HMBI-PR11-01,1056,YES,EHT-16541-06-TH,A1900,1,1,1,1,1,3.1
CCTN_50_50,A1900-150-HMBI-16541-U4BC1B-CCTN_01,HMBI-PR11-01,1056,YES,EHT-16541-06-TH,A1900,1,1,1,1,1,7.6
CCTN_100_60,A1900-150-HMBI-16541-U4BC1B-CCTN_01,HMBI-PR11-01,1056,YES,EHT-16541-06-TH,A1900,1,1,1,1,1,15
CCTN_100_60,A1900-150-HMBI-16541-U4BC1B-CCTN_01,HMBI-PR11-01,1056,YES,EHT-16541-06-TH,A1900,1,1,1,1,1,11.3
CCTN_20_50,A1900-150-HMBI-16541-U4BC1B-CCTN_01,HMBI-PR11-01,1056,YES,EHT-16541-06-TH,A1900,1,1,1,1,1,0.3
CCTN_100_60,A1900-150-HMBI-16541-U4BC1B-CCTN_01,HMBI-PR11-01,1056,YES,EHT-16541-06-TH,A1900,1,1,1,1,1,30.6
CCTN_150_80,PR01-150-HMBI-16541-U4BC1B-CCTN_01,HMBI-PR11-01,1054,YES,EHT-16541-03-TH,PR01,1,,,,,2.655
CCTN_150_80,PR01-150-HMBI-16541-U4BC1B-CCTN_01,HMBI-PR11-01,1054,YES,EHT-16541-03-TH,PR01,1,,,,,3.3
CCTN_150_80,PR01-150-HMBI-16541-U4BC1B-CCTN_01,HMBI-PR11-01,1054,YES,EHT-16541-03-TH,PR01,1,,,,,0.5175
CCTN_25_50,PR01-150-HMBI-16541-U4BC1B-CCTN_01,HMBI-PR11-01,1054,YES,EHT-16541-03-TH,PR01,1,,,,,0.169
CCTN_150_80,PR11-150-HMBI-16541-U4BC1B-CCTN_01,HMBI-PR11-01,1054,YES,EHT-16541-01-TH,PR11,1,,,,,0.495
CCTN_150_80,PR12-150-HMBI-16541-U4BC1B-CCTN_01,HMBI-PR11-01,1054,YES,EHT-16541-02-TH,PR12,1,,,,,6.12
CCTN_150_80,PR12-150-HMBI-16541-U4BC1B-CCTN_01,HMBI-PR11-01,1054,YES,EHT-16541-02-TH,PR12,1,,,,,0.9225
CCTN_150_80,PR18-150-HMBI-16541-U4BC1B-CCTN_01,HMBI-PR11-01,1054,YES,EHT-16541-01-TH,PR18,1,,,,,2.4375
CCTN_20_50,PR18-150-HMBI-16541-U4BC1B-CCTN_01,HMBI-PR11-01,1054,YES,EHT-16541-01-TH,PR18,1,,,,,0.03
CCTN_150_80,PR19-150-HMBI-16541-U4BC1B-CCTN_01,HMBI-PR11-01,1054,YES,EHT-16541-01-TH,PR19,1,,,,,4.155
CCTN_150_80,PR20-150-HMBI-16541-U4BC1B-CCTN_01,HMBI-PR11-01,1054,YES,EHT-16541-04-TH,PR20,1,,,,,4.0275
CCTN_150_80,PR20-150-HMBI-16541-U4BC1B-CCTN_01,HMBI-PR11-01,1054,YES,EHT-16541-04-TH,PR20,1,,,,,1.0275
CCTN_150_80,PR20-150-HMBI-16541-U4BC1B-CCTN_01,HMBI-PR11-01,1054,YES,EHT-16541-04-TH,PR20,1,,,,,2.49975
CCTN_150_80,PR20-150-HMBI-16541-U4BC1B-CCTN_01,HMBI-PR11-01,1054,YES,EHT-16541-04-TH,PR20,1,1,1,,0.5,6.275850671
CCTN_25_50,PR20-150-HMBI-16541-U4BC1B-CCTN_01,HMBI-PR11-01,1054,YES,EHT-16541-04-TH,PR20,1,,,,,0.169
CCTN_150_80,PR20-150-HMBI-16541-U4BC1B-CCTN_01,HMBI-PR11-01,1054,YES,EHT-16541-04-TH,PR20,1,1,1,1,,17.59044574
CCTN_150_80,PR20-150-HMBI-16541-U4BC1B-CCTN_01,HMBI-PR11-01,1054,YES,EHT-16541-04-TH,PR20,1,0.9,0.9,1,0.9,24.94253742
CCTN_150_80,PR20-150-HMBI-16541-U4BC1B-CCTN_01,HMBI-PR11-01,1054,YES,EHT-16541-04-TH,PR20,1,1,1,1,1,22.8
CC_80_60,A10005-80-HMBI-16542-U4BC1B-CC_01,HMBI-10005-03,1066,NOT,NOT,A10005,1,,,,,2.093
CCTN_20_50,A10005-20-HMBI-16543-U4BC1B-CCTN_01,HMBI-PR11-01,1066,YES,EHT-16543-TH,A10005,1,,,,,0.585
CC_25_50,A10005-25-HMBI-16544-U4BC1B-CC_01,HMBI-10005-03,1067,NOT,NOT,A10005,1,,,,,1.0725
CC_150_80,A10005-150-HMBI-16551-U4BC1B-CC_01,HMBI-10005-03,1066,NOT,NOT,A10005,1,,,,,0.4745
CC_80_60,A10005-150-HMBI-16551-U4BC1B-CC_01,HMBI-10005-03,1066,NOT,NOT,A10005,1,,,,,0.14625
CC_50_50,A10005-150-HMBI-16551-U4BC1B-CC_01,HMBI-10005-03,1066,NOT,NOT,A10005,1,,,,,0.208
CC_150_80,A10005-150-HMBI-16551-U4BC1B-CC_01,HMBI-10005-03,1066,NOT,NOT,A10005,1,,,,,0.546
CC_25_50,A10005-150-HMBI-16551-U4BC1B-CC_01,HMBI-10005-03,1066,NOT,NOT,A10005,1,,,,,0.247
CC_50_60,A10001-50-HMBN-103101-U4BC1B-CC_01,HMBN-10001-01,8,NOT,NOT,A10001,1,,,,,0.3965
CC_25_50,A10001-50-HMBN-103101-U4BC1B-CC_01,HMBN-10001-01,8,NOT,NOT,A10001,1,,,,,0.1755
CC_50_60,A10001-50-HMBN-103101-U4BC1B-CC_01,HMBN-10001-01,8,NOT,NOT,A10001,1,,,,,0.689
CC_25_50,A10001-50-HMBN-103101-U4BC1B-CC_01,HMBN-10001-01,8,NOT,NOT,A10001,1,,,,,0.1755
CC_50_60,A10001-50-HMBN-103101-U4BC1B-CC_01,HMBN-10001-01,8,NOT,NOT,A10001,1,,,,,1.027
CC_50_60,A10001-50-HMBN-103101-U4BC1B-CC_01,HMBN-10001-01,8,NOT,NOT,A10001,1,,,,,0.66625
CC_40_60,A10001-50-HMBN-103101-U4BC1B-CC_01,HMBN-10001-01,8,NOT,NOT,A10001,1,,,,,0.1495
CC_25_50,A10001-50-HMBN-103101-U4BC1B-CC_01,HMBN-10001-01,8,NOT,NOT,A10001,1,,,,,0.3965
CC_50_60,A10001-50-HMBN-103101-U4BC1B-CC_01,HMBN-10001-01,8,NOT,NOT,A10001,1,,,,,0.01875
CC_40_60,A10001-50-HMBN-103101-U4BC1B-CC_01,HMBN-10001-01,8,NOT,NOT,A10001,1,,,,,0.247
CC_50_60,A10001-50-HMBN-103102-U4BC1B-CC_01,HMBN-10001-01,8,NOT,NOT,A10001,1,,,,,0.98475
CC_40_60,A10001-50-HMBN-103102-U4BC1B-CC_01,HMBN-10001-01,8,NOT,NOT,A10001,1,,,,,0.2795
CC_25_50,A10001-50-HMBN-103102-U4BC1B-CC_01,HMBN-10001-01,8,NOT,NOT,A10001,1,,,,,0.2015
CC_50_60,A10001-40-HMBN-103121-U4BC1B-CC_01,HMBN-10001-01,8,NOT,NOT,A10001,1,,,,,0.7995
CC_40_60,A10001-40-HMBN-103121-U4BC1B-CC_01,HMBN-10001-01,8,NOT,NOT,A10001,1,,,,,0.03
CC_40_60,A10001-40-HMBN-103121-U4BC1B-CC_01,HMBN-10001-01,8,NOT,NOT,A10001,1,,,,,0.767
CC_25_50,A10001-40-HMBN-103121-U4BC1B-CC_01,HMBN-10001-01,8,NOT,NOT,A10001,1,,,,,0.1275
CC_40_60,A10001-40-HMBN-103121-U4BC1B-CC_01,HMBN-10001-01,8,NOT,NOT,A10001,1,,,,,1.4475
CC_40_60,A10001-40-HMBN-103121-U4BC1B-CC_01,HMBN-10001-01,8,NOT,NOT,A10001,1,,,,,1.26
CC_40_60,A10001-40-HMBN-103121-U4BC1B-CC_01,HMBN-10001-01,8,NOT,NOT,A10001,1,,,,,0.8255
CC_25_50,A10001-40-HMBN-103121-U4BC1B-CC_01,HMBN-10001-01,8,NOT,NOT,A10001,1,,,,,0.12
CC_40_60,A10001-40-HMBN-103121-U4BC1B-CC_01,HMBN-10001-01,8,NOT,NOT,A10001,1,,,,,0.429
CC_25_50,A10001-40-HMBN-103121-U4BC1B-CC_01,HMBN-10001-01,8,NOT,NOT,A10001,1,,,,,0.572
CC_40_60,A10001-40-HMBN-103121-U4BC1B-CC_01,HMBN-10001-01,8,NOT,NOT,A10001,1,,,,,0.507
CC_25_50,A10001-40-HMBN-103121-U4BC1B-CC_01,HMBN-10001-01,8,NOT,NOT,A10001,1,,,,,0.2925
CC_40_60,A10001-40-HMBN-103121-U4BC1B-CC_01,HMBN-10001-01,8,NOT,NOT,A10001,1,,,,,0.2665
CC_25_50,A10001-40-HMBN-103121-U4BC1B-CC_01,HMBN-10001-01,8,NOT,NOT,A10001,1,,,,,0.4225
CC_40_60,A10001-40-HMBN-103121-U4BC1B-CC_01,HMBN-10001-01,8,NOT,NOT,A10001,1,,,,,0.9165
CC_40_60,A10001-40-HMBN-103121-U4BC1B-CC_01,HMBN-10001-01,8,NOT,NOT,A10001,1,,,,,0.442
CC_25_50,A10001-40-HMBN-103121-U4BC1B-CC_01,HMBN-10001-01,8,NOT,NOT,A10001,1,,,,,0.689
CC_40_60,A10001-40-HMBN-103121-U4BC1B-CC_01,HMBN-10001-01,8,NOT,NOT,A10001,1,,,,,1.1505
CC_40_60,A10001-40-HMBN-103121-U4BC1B-CC_01,HMBN-10001-01,8,NOT,NOT,A10001,1,,,,,0.6435
CC_25_50,A10001-40-HMBN-103121-U4BC1B-CC_01,HMBN-10001-01,8,NOT,NOT,A10001,1,,,,,0.4225
CC_25_50,A10001-40-HMBN-103121-U4BC1B-CC_02,HMBN-10001-01,8,NOT,NOT,A10001,1,,,,,0.299
CC_80_60,A10001-40-HMBN-103121-U4BC1B-CC_03,HMBN-10001-01,8,NOT,NOT,A10001,1,,,,,0.1275
CC_50_60,A10001-40-HMBN-103121-U4BC1B-CC_03,HMBN-10001-01,8,NOT,NOT,A10001,1,,,,,0.169
CC_25_50,A10001-40-HMBN-103121-U4BC1B-CC_03,HMBN-10001-01,8,NOT,NOT,A10001,1,,,,,0.364
CC_25_50,A10001-25-HMBN-103122-U4BC1B-CC_01,HMBN-10001-01,8,NOT,NOT,A10001,1,,,,,1.0335
CC_25_50,A10001-25-HMBN-103122-U4BC1B-CC_01,HMBN-10001-01,8,NOT,NOT,A10001,1,,,,,1.3575
CC_50_60,A10001-40-HMBN-103131-U4BC1B-CC_01,HMBN-10001-01,8,NOT,NOT,A10001,1,,,,,0.91325
CC_40_60,A10001-40-HMBN-103131-U4BC1B-CC_01,HMBN-10001-01,8,NOT,NOT,A10001,1,,,,,0.3705
CC_25_50,A10001-40-HMBN-103131-U4BC1B-CC_01,HMBN-10001-01,8,NOT,NOT,A10001,1,,,,,0.273
CCTN_80_60,A10001-20-HMBN-103154-U4BC1B-CCTN_01,HMBN-10001-01,42,YES,EHT-103154-TH,A10001,1,,,,,0.0525
CCTN_50_60,A10001-20-HMBN-103154-U4BC1B-CCTN_01,HMBN-10001-01,42,YES,EHT-103154-TH,A10001,1,,,,,0.234
CCTN_25_50,A10001-20-HMBN-103154-U4BC1B-CCTN_01,HMBN-10001-01,42,YES,EHT-103154-TH,A10001,1,,,,,0.104
CCTN_20_50,A10001-20-HMBN-103154-U4BC1B-CCTN_01,HMBN-10001-01,42,YES,EHT-103154-TH,A10001,1,,,,,0.3965
CCTN_20_50,A10001-20-HMBN-103154-U4BC1B-CCTN_01,HMBN-10001-01,42,YES,EHT-103154-TH,A10001,1,,,,,1.1115
CCTN_20_50,A10001-20-HMBN-103154-U4BC1B-CCTN_01,HMBN-10001-01,42,YES,EHT-103154-TH,A10001,1,,,,,0.22555
CC_50_60,A10001-50-HMBN-103502-U4BC1B-CC_01,HMBN-10001-02,10,NOT,NOT,A10001,1,,,,,1.3715
CC_50_60,A10001-50-HMBN-103502-U4BC1B-CC_01,HMBN-10001-02,10,NOT,NOT,A10001,1,,,,,0.728
CC_50_60,A10001-50-HMBN-103502-U4BC1B-CC_01,HMBN-10001-02,10,NOT,NOT,A10001,1,,,,,0.73125
CC_40_60,A10001-50-HMBN-103502-U4BC1B-CC_01,HMBN-10001-02,10,NOT,NOT,A10001,1,,,,,0.1365
CC_25_50,A10001-50-HMBN-103502-U4BC1B-CC_01,HMBN-10001-02,10,NOT,NOT,A10001,1,,,,,0.312
CC_50_60,A10001-50-HMBN-103503-U4BC1B-CC_01,HMBN-10001-02,10,NOT,NOT,A10001,1,,,,,0.91975
CC_40_60,A10001-50-HMBN-103503-U4BC1B-CC_01,HMBN-10001-02,10,NOT,NOT,A10001,1,,,,,0.143
CC_25_50,A10001-50-HMBN-103503-U4BC1B-CC_01,HMBN-10001-02,10,NOT,NOT,A10001,1,,,,,0.2535
CC_50_60,A10001-50-HMBN-103521-U4BC1B-CC_01,HMBN-10001-02,10,NOT,NOT,A10001,1,,,,,0.58125
CC_25_50,A10001-50-HMBN-103521-U4BC1B-CC_01,HMBN-10001-02,10,NOT,NOT,A10001,1,,,,,0.104
CC_50_60,A10001-50-HMBN-103521-U4BC1B-CC_01,HMBN-10001-02,10,NOT,NOT,A10001,1,,,,,0.4875
CC_25_50,A10001-50-HMBN-103521-U4BC1B-CC_01,HMBN-10001-02,10,NOT,NOT,A10001,1,,,,,0.3315
CC_50_60,A10001-50-HMBN-103521-U4BC1B-CC_01,HMBN-10001-02,10,NOT,NOT,A10001,1,,,,,0.7865
CC_50_60,A10001-50-HMBN-103521-U4BC1B-CC_01,HMBN-10001-02,10,NOT,NOT,A10001,1,,,,,1.8
CC_50_60,A10001-50-HMBN-103521-U4BC1B-CC_01,HMBN-10001-02,10,NOT,NOT,A10001,1,,,,,0.73125
CC_25_50,A10001-50-HMBN-103521-U4BC1B-CC_01,HMBN-10001-02,10,NOT,NOT,A10001,1,,,,,0.351
CC_50_60,A10001-50-HMBN-103521-U4BC1B-CC_01,HMBN-10001-02,10,NOT,NOT,A10001,1,,,,,0.702
CC_25_50,A10001-50-HMBN-103521-U4BC1B-CC_01,HMBN-10001-02,10,NOT,NOT,A10001,1,,,,,0.3445
CC_50_60,A10001-50-HMBN-103521-U4BC1B-CC_01,HMBN-10001-02,10,NOT,NOT,A10001,1,,,,,0.9225
CC_50_60,A10001-50-HMBN-103521-U4BC1B-CC_01,HMBN-10001-02,10,NOT,NOT,A10001,1,,,,,0.312
CC_25_50,A10001-50-HMBN-103521-U4BC1B-CC_01,HMBN-10001-02,10,NOT,NOT,A10001,1,,,,,0.338
CC_50_60,A10001-50-HMBN-103521-U4BC1B-CC_01,HMBN-10001-02,10,NOT,NOT,A10001,1,,,,,0.7345
CC_25_50,A10001-50-HMBN-103521-U4BC1B-CC_01,HMBN-10001-02,10,NOT,NOT,A10001,1,,,,,0.338
CC_50_60,A10001-50-HMBN-103521-U4BC1B-CC_01,HMBN-10001-02,10,NOT,NOT,A10001,1,,,,,0.69875
CC_25_50,A10001-50-HMBN-103521-U4BC1B-CC_01,HMBN-10001-02,10,NOT,NOT,A10001,1,,,,,0.1105
CC_25_50,A10001-50-HMBN-103521-U4BC1B-CC_02,HMBN-10001-02,10,NOT,NOT,A10001,1,,,,,0.6435
CC_50_60,A10001-50-HMBN-103521-U4BC1B-CC_03,HMBN-10001-02,10,NOT,NOT,A10001,1,,,,,0.234
CC_25_50,A10001-50-HMBN-103521-U4BC1B-CC_03,HMBN-10001-02,10,NOT,NOT,A10001,1,,,,,0.455
CC_25_50,A10001-50-HMBN-103521-U4BC1B-CC_03,HMBN-10001-02,10,NOT,NOT,A10001,1,,,,,0.728
CC_25_50,A10001-25-HMBN-103522-U4BC1B-CC_01,HMBN-10001-02,10,NOT,NOT,A10001,1,,,,,0.3445
CC_50_60,A10001-50-HMBN-103531-U4BC1B-CC_01,HMBN-10001-02,10,NOT,NOT,A10001,1,,,,,0.93275
CC_50_60,A10001-50-HMBN-103531-U4BC1B-CC_01,HMBN-10001-02,10,NOT,NOT,A10001,1,,,,,0.3705
CC_25_50,A10001-50-HMBN-103531-U4BC1B-CC_01,HMBN-10001-02,10,NOT,NOT,A10001,1,,,,,0.3315
CC_50_50,A10001-50-INC-101161-U4BC1B-CC_01,CHMB-10001-01,34,NOT,NOT,A10001,1,,,,,1.2935
CC_80_60,A10001-50-INC-101161-U4BC1B-CC_01,CHMB-10001-01,34,NOT,NOT,A10001,1,,,,,0.1275
CC_50_50,A10001-50-INC-101161-U4BC1B-CC_01,CHMB-10001-01,34,NOT,NOT,A10001,1,,,,,0.60775
CC_40_50,A10001-50-INC-101161-U4BC1B-CC_01,CHMB-10001-01,34,NOT,NOT,A10001,1,,,,,0.4485
CC_40_50,A10001-50-INC-101161-U4BC1B-CC_01,CHMB-10001-01,34,NOT,NOT,A10001,1,,,,,0.442
CC_50_50,A10001-50-INC-101161-U4BC1B-CC_01,CHMB-10001-01,34,NOT,NOT,A10001,1,,,,,0.46475
CC_40_50,A10001-50-INC-101161-U4BC1B-CC_01,CHMB-10001-01,34,NOT,NOT,A10001,1,,,,,0.4095
CC_50_50,A10001-50-INC-101161-U4BC1B-CC_01,CHMB-10001-01,34,NOT,NOT,A10001,1,,,,,1.13425
CC_40_50,A10001-50-INC-101161-U4BC1B-CC_01,CHMB-10001-01,34,NOT,NOT,A10001,1,,,,,0.1105
CC_40_50,A10001-50-INC-101161-U4BC1B-CC_01,CHMB-10001-01,34,NOT,NOT,A10001,1,,,,,0.4355
CC_25_50,A10001-50-INC-101161-U4BC1B-CC_01,CHMB-10001-01,34,NOT,NOT,A10001,1,,,,,0.5005
CC_50_50,A10001-50-INC-101162-U4BC1B-CC_01,CHMB-10001-01,34,NOT,NOT,A10001,1,,,,,0.91
CC_80_60,A10001-50-INC-101261-U4BC1B-CC_01,CHMB-10001-02,34,NOT,NOT,A10001,1,,,,,0.02625
CC_50_50,A10001-50-INC-101261-U4BC1B-CC_01,CHMB-10001-02,34,NOT,NOT,A10001,1,,,,,1.4625
CC_80_60,A10001-50-INC-101261-U4BC1B-CC_01,CHMB-10001-02,34,NOT,NOT,A10001,1,,,,,0.21775
CC_50_50,A10001-50-INC-101261-U4BC1B-CC_01,CHMB-10001-02,34,NOT,NOT,A10001,1,,,,,0.24375
CC_40_50,A10001-50-INC-101261-U4BC1B-CC_01,CHMB-10001-02,34,NOT,NOT,A10001,1,,,,,0.4485
CC_40_50,A10001-50-INC-101261-U4BC1B-CC_01,CHMB-10001-02,34,NOT,NOT,A10001,1,,,,,0.6175
CC_40_50,A10001-50-INC-101261-U4BC1B-CC_01,CHMB-10001-02,34,NOT,NOT,A10001,1,,,,,0.4745
CC_25_50,A10001-50-INC-101261-U4BC1B-CC_01,CHMB-10001-02,34,NOT,NOT,A10001,1,,,,,0.338
CC_50_50,A10001-50-INC-101262-U4BC1B-CC_01,CHMB-10001-02,34,NOT,NOT,A10001,1,,,,,0.9165
PP_50_30,A10001-50-INC-101305-U4BC1B-PP_01,CHMB-10001-04,34,NOT,NOT,A10001,1,,,,,0.2587
PP_50_30,A10001-50-INC-101305-U4BC1B-PP_01,CHMB-10001-04,34,NOT,NOT,A10001,1,,,,,0.845
PP_50_30,A10001-50-INC-101305-U4BC1B-PP_01,CHMB-10001-04,34,NOT,NOT,A10001,1,,,,,0.468
PP_20_30,A10001-50-INC-101305-U4BC1B-PP_01,CHMB-10001-04,34,NOT,NOT,A10001,1,,,,,0.03
PP_50_30,A10001-50-INC-101305-U4BC1B-PP_01,CHMB-10001-04,34,NOT,NOT,A10001,1,,,,,0.10575
PP_80_30,A10001-50-INC-101305-U4BC1B-PP_01,CHMB-10001-04,34,NOT,NOT,A10001,1,,,,,0.570525
PP_25_30,A10001-25-INC-101306-U4BC1B-PP_01,CHMB-10001-04,34,NOT,NOT,A10001,1,,,,,0.585
PP_50_30,A10001-50-INC-10194-U4BC1B-PP_01,INC-10001-01,34,NOT,NOT,A10001,1,,,,,0.159575
PP_50_30,A10001-50-INC-10194-U4BC1B-PP_01,INC-10001-01,34,NOT,NOT,A10001,1,,,,,0.159575
PP_150_30,A10001-50-INC-10194-U4BC1B-PP_01,INC-10001-01,34,NOT,NOT,A10001,1,,,,,0.6825
PP_150_30,A10001-50-INC-10194-U4BC1B-PP_01,INC-10001-01,34,NOT,NOT,A10001,1,,,,,0.20145
PP_150_30,A10001-50-INC-10194-U4BC1B-PP_01,INC-10001-01,34,NOT,NOT,A10001,1,,,,,0.17895
CC_150_80,A10001-100-INC-102251-U4BC1B-CC_01,INC-10001-04,33,NOT,NOT,A10001,1,,,,,0.0675
CC_100_60,A10001-100-INC-102251-U4BC1B-CC_01,INC-10001-04,33,NOT,NOT,A10001,1,,,,,0.5525
CC_50_50,A10001-100-INC-102251-U4BC1B-CC_01,INC-10001-04,33,NOT,NOT,A10001,1,,,,,0.143
CC_100_60,A10001-100-INC-102251-U4BC1B-CC_01,INC-10001-04,33,NOT,NOT,A10001,1,,,,,0.754
CC_50_50,A10001-100-INC-102251-U4BC1B-CC_01,INC-10001-04,33,NOT,NOT,A10001,1,,,,,0.468
PP_100_30,A10001-100-INC-102303-U4BC1B-PP_01,INC-10001-01,34,NOT,NOT,A10001,1,,,,,0.2325
PP_40_30,A10001-100-INC-102303-U4BC1B-PP_01,INC-10001-01,34,NOT,NOT,A10001,1,,,,,0.8125
PP_40_30,A10001-100-INC-102303-U4BC1B-PP_01,INC-10001-01,34,NOT,NOT,A10001,1,,,,,0.39
PP_40_30,A10001-100-INC-102303-U4BC1B-PP_01,INC-10001-01,34,NOT,NOT,A10001,1,,,,,0.0135
PP_100_30,A10001-100-INC-102303-U4BC1B-PP_01,INC-10001-01,34,NOT,NOT,A10001,1,,,,,0.2661
PP_40_30,A10001-100-INC-102303-U4BC1B-PP_01,INC-10001-01,34,NOT,NOT,A10001,1,,,,,0.010875
PP_100_30,A10001-100-INC-102303-U4BC1B-PP_01,INC-10001-01,34,NOT,NOT,A10001,1,,,,,0.22245
PP_25_30,A10001-25-INC-102398-U4BC1B-PP_01,CIPA-10001-01,34,NOT,NOT,A10001,1,,,,,0.66846
PP_50_30,A10001-50-INC-103103-U4BC1B-PP_01,HMBN-10001-01,32,NOT,NOT,A10001,1,,,,,0.251745
PP_25_30,A10001-50-INC-103103-U4BC1B-PP_01,HMBN-10001-01,32,NOT,NOT,A10001,1,,,,,0.1326
PP_20_30,A10001-50-INC-103103-U4BC1B-PP_01,HMBN-10001-01,32,NOT,NOT,A10001,1,,,,,0.044025
PP_50_30,A10001-50-INC-103104-U4BC1B-PP_01,HMBN-10001-01,32,NOT,NOT,A10001,1,,,,,0.58875
PP_25_30,A10001-50-INC-103104-U4BC1B-PP_01,HMBN-10001-01,32,NOT,NOT,A10001,1,,,,,0.1625
PP_25_30,A10001-25-INC-103108-U4BC1B-PP_01,HMBN-10001-01,32,NOT,NOT,A10001,1,,,,,0.784615
PP_25_30,A10001-25-INC-103151-U4BC1B-PP_01,INC-10001-01,34,NOT,NOT,A10001,1,,,,,0.819
PP_25_30,A10001-25-INC-103151-U4BC1B-PP_01,INC-10001-01,34,NOT,NOT,A10001,1,,,,,0.845
PP_25_30,A10001-25-INC-103151-U4BC1B-PP_01,INC-10001-01,34,NOT,NOT,A10001,1,,,,,0.6175
PP_25_30,A10001-25-INC-103151-U4BC1B-PP_01,INC-10001-01,34,NOT,NOT,A10001,1,,,,,0.4641065
PP_25_30,A10001-25-INC-103603-U4BC1B-PP_01,INC-10001-01,34,NOT,NOT,A10001,1,,,,,0.2288
PP_25_30,A10001-25-INC-103603-U4BC1B-PP_01,INC-10001-01,34,NOT,NOT,A10001,1,,,,,1.0465
PP_25_30,A10001-25-INC-103603-U4BC1B-PP_01,INC-10001-01,34,NOT,NOT,A10001,1,,,,,0.5135
PP_25_30,A10001-25-INC-103603-U4BC1B-PP_01,INC-10001-01,34,NOT,NOT,A10001,1,,,,,0.065025
PP_25_30,A10001-25-INC-103703-U4BC1B-PP_01,HMBI-10001-02,34,NOT,NOT,A10001,1,,,,,1.053
PP_25_30,A10001-25-INC-103703-U4BC1B-PP_01,HMBI-10001-02,34,NOT,NOT,A10001,1,,,,,0.988
PP_25_30,A10001-50-INC-103907-U4BC1B-PP_01,HMBI-10001-04,31,NOT,NOT,A10001,1,,,,,0.195
PP_50_30,A10001-50-INC-103907-U4BC1B-PP_01,HMBI-10001-04,31,NOT,NOT,A10001,1,,,,,0.15615
PP_25_30,A10001-50-INC-103907-U4BC1B-PP_01,HMBI-10001-04,31,NOT,NOT,A10001,1,,,,,0.09
CC_250_80,A10001-250-INC-104154-U4BC1B-CC_01,HMBI-10001-03,22,NOT,NOT,A10001,1,1,1,,0.5,10.83912071
CC_50_50,A10001-250-INC-104154-U4BC1B-CC_01,HMBI-10001-03,22,NOT,NOT,A10001,1,1,1,,0.5,1.495238624
PP_25_30,A10003-25-INC-105205-U4BC1B-PP_01,RIPA-10003-02,97,NOT,NOT,A10003,1,,,,,0.847665
PP_25_30,A10003-25-INC-105205-U4BC1B-PP_01,RIPA-10003-02,97,NOT,NOT,A10003,1,,,,,0.5915
PP_25_30,A10003-25-INC-105205-U4BC1B-PP_01,RIPA-10003-02,97,NOT,NOT,A10003,1,,,,,0.169
PP_25_30,A10003-25-INC-105206-U4BC1B-PP_01,INC-10001-01,97,NOT,NOT,A10003,1,,,,,0.845
PP_25_30,A10003-25-INC-105209-U4BC1B-PP_01,RIPA-10003-02,98,NOT,NOT,A10003,1,,,,,0.447785
PP_25_30,A10003-25-INC-105209-U4BC1B-PP_01,RIPA-10003-02,98,NOT,NOT,A10003,1,,,,,0.169
PP_25_30,A10003-25-INC-105209-U4BC1B-PP_01,RIPA-10003-02,98,NOT,NOT,A10003,1,,,,,0.38233
PP_25_30,A10003-25-INC-105315-U4BC1B-PP_01,INC-10001-01,99,NOT,NOT,A10003,1,,,,,0.40339
PP_25_30,A10003-25-INC-105361-U4BC1B-PP_01,INC-10001-01,97,NOT,NOT,A10003,1,,,,,0.6695
PP_25_30,A10003-25-INC-105361-U4BC1B-PP_01,INC-10001-01,97,NOT,NOT,A10003,1,,,,,0.507
PP_25_30,A10003-25-INC-105361-U4BC1B-PP_01,INC-10001-01,97,NOT,NOT,A10003,1,,,,,0.41483
PP_40_30,A10003-40-INC-105403-U4BC1B-PP_01,RIPA-10003-01,96,NOT,NOT,A10003,1,,,,,0.5135
PP_40_30,A10003-40-INC-105403-U4BC1B-PP_01,RIPA-10003-01,96,NOT,NOT,A10003,1,,,,,0.03
PP_25_30,A10003-40-INC-105403-U4BC1B-PP_01,RIPA-10003-01,96,NOT,NOT,A10003,1,,,,,0.1755
PP_40_30,A10003-40-INC-105403-U4BC1B-PP_01,RIPA-10003-01,96,NOT,NOT,A10003,1,,,,,0.299
PP_40_30,A10003-25-INC-105404-U4BC1B-PP_01,RIPA-10003-01,96,NOT,NOT,A10003,1,,,,,0.0225
PP_25_30,A10003-25-INC-105404-U4BC1B-PP_01,RIPA-10003-01,96,NOT,NOT,A10003,1,,,,,0.4095
PP_25_30,A10003-25-INC-105404-U4BC1B-PP_01,RIPA-10003-01,96,NOT,NOT,A10003,1,,,,,0.169
PP_25_30,A10003-25-INC-105572-U4BC1B-PP_01,RIPA-10003-04,96,NOT,NOT,A10003,1,,,,,0.832
PP_25_30,A10003-25-INC-105572-U4BC1B-PP_01,RIPA-10003-04,96,NOT,NOT,A10003,1,,,,,0.4745
PP_20_30,A10003-20-INC-105603-U4BC1B-PP_01,RIPA-10003-03,96,NOT,NOT,A10003,1,,,,,0.455
PP_20_30,A10003-20-INC-105603-U4BC1B-PP_01,RIPA-10003-03,96,NOT,NOT,A10003,1,,,,,0.4095
PP_20_30,A10003-20-INC-105603-U4BC1B-PP_01,RIPA-10003-03,96,NOT,NOT,A10003,1,,,,,0.169
PP_20_30,A10003-20-INC-105603-U4BC1B-PP_01,RIPA-10003-03,96,NOT,NOT,A10003,1,,,,,0.927095
PP_25_30,A10003-25-INC-105604-U4BC1B-PP_01,INC-10001-01,96,NOT,NOT,A10003,1,,,,,0.151125
PP_20_30,A10003-25-INC-105604-U4BC1B-PP_01,INC-10001-01,96,NOT,NOT,A10003,1,,,,,0.1365
PP_150_30,A10001-150-INC-108103-U4BC1B-PP_01,INC-10001-02,37,NOT,NOT,A10001,1,,,,,0.20475
PP_150_30,A10001-150-INC-108103-U4BC1B-PP_01,INC-10001-02,37,NOT,NOT,A10001,1,,,,,1.0075
PP_150_30,A10001-150-INC-108106-U4BC1B-PP_01,INC-10001-01,34,NOT,NOT,A10001,1,,,,,0.3055
PP_50_30,A10001-150-INC-108106-U4BC1B-PP_01,INC-10001-01,34,NOT,NOT,A10001,1,,,,,0.403
PP_25_30,A10001-150-INC-108106-U4BC1B-PP_01,INC-10001-01,34,NOT,NOT,A10001,1,,,,,0.169
PP_150_30,A10001-150-INC-108106-U4BC1B-PP_01,INC-10001-01,34,NOT,NOT,A10001,1,,,,,0.2775
PP_50_30,A10001-150-INC-108106-U4BC1B-PP_01,INC-10001-01,34,NOT,NOT,A10001,1,,,,,0.286
PP_25_30,A10001-150-INC-108106-U4BC1B-PP_01,INC-10001-01,34,NOT,NOT,A10001,1,,,,,0.1105
PP_150_30,A10001-150-INC-108106-U4BC1B-PP_01,INC-10001-01,34,NOT,NOT,A10001,1,,,,,0.8515
PP_40_30,A10001-150-INC-108106-U4BC1B-PP_01,INC-10001-01,34,NOT,NOT,A10001,1,,,,,0.1105
PP_25_30,A10001-150-INC-108106-U4BC1B-PP_01,INC-10001-01,34,NOT,NOT,A10001,1,,,,,0.1105
PP_50_30,A10004-50-INC-108802-U4BC1B-PP_01,HOLD,160,NOT,NOT,A10004,1,,,,,0.27625
PP_40_30,A10004-50-INC-108802-U4BC1B-PP_01,HOLD,160,NOT,NOT,A10004,1,,,,,0.015
PP_25_30,A10004-50-INC-108802-U4BC1B-PP_01,HOLD,160,NOT,NOT,A10004,1,,,,,0.12
PP_25_30,A10004-50-INC-108802-U4BC1B-PP_01,HOLD,160,NOT,NOT,A10004,1,,,,,0.572
PP_40_30,A10004-50-INC-108802-U4BC1B-PP_01,HOLD,160,NOT,NOT,A10004,1,,,,,0.1755
PP_25_30,A10004-50-INC-108802-U4BC1B-PP_01,HOLD,160,NOT,NOT,A10004,1,,,,,0.1755
PP_40_30,A10004-50-INC-108802-U4BC1B-PP_01,HOLD,160,NOT,NOT,A10004,1,,,,,0.324805
CC_80_60,A10001-80-IPA-102304-U4BC1B-CC_01,CIPA-10001-01,38,NOT,NOT,A10001,1,,,,,0.3705
CC_50_50,A10001-80-IPA-102304-U4BC1B-CC_01,CIPA-10001-01,38,NOT,NOT,A10001,1,,,,,0.3575
CC_40_50,A10001-80-IPA-102304-U4BC1B-CC_01,CIPA-10001-01,38,NOT,NOT,A10001,1,,,,,0.169
CC_80_60,A10001-80-IPA-102304-U4BC1B-CC_01,CIPA-10001-01,38,NOT,NOT,A10001,1,,,,,0.7345
CC_50_50,A10001-80-IPA-102304-U4BC1B-CC_01,CIPA-10001-01,38,NOT,NOT,A10001,1,,,,,0.403
CC_25_50,A10001-80-IPA-102304-U4BC1B-CC_01,CIPA-10001-01,38,NOT,NOT,A10001,1,,,,,0.3315
CC_80_60,A10001-25-IPA-103951-U4BC1B-CC_01,HMBI-10001-02,30,NOT,NOT,A10001,1,,,,,0.31525
CC_50_50,A10001-25-IPA-103951-U4BC1B-CC_01,HMBI-10001-02,30,NOT,NOT,A10001,1,,,,,0.15275
CC_25_50,A10001-25-IPA-103951-U4BC1B-CC_01,HMBI-10001-02,30,NOT,NOT,A10001,1,,,,,0.2795
CC_15_50,A10001-25-IPA-103951-U4BC1B-CC_01,HMBI-10001-02,30,NOT,NOT,A10001,1,,,,,0.1755
CC_50_50,A10001-25-IPA-103951-U4BC1B-CC_01,HMBI-10001-02,30,NOT,NOT,A10001,1,,,,,0.21125
CC_25_50,A10001-25-IPA-103951-U4BC1B-CC_01,HMBI-10001-02,30,NOT,NOT,A10001,1,,,,,0.8125
CC_25_50,A10001-25-IPA-103951-U4BC1B-CC_01,HMBI-10001-02,30,NOT,NOT,A10001,1,,,,,1.2675
CC_80_60,A10001-25-IPA-103952-U4BC1B-CC_01,IPA-10001-01,29,NOT,NOT,A10001,1,,,,,0.01875
CC_50_50,A10001-25-IPA-103952-U4BC1B-CC_01,IPA-10001-01,29,NOT,NOT,A10001,1,,,,,0.01875
CC_25_50,A10001-25-IPA-103952-U4BC1B-CC_01,IPA-10001-01,29,NOT,NOT,A10001,1,,,,,1.157
CC_300_80,A10001-200-IPAV-101104-U4BC1B-CC_01,CHMB-10001-01,17,NOT,NOT,A10001,1,,,,,0.3835
CC_200_80,A10001-200-IPAV-101104-U4BC1B-CC_01,CHMB-10001-01,17,NOT,NOT,A10001,1,,,,,0.2025
CC_80_60,A10001-200-IPAV-101104-U4BC1B-CC_01,CHMB-10001-01,17,NOT,NOT,A10001,1,,,,,0.2325
CC_200_80,A10001-200-IPAV-101104-U4BC1B-CC_01,CHMB-10001-01,17,NOT,NOT,A10001,1,,,,,0.2795
CC_50_50,A10001-200-IPAV-101104-U4BC1B-CC_01,CHMB-10001-01,17,NOT,NOT,A10001,1,,,,,0.208
CC_200_80,A10001-200-IPAV-101104-U4BC1B-CC_01,CHMB-10001-01,17,NOT,NOT,A10001,1,,,,,0.9225
CC_200_80,A10001-200-IPAV-101104-U4BC1B-CC_01,CHMB-10001-01,17,NOT,NOT,A10001,1,,,,,1.065
CC_200_80,A10001-200-IPAV-101104-U4BC1B-CC_01,CHMB-10001-01,17,NOT,NOT,A10001,1,,,,,1.261
CC_50_50,A10001-200-IPAV-101104-U4BC1B-CC_01,CHMB-10001-01,17,NOT,NOT,A10001,1,,,,,0.403
CC_250_80,A10001-250-IPAV-101105-U4BC1B-CC_01,CHMB-10001-01,17,NOT,NOT,A10001,1,,,,,0.24
CC_150_80,A10001-250-IPAV-101105-U4BC1B-CC_01,CHMB-10001-01,17,NOT,NOT,A10001,1,,,,,0.0225
CC_100_60,A10001-250-IPAV-101105-U4BC1B-CC_01,CHMB-10001-01,17,NOT,NOT,A10001,1,,,,,0.2275
CC_40_50,A10001-40-IPAV-101108-U4BC1B-CC_01,CHMB-10001-01,17,NOT,NOT,A10001,1,,,,,0.4225
CC_25_50,A10001-40-IPAV-101108-U4BC1B-CC_01,CHMB-10001-01,17,NOT,NOT,A10001,1,,,,,0.169
CC_40_50,A10001-40-IPAV-101108-U4BC1B-CC_01,CHMB-10001-01,17,NOT,NOT,A10001,1,,,,,0.689
CC_300_80,A10001-200-IPAV-101204-U4BC1B-CC_01,CHMB-10001-02,18,NOT,NOT,A10001,1,,,,,0.3835
CC_200_80,A10001-200-IPAV-101204-U4BC1B-CC_01,CHMB-10001-02,18,NOT,NOT,A10001,1,,,,,0.2025
CC_80_60,A10001-200-IPAV-101204-U4BC1B-CC_01,CHMB-10001-02,18,NOT,NOT,A10001,1,,,,,0.338
CC_200_80,A10001-200-IPAV-101204-U4BC1B-CC_01,CHMB-10001-02,18,NOT,NOT,A10001,1,,,,,0.2795
CC_50_50,A10001-200-IPAV-101204-U4BC1B-CC_01,CHMB-10001-02,18,NOT,NOT,A10001,1,,,,,0.208
CC_200_80,A10001-200-IPAV-101204-U4BC1B-CC_01,CHMB-10001-02,18,NOT,NOT,A10001,1,,,,,1.0575
CC_200_80,A10001-200-IPAV-101204-U4BC1B-CC_01,CHMB-10001-02,18,NOT,NOT,A10001,1,,,,,0.705
CC_200_80,A10001-200-IPAV-101204-U4BC1B-CC_01,CHMB-10001-02,18,NOT,NOT,A10001,1,,,,,1.2935
CC_50_50,A10001-200-IPAV-101204-U4BC1B-CC_01,CHMB-10001-02,18,NOT,NOT,A10001,1,,,,,0.403
CC_250_80,A10001-250-IPAV-101206-U4BC1B-NC_01,CHMB-10001-02,18,NOT,NOT,A10001,1,,,,,0.24
CC_150_80,A10001-250-IPAV-101206-U4BC1B-NC_01,CHMB-10001-02,18,NOT,NOT,A10001,1,,,,,0.0225
CC_100_60,A10001-250-IPAV-101206-U4BC1B-NC_01,CHMB-10001-02,18,NOT,NOT,A10001,1,,,,,0.2275
CC_40_50,A10001-40-IPAV-101208-U4BC1B-CC_01,CHMB-10001-02,18,NOT,NOT,A10001,1,,,,,0.7215
CC_40_50,A10001-40-IPAV-101208-U4BC1B-CC_01,CHMB-10001-02,18,NOT,NOT,A10001,1,,,,,0.3055
CC_25_50,A10001-40-IPAV-101208-U4BC1B-CC_01,CHMB-10001-02,18,NOT,NOT,A10001,1,,,,,0.169
CC_100_60,A10001-100-RHO-101182-U4CC1E-CC_01,HMBI-10005-01,52,NOT,NOT,A10001,1,,,,,0.7865
CC_25_50,A10001-100-RHO-101182-U4CC1E-CC_01,HMBI-10005-01,52,NOT,NOT,A10001,1,,,,,0.3315
CC_100_60,A10001-100-RHO-101182-U4CC1E-CC_01,HMBI-10005-01,52,NOT,NOT,A10001,1,,,,,1.0205
CC_100_60,A10001-100-RHO-106194-U4CC1E-CC_01,HMBI-10005-01,52,NOT,NOT,A10001,1,,,,,0.8385
CC_25_50,A10001-100-RHO-106194-U4CC1E-CC_01,HMBI-10005-01,52,NOT,NOT,A10001,1,,,,,0.3315
CC_100_60,A10001-100-RHO-106194-U4CC1E-CC_01,HMBI-10005-01,52,NOT,NOT,A10001,1,,,,,0.923
CC_100_80,A10001-80-RHO-66522-U4CC1E-CC_01,AT97-A6001-01,52,NOT,NOT,A10001,1,,,,,0.949
CC_80_60,A10001-80-RHO-66522-U4CC1E-CC_01,AT97-A6001-01,52,NOT,NOT,A10001,1,,,,,0.182
CC_40_60,A10001-80-RHO-66522-U4CC1E-CC_01,AT97-A6001-01,52,NOT,NOT,A10001,1,,,,,0.26
CC_80_60,A10001-80-RHO-66522-U4CC1E-CC_01,AT97-A6001-01,52,NOT,NOT,A10001,1,,,,,0.52975
CC_40_60,A10001-80-RHO-66522-U4CC1E-CC_01,AT97-A6001-01,52,NOT,NOT,A10001,1,,,,,0.1625
CC_25_50,A10001-80-RHO-66522-U4CC1E-CC_01,AT97-A6001-01,52,NOT,NOT,A10001,1,,,,,0.3315
CC_40_50,A10003-40-RIPA-105201-U4BC1B-CC_01,RIPA-10003-02,103,NOT,NOT,A10003,1,,,,,1.1765
CC_40_50,A10003-40-RIPA-105201-U4BC1B-CC_01,RIPA-10003-02,103,NOT,NOT,A10003,1,,,,,0.6825
CC_40_50,A10003-40-RIPA-105201-U4BC1B-CC_01,RIPA-10003-02,103,NOT,NOT,A10003,1,,,,,0.234
CC_25_50,A10003-40-RIPA-105201-U4BC1B-CC_01,RIPA-10003-02,103,NOT,NOT,A10003,1,,,,,0.169
CC_40_50,A10003-40-RIPA-105201-U4BC1B-CC_01,RIPA-10003-02,103,NOT,NOT,A10003,1,,,,,0.3965
CC_25_50,A10003-40-RIPA-105201-U4BC1B-CC_01,RIPA-10003-02,103,NOT,NOT,A10003,1,,,,,0.169
CC_50_50,A10003-40-RIPA-105201-U4BC1B-CC_01,RIPA-10003-02,103,NOT,NOT,A10003,1,,,,,0.1125
CC_40_50,A10003-40-RIPA-105201-U4BC1B-CC_01,RIPA-10003-02,103,NOT,NOT,A10003,1,,,,,0.2925
CC_50_50,A10003-40-RIPA-105201-U4BC1B-CC_01,RIPA-10003-02,103,NOT,NOT,A10003,1,,,,,0.2015
CC_40_50,A10003-40-RIPA-105202-U4BC1B-CC_01,RIPA-10003-02,103,NOT,NOT,A10003,1,,,,,0.3315
CC_25_50,A10003-40-RIPA-105202-U4BC1B-CC_01,RIPA-10003-02,103,NOT,NOT,A10003,1,,,,,0.169
CC_50_50,A10003-40-RIPA-105202-U4BC1B-CC_01,RIPA-10003-02,103,NOT,NOT,A10003,1,,,,,0.1125
CC_40_50,A10003-40-RIPA-105202-U4BC1B-CC_01,RIPA-10003-02,103,NOT,NOT,A10003,1,,,,,0.2925
CC_50_50,A10003-40-RIPA-105202-U4BC1B-CC_01,RIPA-10003-02,103,NOT,NOT,A10003,1,,,,,0.2015
CC_100_60,A10003-100-RIPA-105203-U4BC1B-CC_01,RIPA-10003-02,84,NOT,NOT,A10003,1,,,,,0.65
CC_40_50,A10003-100-RIPA-105203-U4BC1B-CC_01,RIPA-10003-02,84,NOT,NOT,A10003,1,,,,,0.325
CC_100_60,A10003-100-RIPA-105203-U4BC1B-CC_01,RIPA-10003-02,84,NOT,NOT,A10003,1,,,,,1.2155
CC_100_60,A10003-100-RIPA-105203-U4BC1B-CC_01,RIPA-10003-02,84,NOT,NOT,A10003,1,,,,,0.52
CC_25_50,A10003-100-RIPA-105203-U4BC1B-CC_01,RIPA-10003-02,84,NOT,NOT,A10003,1,,,,,0.169
CC_100_60,A10003-100-RIPA-105203-U4BC1B-CC_01,RIPA-10003-02,84,NOT,NOT,A10003,1,,,,,0.312
CC_50_50,A10003-100-RIPA-105203-U4BC1B-CC_01,RIPA-10003-02,84,NOT,NOT,A10003,1,,,,,0.2015
CC_100_60,A10003-100-RIPA-105203-U4BC1B-CC_01,RIPA-10003-02,84,NOT,NOT,A10003,1,,,,,0.0375
CC_50_50,A10003-100-RIPA-105203-U4BC1B-CC_01,RIPA-10003-02,84,NOT,NOT,A10003,1,,,,,0.169
CC_100_60,A10003-100-RIPA-105204-U4BC1B-CC_01,RIPA-10003-02,84,NOT,NOT,A10003,1,,,,,0.247
CC_100_60,A10003-100-RIPA-105204-U4BC1B-CC_01,RIPA-10003-02,84,NOT,NOT,A10003,1,,,,,0.377
CC_25_50,A10003-100-RIPA-105204-U4BC1B-CC_01,RIPA-10003-02,84,NOT,NOT,A10003,1,,,,,0.169
CC_100_60,A10003-100-RIPA-105204-U4BC1B-CC_01,RIPA-10003-02,84,NOT,NOT,A10003,1,,,,,0.0975
CC_50_50,A10003-100-RIPA-105204-U4BC1B-CC_01,RIPA-10003-02,84,NOT,NOT,A10003,1,,,,,0.2145
CC_100_60,A10003-100-RIPA-105204-U4BC1B-CC_01,RIPA-10003-02,84,NOT,NOT,A10003,1,,,,,0.0225
CC_50_50,A10003-100-RIPA-105204-U4BC1B-CC_01,RIPA-10003-02,84,NOT,NOT,A10003,1,,,,,0.169
CC_50_50,A10003-50-RIPA-105207-U4BC1B-CC_01,RIPA-10003-02,105,NOT,NOT,A10003,1,,,,,1.38125
CC_25_50,A10003-50-RIPA-105207-U4BC1B-CC_01,RIPA-10003-02,105,NOT,NOT,A10003,1,,,,,0.1105
CC_80_60,A10003-80-RIPA-105221-U4BC1B-CC_01,RIPA-10003-02,84,NOT,NOT,A10003,1,,,,,0.62725
CC_50_50,A10003-80-RIPA-105221-U4BC1B-CC_01,RIPA-10003-02,84,NOT,NOT,A10003,1,,,,,0.481
CC_80_60,A10003-80-RIPA-105221-U4BC1B-CC_01,RIPA-10003-02,84,NOT,NOT,A10003,1,,,,,0.351
CC_25_50,A10003-80-RIPA-105221-U4BC1B-CC_01,RIPA-10003-02,84,NOT,NOT,A10003,1,,,,,0.325
CC_80_60,A10003-80-RIPA-105221-U4BC1B-CC_01,RIPA-10003-02,84,NOT,NOT,A10003,1,,,,,1.515
CC_80_60,A10003-80-RIPA-105221-U4BC1B-CC_01,RIPA-10003-02,84,NOT,NOT,A10003,1,,,,,0.4875
CC_80_60,A10003-80-RIPA-105221-U4BC1B-CC_01,RIPA-10003-02,84,NOT,NOT,A10003,1,,,,,0.3185
CC_80_60,A10003-80-RIPA-105221-U4BC1B-CC_01,RIPA-10003-02,84,NOT,NOT,A10003,1,,,,,0.3965
CC_80_60,A10003-80-RIPA-105221-U4BC1B-CC_01,RIPA-10003-02,84,NOT,NOT,A10003,1,,,,,0.2625
CC_50_50,A10003-80-RIPA-105221-U4BC1B-CC_01,RIPA-10003-02,84,NOT,NOT,A10003,1,,,,,0.208
CC_25_50,A10003-80-RIPA-105221-U4BC1B-CC_01,RIPA-10003-02,84,NOT,NOT,A10003,1,,,,,0.169
CC_80_60,A10003-80-RIPA-105221-U4BC1B-CC_01,RIPA-10003-02,84,NOT,NOT,A10003,1,,,,,0.01875
CC_50_50,A10003-80-RIPA-105221-U4BC1B-CC_01,RIPA-10003-02,84,NOT,NOT,A10003,1,,,,,0.23725
CC_40_50,A10003-80-RIPA-105221-U4BC1B-CC_01,RIPA-10003-02,84,NOT,NOT,A10003,1,,,,,0.2665
CC_40_50,A10003-80-RIPA-105221-U4BC1B-CC_01,RIPA-10003-02,84,NOT,NOT,A10003,1,,,,,0.015
CC_25_50,A10003-80-RIPA-105221-U4BC1B-CC_01,RIPA-10003-02,84,NOT,NOT,A10003,1,,,,,0.169
CC_80_60,A10003-80-RIPA-105221-U4BC1B-CC_01,RIPA-10003-02,84,NOT,NOT,A10003,1,,,,,0.64675
CC_40_50,A10003-80-RIPA-105221-U4BC1B-CC_01,RIPA-10003-02,84,NOT,NOT,A10003,1,,,,,0.015
CC_80_60,A10003-80-RIPA-105221-U4BC1B-CC_02,RIPA-10003-02,84,NOT,NOT,A10003,1,,,,,1.08
CC_80_60,A10003-80-RIPA-105221-U4BC1B-CC_02,RIPA-10003-02,84,NOT,NOT,A10003,1,,,,,0.39
CC_80_60,A10003-80-RIPA-105221-U4BC1B-CC_02,RIPA-10003-02,84,NOT,NOT,A10003,1,,,,,0.598
CC_80_60,PR19-80-RIPA-105221-U4BC1B-CC_01,RIPA-10003-02,84,NOT,NOT,PR19,1,,,,,1.05
CC_40_50,A10003-40-RIPA-105222-U4BC1B-CC_01,RIPA-10003-02,84,NOT,NOT,A10003,1,,,,,1.5795
CC_80_60,A10003-80-RIPA-105231-U4BC1B-CC_01,RIPA-10003-02,84,NOT,NOT,A10003,1,,,,,0.43225
CC_50_50,A10003-80-RIPA-105231-U4BC1B-CC_01,RIPA-10003-02,84,NOT,NOT,A10003,1,,,,,0.4875
CC_80_60,A10003-80-RIPA-105231-U4BC1B-CC_01,RIPA-10003-02,84,NOT,NOT,A10003,1,,,,,0.546
CC_25_50,A10003-80-RIPA-105231-U4BC1B-CC_01,RIPA-10003-02,84,NOT,NOT,A10003,1,,,,,0.325
CC_40_50,A10003-40-RIPA-105261-U4BC1B-CC_01,RIPA-10003-02,103,NOT,NOT,A10003,1,,,,,0.5265
CC_25_50,A10003-40-RIPA-105261-U4BC1B-CC_01,RIPA-10003-02,103,NOT,NOT,A10003,1,,,,,0.104
CC_50_50,A10003-40-RIPA-105261-U4BC1B-CC_01,RIPA-10003-02,103,NOT,NOT,A10003,1,,,,,0.49075
CC_40_50,A10003-40-RIPA-105261-U4BC1B-CC_01,RIPA-10003-02,103,NOT,NOT,A10003,1,,,,,0.0075
CC_40_50,A10003-40-RIPA-105261-U4BC1B-CC_01,RIPA-10003-02,103,NOT,NOT,A10003,1,,,,,0.312
CC_25_50,A10003-40-RIPA-105261-U4BC1B-CC_01,RIPA-10003-02,103,NOT,NOT,A10003,1,,,,,0.26
CC_40_50,A10003-40-RIPA-105261-U4BC1B-CC_01,RIPA-10003-02,103,NOT,NOT,A10003,1,,,,,1.215
CC_15_50,A10003-40-RIPA-105261-U4BC1B-CC_01,RIPA-10003-02,103,NOT,NOT,A10003,1,,,,,0.1755
CC_40_50,A10003-40-RIPA-105261-U4BC1B-CC_01,RIPA-10003-02,103,NOT,NOT,A10003,1,,,,,0.728
CC_20_50,A10003-40-RIPA-105261-U4BC1B-CC_01,RIPA-10003-02,103,NOT,NOT,A10003,1,,,,,0.1105
CC_40_50,A10003-40-RIPA-105261-U4BC1B-CC_01,RIPA-10003-02,103,NOT,NOT,A10003,1,,,,,0.12
CC_25_50,A10003-40-RIPA-105261-U4BC1B-CC_01,RIPA-10003-02,103,NOT,NOT,A10003,1,,,,,0.247
CC_40_50,A10003-40-RIPA-105261-U4BC1B-CC_01,RIPA-10003-02,103,NOT,NOT,A10003,1,,,,,0.3705
CC_40_50,A10003-40-RIPA-105261-U4BC1B-CC_01,RIPA-10003-02,103,NOT,NOT,A10003,1,,,,,0.2795
CC_25_50,A10003-40-RIPA-105261-U4BC1B-CC_01,RIPA-10003-02,103,NOT,NOT,A10003,1,,,,,0.169
CC_25_50,A10003-40-RIPA-105261-U4BC1B-CC_01,RIPA-10003-02,103,NOT,NOT,A10003,1,,,,,0.0825
CC_15_50,A10003-40-RIPA-105261-U4BC1B-CC_01,RIPA-10003-02,103,NOT,NOT,A10003,1,,,,,0.1755
CC_40_50,A10003-40-RIPA-105261-U4BC1B-CC_01,RIPA-10003-02,103,NOT,NOT,A10003,1,,,,,0.0975
CC_25_50,A10003-40-RIPA-105261-U4BC1B-CC_01,RIPA-10003-02,103,NOT,NOT,A10003,1,,,,,0.1885
CC_40_50,A10003-40-RIPA-105261-U4BC1B-CC_01,RIPA-10003-02,103,NOT,NOT,A10003,1,,,,,0.0225
CC_25_50,A10003-40-RIPA-105261-U4BC1B-CC_01,RIPA-10003-02,103,NOT,NOT,A10003,1,,,,,0.169
CC_40_50,A10003-40-RIPA-105261-U4BC1B-CC_01,RIPA-10003-02,103,NOT,NOT,A10003,1,,,,,0.26
CC_40_50,A10003-40-RIPA-105261-U4BC1B-CC_01,RIPA-10003-02,103,NOT,NOT,A10003,1,,,,,0.975
CC_40_50,A10003-40-RIPA-105261-U4BC1B-CC_01,RIPA-10003-02,103,NOT,NOT,A10003,1,,,,,1.014
CC_40_50,A10003-40-RIPA-105261-U4BC1B-CC_01,RIPA-10003-02,103,NOT,NOT,A10003,1,,,,,0.2535
CC_40_50,A10003-40-RIPA-105261-U4BC1B-CC_01,RIPA-10003-02,103,NOT,NOT,A10003,1,,,,,0.6305
CC_40_50,A10003-40-RIPA-105261-U4BC1B-CC_01,RIPA-10003-02,103,NOT,NOT,A10003,1,,,,,1.35
CC_20_50,A10003-20-RIPA-105262-U4BC1B-CC_01,RIPA-10003-02,103,NOT,NOT,A10003,1,,,,,0.1885
CC_20_50,A10003-20-RIPA-105262-U4BC1B-CC_01,RIPA-10003-02,103,NOT,NOT,A10003,1,,,,,0.663
CC_20_50,A10003-20-RIPA-105262-U4BC1B-CC_01,RIPA-10003-02,103,NOT,NOT,A10003,1,,,,,0.5265
CC_20_50,A10003-20-RIPA-105262-U4BC1B-CC_01,RIPA-10003-02,103,NOT,NOT,A10003,1,,,,,0.702
CC_40_50,A10003-40-RIPA-105271-U4BC1B-CC_01,RIPA-10003-02,103,NOT,NOT,A10003,1,,,,,0.6305
CC_50_50,A10003-40-RIPA-105271-U4BC1B-CC_01,RIPA-10003-02,103,NOT,NOT,A10003,1,,,,,0.49075
CC_40_50,A10003-40-RIPA-105271-U4BC1B-CC_01,RIPA-10003-02,103,NOT,NOT,A10003,1,,,,,0.0075
CC_40_50,A10003-40-RIPA-105271-U4BC1B-CC_01,RIPA-10003-02,103,NOT,NOT,A10003,1,,,,,0.247
CC_25_50,A10003-40-RIPA-105271-U4BC1B-CC_01,RIPA-10003-02,103,NOT,NOT,A10003,1,,,,,0.2535
CC_250_80,A10003-250-RIPA-105301-U4BC1B-CC_01,RIPA-10003-05,94,NOT,NOT,A10003,1,0.5,0.5,1,,12.32165138
CC_200_80,A10003-200-RIPA-105302-U4BC1B-CC_01,RIPA-10003-05,91,NOT,NOT,A10003,1,,,,,1.534
CC_200_80,A10003-200-RIPA-105302-U4BC1B-CC_01,RIPA-10003-05,91,NOT,NOT,A10003,1,,,,,0.4485
CC_25_50,A10003-200-RIPA-105302-U4BC1B-CC_01,RIPA-10003-05,91,NOT,NOT,A10003,1,,,,,0.2535
CC_200_80,A10003-200-RIPA-105302-U4BC1B-CC_01,RIPA-10003-05,91,NOT,NOT,A10003,1,,,,,0.3575
CC_50_50,A10003-200-RIPA-105302-U4BC1B-CC_01,RIPA-10003-05,91,NOT,NOT,A10003,1,,,,,0.208
CC_200_80,A10003-200-RIPA-105302-U4BC1B-CC_01,RIPA-10003-05,91,NOT,NOT,A10003,1,,,,,0.03
CC_100_60,A10003-200-RIPA-105302-U4BC1B-CC_01,RIPA-10003-05,91,NOT,NOT,A10003,1,,,,,0.182
CC_200_80,A10003-200-RIPA-105303-U4BC1B-CC_01,RIPA-10003-05,91,NOT,NOT,A10003,1,,,,,0.7085
CC_25_50,A10003-200-RIPA-105303-U4BC1B-CC_01,RIPA-10003-05,91,NOT,NOT,A10003,1,,,,,0.2535
CC_200_80,A10003-200-RIPA-105303-U4BC1B-CC_01,RIPA-10003-05,91,NOT,NOT,A10003,1,,,,,0.1125
CC_50_50,A10003-200-RIPA-105303-U4BC1B-CC_01,RIPA-10003-05,91,NOT,NOT,A10003,1,,,,,0.208
CC_200_80,A10003-200-RIPA-105303-U4BC1B-CC_01,RIPA-10003-05,91,NOT,NOT,A10003,1,,,,,0.03
CC_100_60,A10003-200-RIPA-105303-U4BC1B-CC_01,RIPA-10003-05,91,NOT,NOT,A10003,1,,,,,0.182
CC_25_50,A10003-25-RIPA-105304-U4BC1B-CC_01,RIPA-10003-05,101,NOT,NOT,A10003,1,,,,,0.546
CC_25_50,A10003-25-RIPA-105304-U4BC1B-CC_01,RIPA-10003-05,101,NOT,NOT,A10003,1,,,,,0.7865
CC_25_50,A10003-25-RIPA-105304-U4BC1B-CC_01,RIPA-10003-05,101,NOT,NOT,A10003,1,,,,,1.157
CC_25_50,A10003-25-RIPA-105305-U4BC1B-CC_01,RIPA-10003-05,101,NOT,NOT,A10003,1,,,,,1.183
CC_25_50,A10003-25-RIPA-105305-U4BC1B-CC_01,RIPA-10003-05,101,NOT,NOT,A10003,1,,,,,1.3195
CC_25_50,A10003-25-RIPA-105306-U4BC1B-CC_01,RIPA-10003-05,101,NOT,NOT,A10003,1,,,,,0.4485
CC_25_50,A10003-25-RIPA-105306-U4BC1B-CC_01,RIPA-10003-05,101,NOT,NOT,A10003,1,,,,,0.8255
CC_25_50,A10003-25-RIPA-105306-U4BC1B-CC_01,RIPA-10003-05,101,NOT,NOT,A10003,1,,,,,1.417
CC_25_50,A10003-25-RIPA-105307-U4BC1B-CC_01,RIPA-10003-05,101,NOT,NOT,A10003,1,,,,,0.3445
CC_25_50,A10003-25-RIPA-105307-U4BC1B-CC_01,RIPA-10003-05,101,NOT,NOT,A10003,1,,,,,0.9165
CC_25_50,A10003-25-RIPA-105307-U4BC1B-CC_01,RIPA-10003-05,101,NOT,NOT,A10003,1,,,,,1.105
CC_25_50,A10003-25-RIPA-105308-U4BC1B-CC_01,RIPA-10003-05,101,NOT,NOT,A10003,1,,,,,0.949
CC_25_50,A10003-25-RIPA-105308-U4BC1B-CC_01,RIPA-10003-05,101,NOT,NOT,A10003,1,,,,,1.3
CC_25_50,A10003-25-RIPA-105309-U4BC1B-CC_01,RIPA-10003-05,101,NOT,NOT,A10003,1,,,,,0.4485
CC_25_50,A10003-25-RIPA-105309-U4BC1B-CC_01,RIPA-10003-05,101,NOT,NOT,A10003,1,,,,,0.754
CC_25_50,A10003-25-RIPA-105309-U4BC1B-CC_01,RIPA-10003-05,101,NOT,NOT,A10003,1,,,,,1.209
CC_25_50,A10003-25-RIPA-105311-U4BC1B-CC_01,RIPA-10003-05,101,NOT,NOT,A10003,1,,,,,1.0335
CC_25_50,A10003-25-RIPA-105311-U4BC1B-CC_01,RIPA-10003-05,101,NOT,NOT,A10003,1,,,,,1.027
CC_25_50,A10003-25-RIPA-105312-U4BC1B-CC_01,RIPA-10003-05,101,NOT,NOT,A10003,1,,,,,0.4485
CC_25_50,A10003-25-RIPA-105312-U4BC1B-CC_01,RIPA-10003-05,101,NOT,NOT,A10003,1,,,,,0.572
CC_25_50,A10003-25-RIPA-105312-U4BC1B-CC_01,RIPA-10003-05,101,NOT,NOT,A10003,1,,,,,1.1765
CC_25_50,A10003-25-RIPA-105313-U4BC1B-CC_01,RIPA-10003-05,101,NOT,NOT,A10003,1,,,,,0.7995
CC_25_50,A10003-25-RIPA-105313-U4BC1B-CC_01,RIPA-10003-05,101,NOT,NOT,A10003,1,,,,,1.2545
CC_25_50,A10003-25-RIPA-105314-U4BC1B-CC_01,RIPA-10003-05,101,NOT,NOT,A10003,1,,,,,0.884
CC_25_50,A10003-25-RIPA-105314-U4BC1B-CC_01,RIPA-10003-05,101,NOT,NOT,A10003,1,,,,,0.754
CC_150_80,A10003-150-RIPA-105317-U4BC1B-CC_01,RIPA-10003-05,112,NOT,NOT,A10003,1,1,1,1,,5.021164586
PP_25_30,A10003-25-RIPA-105319-U4BC1B-PP_01,EFL-10003-05,2043,NOT,NOT,A10003,1,,,,,0.3965
CC_25_50,A10003-150-RIPA-105321-U4BC1B-CC_01,RIPA-10003-05,91,NOT,NOT,A10003,1,,,,,1.3975
CC_150_80,A10003-150-RIPA-105321-U4BC1B-CC_01,RIPA-10003-05,91,NOT,NOT,A10003,1,,,,,0.2325
CC_65_50,A10003-150-RIPA-105321-U4BC1B-CC_01,RIPA-10003-05,91,NOT,NOT,A10003,1,,,,,0.13
CC_150_80,A10003-150-RIPA-105321-U4BC1B-CC_01,RIPA-10003-05,91,NOT,NOT,A10003,1,,,,,0.2925
CC_50_50,A10003-150-RIPA-105321-U4BC1B-CC_01,RIPA-10003-05,91,NOT,NOT,A10003,1,,,,,0.015
CC_50_50,A10003-150-RIPA-105321-U4BC1B-CC_01,RIPA-10003-05,91,NOT,NOT,A10003,1,,,,,0.39
CC_150_80,A10003-150-RIPA-105321-U4BC1B-CC_01,RIPA-10003-05,91,NOT,NOT,A10003,1,,,,,0.39
CC_25_50,A10003-150-RIPA-105321-U4BC1B-CC_01,RIPA-10003-05,91,NOT,NOT,A10003,1,,,,,0.2535
CC_150_80,A10003-150-RIPA-105321-U4BC1B-CC_01,RIPA-10003-05,91,NOT,NOT,A10003,1,,,,,1.1115
CC_150_80,A10003-150-RIPA-105321-U4BC1B-CC_01,RIPA-10003-05,91,NOT,NOT,A10003,1,,,,,0.286
CC_50_50,A10003-150-RIPA-105321-U4BC1B-CC_01,RIPA-10003-05,91,NOT,NOT,A10003,1,,,,,0.208
CC_25_50,A10003-150-RIPA-105321-U4BC1B-CC_01,RIPA-10003-05,91,NOT,NOT,A10003,1,,,,,0.169
CC_150_80,A10003-150-RIPA-105321-U4BC1B-CC_01,RIPA-10003-05,91,NOT,NOT,A10003,1,,,,,0.3185
CC_150_80,A10003-150-RIPA-105321-U4BC1B-CC_01,RIPA-10003-05,91,NOT,NOT,A10003,1,,,,,0.225
CC_50_50,A10003-150-RIPA-105321-U4BC1B-CC_01,RIPA-10003-05,91,NOT,NOT,A10003,1,,,,,1.44
CC_50_50,A10003-150-RIPA-105321-U4BC1B-CC_01,RIPA-10003-05,91,NOT,NOT,A10003,1,,,,,0.6565
CC_50_50,A10003-150-RIPA-105321-U4BC1B-CC_01,RIPA-10003-05,91,NOT,NOT,A10003,1,,,,,0.819
CC_50_50,A10003-150-RIPA-105321-U4BC1B-CC_01,RIPA-10003-05,91,NOT,NOT,A10003,1,,,,,0.507
CC_50_50,A10003-150-RIPA-105321-U4BC1B-CC_01,RIPA-10003-05,91,NOT,NOT,A10003,1,,,,,0.2625
CC_50_50,A10003-150-RIPA-105321-U4BC1B-CC_01,RIPA-10003-05,91,NOT,NOT,A10003,1,,,,,0.6305
CC_25_50,A10003-150-RIPA-105321-U4BC1B-CC_01,RIPA-10003-05,91,NOT,NOT,A10003,1,,,,,0.3315
CC_50_50,A10003-150-RIPA-105321-U4BC1B-CC_01,RIPA-10003-05,91,NOT,NOT,A10003,1,,,,,0.15
CC_25_50,A10003-150-RIPA-105321-U4BC1B-CC_01,RIPA-10003-05,91,NOT,NOT,A10003,1,,,,,0.351
CC_25_50,A10003-150-RIPA-105321-U4BC1B-CC_01,RIPA-10003-05,91,NOT,NOT,A10003,1,,,,,0.169
CC_25_50,A10003-150-RIPA-105321-U4BC1B-CC_01,RIPA-10003-05,91,NOT,NOT,A10003,1,,,,,0.169
CC_150_80,A10003-150-RIPA-105322-U4BC1B-CC_01,RIPA-10003-05,91,NOT,NOT,A10003,1,,,,,0.585
CC_150_80,A10003-150-RIPA-105331-U4BC1B-CC_01,RIPA-10003-05,91,NOT,NOT,A10003,1,,,,,0.4615
CC_65_50,A10003-150-RIPA-105331-U4BC1B-CC_01,RIPA-10003-05,91,NOT,NOT,A10003,1,,,,,0.13
CC_50_50,A10003-150-RIPA-105331-U4BC1B-CC_01,RIPA-10003-05,91,NOT,NOT,A10003,1,,,,,0.015
CC_50_50,A10003-150-RIPA-105331-U4BC1B-CC_01,RIPA-10003-05,91,NOT,NOT,A10003,1,,,,,0.39
CC_150_80,A10003-150-RIPA-105331-U4BC1B-CC_01,RIPA-10003-05,91,NOT,NOT,A10003,1,,,,,0.3315
CC_25_50,A10003-150-RIPA-105331-U4BC1B-CC_01,RIPA-10003-05,91,NOT,NOT,A10003,1,,,,,0.2535
CC_250_90,A10003-400-RIPA-105351-U4BC1B-CC_01,RIPA-10003-05,95,NOT,NOT,A10003,1,,,,,0.949
CC_50_60,A10003-400-RIPA-105351-U4BC1B-CC_01,RIPA-10003-05,95,NOT,NOT,A10003,1,,,,,0.0075
CC_50_60,A10003-400-RIPA-105351-U4BC1B-CC_01,RIPA-10003-05,95,NOT,NOT,A10003,1,,,,,0.39
CC_250_90,A10003-400-RIPA-105351-U4BC1B-CC_01,RIPA-10003-05,95,NOT,NOT,A10003,1,,,,,0.4575
CC_400_90,A10003-400-RIPA-105351-U4BC1B-CC_01,RIPA-10003-05,95,NOT,NOT,A10003,,,,,,0.247
CC_250_90,A10003-400-RIPA-105351-U4BC1B-CC_01,RIPA-10003-05,95,NOT,NOT,A10003,1,,,,,0.06
CC_150_80,A10003-400-RIPA-105351-U4BC1B-CC_01,RIPA-10003-05,95,NOT,NOT,A10003,1,,,,,0.2405
CC_250_90,A10003-250-RIPA-105352-U4BC1B-CC_01,RIPA-10003-05,95,NOT,NOT,A10003,1,,,,,0.075
CC_100_80,A10003-250-RIPA-105352-U4BC1B-CC_01,RIPA-10003-05,95,NOT,NOT,A10003,1,,,,,0.2275
CCTN_150_80,A10003-150-RIPA-105362-U4BC1B-CCTN_01,RIPA-10003-02,92,YES,EHT-105363-TH,A10003,1,,,,,0.6565
CCTN_150_80,A10003-150-RIPA-105362-U4BC1B-CCTN_01,RIPA-10003-02,92,YES,EHT-105363-TH,A10003,1,,,,,0.12
CCTN_50_50,A10003-150-RIPA-105362-U4BC1B-CCTN_01,RIPA-10003-02,92,YES,EHT-105363-TH,A10003,1,,,,,0.208
CCTN_150_80,A10003-150-RIPA-105362-U4BC1B-CCTN_01,RIPA-10003-02,92,YES,EHT-105363-TH,A10003,1,,,,,0.78
CCTN_25_50,A10003-150-RIPA-105362-U4BC1B-CCTN_01,RIPA-10003-02,92,YES,EHT-105363-TH,A10003,1,,,,,0.169
CC_150_80,A10003-150-RIPA-105363-U4BC1B-CC_01,RIPA-10003-02,92,YES,EHT-105363-TH,A10003,1,,,,,1.2805
CC_150_80,A10003-150-RIPA-105363-U4BC1B-CC_01,RIPA-10003-02,92,YES,EHT-105363-TH,A10003,1,,,,,1.287
CC_150_80,A10003-150-RIPA-105401-U4BC1B-CC_01,RIPA-10003-01,93,NOT,NOT,A10003,1,,,,,0.858
CC_150_80,A10003-150-RIPA-105401-U4BC1B-CC_01,RIPA-10003-01,93,NOT,NOT,A10003,1,0.2,0.2,0.2,0.2,1.127
CC_150_80,A10003-150-RIPA-105401-U4BC1B-CC_01,RIPA-10003-01,93,NOT,NOT,A10003,1,1,1,,0.5,4.967577439
CC_25_50,A10003-150-RIPA-105401-U4BC1B-CC_01,RIPA-10003-01,93,NOT,NOT,A10003,1,1,1,,0.5,1.845100192
CC_150_80,A10003-150-RIPA-105401-U4BC1B-CC_01,RIPA-10003-01,93,NOT,NOT,A10003,1,1,1,,0.5,2.909581071
CC_80_60,A10003-150-RIPA-105401-U4BC1B-CC_01,RIPA-10003-01,93,NOT,NOT,A10003,1,,,,,0.18
CC_50_50,A10003-150-RIPA-105401-U4BC1B-CC_01,RIPA-10003-01,93,NOT,NOT,A10003,1,1,1,,0.5,2.270892544
CC_150_80,A10003-150-RIPA-105402-U4BC1B-CC_01,RIPA-10003-01,93,NOT,NOT,A10003,1,1,1,,0.5,4.115992735
CC_25_50,A10003-150-RIPA-105402-U4BC1B-CC_01,RIPA-10003-01,93,NOT,NOT,A10003,1,1,1,,0.5,1.845100192
CC_150_80,A10003-150-RIPA-105402-U4BC1B-CC_01,RIPA-10003-01,93,NOT,NOT,A10003,1,1,1,,0.5,2.909581071
CC_80_60,A10003-150-RIPA-105402-U4BC1B-CC_01,RIPA-10003-01,93,NOT,NOT,A10003,1,,,,,0.18
CC_50_50,A10003-150-RIPA-105402-U4BC1B-CC_01,RIPA-10003-01,93,NOT,NOT,A10003,1,1,1,,0.5,2.270892544
CC_100_60,A10003-100-RIPA-105406-U4BC1B-CC_01,RIPA-10003-01,111,NOT,NOT,A10003,1,,,,,0.208
CC_50_50,A10003-100-RIPA-105406-U4BC1B-CC_01,RIPA-10003-01,111,NOT,NOT,A10003,1,,,,,0.195
CC_100_60,A10003-100-RIPA-105421-U4BC1B-CC_01,RIPA-10003-01,88,NOT,NOT,A10003,1,,,,,0.7215
CC_50_50,A10003-100-RIPA-105421-U4BC1B-CC_01,RIPA-10003-01,88,NOT,NOT,A10003,1,,,,,0.5005
CC_100_60,A10003-100-RIPA-105421-U4BC1B-CC_01,RIPA-10003-01,88,NOT,NOT,A10003,1,,,,,0.845
CC_25_50,A10003-100-RIPA-105421-U4BC1B-CC_01,RIPA-10003-01,88,NOT,NOT,A10003,1,,,,,0.2665
CC_100_60,A10003-100-RIPA-105421-U4BC1B-CC_01,RIPA-10003-01,88,NOT,NOT,A10003,1,,,,,0.6525
CC_100_60,A10003-100-RIPA-105421-U4BC1B-CC_01,RIPA-10003-01,88,NOT,NOT,A10003,1,,,,,1.1325
CC_80_60,A10003-100-RIPA-105421-U4BC1B-CC_01,RIPA-10003-01,88,NOT,NOT,A10003,1,,,,,0.42
CC_80_60,A10003-100-RIPA-105421-U4BC1B-CC_01,RIPA-10003-01,88,NOT,NOT,A10003,1,,,,,1.1175
CC_80_60,A10003-100-RIPA-105421-U4BC1B-CC_01,RIPA-10003-01,88,NOT,NOT,A10003,1,,,,,0.3965
CC_80_60,A10003-100-RIPA-105421-U4BC1B-CC_01,RIPA-10003-01,88,NOT,NOT,A10003,1,,,,,0.4875
CC_25_50,A10003-100-RIPA-105421-U4BC1B-CC_01,RIPA-10003-01,88,NOT,NOT,A10003,1,,,,,0.169
CC_25_50,A10003-100-RIPA-105421-U4BC1B-CC_02,RIPA-10003-01,88,NOT,NOT,A10003,1,,,,,0.546
CC_25_50,A10003-100-RIPA-105421-U4BC1B-CC_03,RIPA-10003-01,88,NOT,NOT,A10003,1,,,,,0.3445
CC_50_50,A10003-100-RIPA-105421-U4BC1B-CC_03,RIPA-10003-01,88,NOT,NOT,A10003,1,,,,,0.234
CC_25_50,A10003-100-RIPA-105421-U4BC1B-CC_03,RIPA-10003-01,88,NOT,NOT,A10003,1,,,,,0.7865
CC_50_50,A10003-50-RIPA-105422-U4BC1B-CC_01,RIPA-10003-01,88,NOT,NOT,A10003,1,,,,,0.5925
CC_50_50,A10003-50-RIPA-105422-U4BC1B-CC_01,RIPA-10003-01,88,NOT,NOT,A10003,1,,,,,0.7475
CC_80_60,A10001-80-RIPA-105423-U4BC1B-CC_01,RIPA-10003-01,74,NOT,NOT,A10001,1,,,,,1.515
CC_25_50,A10001-80-RIPA-105423-U4BC1B-CC_01,RIPA-10003-01,74,NOT,NOT,A10001,1,,,,,0.3315
CC_80_60,A10001-80-RIPA-105423-U4BC1B-CC_01,RIPA-10003-01,74,NOT,NOT,A10001,1,,,,,0.4225
CC_80_60,A10003-80-RIPA-105423-U4BC1B-CC_01,RIPA-10003-01,74,NOT,NOT,A10003,1,,,,,0.299
CC_25_50,A10003-80-RIPA-105423-U4BC1B-CC_01,RIPA-10003-01,74,NOT,NOT,A10003,1,,,,,0.169
CC_80_60,A10003-80-RIPA-105423-U4BC1B-CC_01,RIPA-10003-01,74,NOT,NOT,A10003,1,,,,,0.273
CC_40_50,A10003-80-RIPA-105423-U4BC1B-CC_01,RIPA-10003-01,74,NOT,NOT,A10003,1,,,,,0.1885
CC_25_50,A10003-80-RIPA-105423-U4BC1B-CC_01,RIPA-10003-01,74,NOT,NOT,A10003,1,,,,,0.169
CC_80_60,A10003-80-RIPA-105423-U4BC1B-CC_01,RIPA-10003-01,74,NOT,NOT,A10003,1,,,,,0.13875
CC_50_50,A10003-80-RIPA-105423-U4BC1B-CC_01,RIPA-10003-01,74,NOT,NOT,A10003,1,,,,,0.3445
CC_80_60,A10003-80-RIPA-105423-U4BC1B-CC_01,RIPA-10003-01,74,NOT,NOT,A10003,1,,,,,1.5975
CC_80_60,A10003-80-RIPA-105423-U4BC1B-CC_01,RIPA-10003-01,74,NOT,NOT,A10003,1,,,,,0.16875
CC_50_50,A10003-80-RIPA-105423-U4BC1B-CC_01,RIPA-10003-01,74,NOT,NOT,A10003,1,,,,,0.208
CC_80_60,PR19-80-RIPA-105423-U4BC1B-CC_01,RIPA-10003-01,74,NOT,NOT,PR19,1,,,,,1.4625
CC_100_60,A10003-100-RIPA-105431-U4BC1B-CC_01,RIPA-10003-01,88,NOT,NOT,A10003,1,,,,,0.7215
CC_50_50,A10003-100-RIPA-105431-U4BC1B-CC_01,RIPA-10003-01,88,NOT,NOT,A10003,1,,,,,0.5005
CC_100_60,A10003-100-RIPA-105431-U4BC1B-CC_01,RIPA-10003-01,88,NOT,NOT,A10003,1,,,,,0.559
CC_25_50,A10003-100-RIPA-105431-U4BC1B-CC_01,RIPA-10003-01,88,NOT,NOT,A10003,1,,,,,0.299
PP_80_30,A10003-80-RIPA-105451-U4BC1B-PP_01,RIPA-10001-01,75,NOT,NOT,A10003,1,,,,,0.468
PP_80_30,A10003-80-RIPA-105451-U4BC1B-PP_01,RIPA-10001-01,75,NOT,NOT,A10003,1,,,,,0.2015
PP_150_30,A10003-80-RIPA-105451-U4BC1B-PP_01,RIPA-10001-01,75,NOT,NOT,A10003,1,,,,,0.1575
PP_80_30,A10003-80-RIPA-105451-U4BC1B-PP_01,RIPA-10001-01,75,NOT,NOT,A10003,1,,,,,0.552955
PP_50_30,A10003-80-RIPA-105451-U4BC1B-PP_01,RIPA-10001-01,75,NOT,NOT,A10003,1,,,,,0.143
PP_80_30,PR19-80-RIPA-105451-U4BC1B-PP_01,RIPA-10001-01,75,NOT,NOT,PR19,1,,,,,0.36725
PP_50_30,PR19-80-RIPA-105451-U4BC1B-PP_01,RIPA-10001-01,75,NOT,NOT,PR19,1,,,,,0.429
PP_25_30,PR19-80-RIPA-105451-U4BC1B-PP_01,RIPA-10001-01,75,NOT,NOT,PR19,1,,,,,0.3315
PP_80_30,PR19-80-RIPA-105451-U4BC1B-PP_01,RIPA-10001-01,75,NOT,NOT,PR19,1,,,,,0.54275
PP_25_30,PR19-80-RIPA-105451-U4BC1B-PP_01,RIPA-10001-01,75,NOT,NOT,PR19,1,,,,,0.3315
PP_80_30,PR19-80-RIPA-105451-U4BC1B-PP_01,RIPA-10001-01,75,NOT,NOT,PR19,1,,,,,0.455
PP_80_30,A10001-80-RIPA-105452-U4BC1B-PP_01,RIPA-10001-01,75,NOT,NOT,A10001,1,,,,,0.260065
PP_80_30,A10001-80-RIPA-105452-U4BC1B-PP_01,RIPA-10001-01,75,NOT,NOT,A10001,1,,,,,0.4095
PP_50_30,A10001-80-RIPA-105452-U4BC1B-PP_01,RIPA-10001-01,75,NOT,NOT,A10001,1,,,,,0.429
PP_25_30,A10001-80-RIPA-105452-U4BC1B-PP_01,RIPA-10001-01,75,NOT,NOT,A10001,1,,,,,0.169
PP_80_30,A10001-80-RIPA-105452-U4BC1B-PP_01,RIPA-10001-01,75,NOT,NOT,A10001,1,,,,,0.377
PP_25_30,A10001-80-RIPA-105452-U4BC1B-PP_01,RIPA-10001-01,75,NOT,NOT,A10001,1,,,,,0.3315
PP_80_30,A10001-80-RIPA-105452-U4BC1B-PP_01,RIPA-10001-01,75,NOT,NOT,A10001,1,,,,,0.38259
CC_100_60,A10003-100-RIPA-105503-U4BC1B-CC_01,EFL-10003-06,89,NOT,NOT,A10003,1,1,1,1,,12.18249768
CC_100_60,A10003-100-RIPA-105503-U4BC1B-CC_01,EFL-10003-06,89,NOT,NOT,A10003,1,1,1,1,,5.185792933
CC_100_60,A10003-100-RIPA-105504-U4BC1B-CC_01,EFL-10003-06,111,NOT,NOT,A10003,1,,,,,0.169
CC_50_50,A10003-100-RIPA-105504-U4BC1B-CC_01,EFL-10003-06,111,NOT,NOT,A10003,1,,,,,0.195
CC_50_50,A10003-50-RIPA-105562-U4BC1B-CC_01,RIPA-10003-05,102,NOT,NOT,A10003,1,,,,,0.3185
CC_25_50,A10003-50-RIPA-105562-U4BC1B-CC_01,RIPA-10003-05,102,NOT,NOT,A10003,1,,,,,0.169
CC_50_50,A10003-50-RIPA-105562-U4BC1B-CC_01,RIPA-10003-05,102,NOT,NOT,A10003,1,,,,,0.2925
CC_50_50,A10003-50-RIPA-105562-U4BC1B-CC_01,RIPA-10003-05,102,NOT,NOT,A10003,1,,,,,0.5775
CC_80_60,A10003-50-RIPA-105562-U4BC1B-CC_01,RIPA-10003-05,102,NOT,NOT,A10003,1,,,,,0.1125
CC_50_50,A10003-50-RIPA-105562-U4BC1B-CC_01,RIPA-10003-05,102,NOT,NOT,A10003,1,,,,,0.416
CC_50_50,A10003-50-RIPA-105562-U4BC1B-CC_01,RIPA-10003-05,102,NOT,NOT,A10003,1,,,,,0.39
CC_50_50,A10003-50-RIPA-105562-U4BC1B-CC_01,RIPA-10003-05,102,NOT,NOT,A10003,1,,,,,0.07125
CC_25_50,A10003-50-RIPA-105562-U4BC1B-CC_01,RIPA-10003-05,102,NOT,NOT,A10003,1,,,,,0.182
CC_25_50,A10003-50-RIPA-105562-U4BC1B-CC_01,RIPA-10003-05,102,NOT,NOT,A10003,1,,,,,0.169
CC_25_50,A10003-50-RIPA-105562-U4BC1B-CC_01,RIPA-10003-05,102,NOT,NOT,A10003,1,,,,,0.195
CC_50_50,A10003-50-RIPA-105562-U4BC1B-CC_01,RIPA-10003-05,102,NOT,NOT,A10003,1,,,,,0.26325
CC_25_50,A10003-50-RIPA-105562-U4BC1B-CC_01,RIPA-10003-05,102,NOT,NOT,A10003,1,,,,,0.169
CC_50_50,A10003-50-RIPA-105562-U4BC1B-CC_01,RIPA-10003-05,102,NOT,NOT,A10003,1,,,,,1.2025
PP_100_30,A10003-100-RIPA-105563-U4BC1B-PP_01,RIPA-10003-04,90,NOT,NOT,A10003,1,1,0.5,,0.5,3.61160903
PP_100_30,A10003-100-RIPA-105563-U4BC1B-PP_01,RIPA-10003-04,90,NOT,NOT,A10003,1,1,1,,0.5,5.945920613
PP_25_30,A10003-100-RIPA-105563-U4BC1B-PP_01,RIPA-10003-04,90,NOT,NOT,A10003,1,1,1,,0.5,0.35732696
PP_25_30,A10003-100-RIPA-105563-U4BC1B-PP_01,RIPA-10003-04,90,NOT,NOT,A10003,1,1,1,,0.5,2.644219504
PP_100_30,A10003-100-RIPA-105563-U4BC1B-PP_01,RIPA-10003-04,90,NOT,NOT,A10003,1,1,1,,0.5,7.289469983
CC_80_60,A10003-80-RIPA-105571-U4BC1B-CC_01,RIPA-10003-04,85,NOT,NOT,A10003,1,1,1,,0.5,8.495673998
CC_80_60,A10003-80-RIPA-105571-U4BC1B-CC_01,RIPA-10003-04,85,NOT,NOT,A10003,1,1,1,,0.5,10.33073958
CC_40_50,A10003-40-RIPA-105601-U4BC1B-CC_01,RIPA-10003-03,102,NOT,NOT,A10003,1,,,,,0.871
CC_40_50,A10003-40-RIPA-105601-U4BC1B-CC_01,RIPA-10003-03,102,NOT,NOT,A10003,1,,,,,0.507
CC_25_50,A10003-40-RIPA-105601-U4BC1B-CC_01,RIPA-10003-03,102,NOT,NOT,A10003,1,,,,,0.169
CC_50_50,A10003-40-RIPA-105601-U4BC1B-CC_01,RIPA-10003-03,102,NOT,NOT,A10003,1,,,,,0.1125
CC_40_50,A10003-40-RIPA-105601-U4BC1B-CC_01,RIPA-10003-03,102,NOT,NOT,A10003,1,,,,,0.3055
CC_50_50,A10003-40-RIPA-105601-U4BC1B-CC_01,RIPA-10003-03,102,NOT,NOT,A10003,1,,,,,0.2015
CC_40_50,A10003-40-RIPA-105602-U4BC1B-CC_01,RIPA-10003-03,102,NOT,NOT,A10003,1,,,,,0.338
CC_25_50,A10003-40-RIPA-105602-U4BC1B-CC_01,RIPA-10003-03,102,NOT,NOT,A10003,1,,,,,0.169
CC_50_50,A10003-40-RIPA-105602-U4BC1B-CC_01,RIPA-10003-03,102,NOT,NOT,A10003,1,,,,,0.1125
CC_40_50,A10003-40-RIPA-105602-U4BC1B-CC_01,RIPA-10003-03,102,NOT,NOT,A10003,1,,,,,0.3055
CC_50_50,A10003-40-RIPA-105602-U4BC1B-CC_01,RIPA-10003-03,102,NOT,NOT,A10003,1,,,,,0.2015
CC_100_60,A10003-100-RIPA-105606-U4BC1B-CC_01,RIPA-10003-03,111,NOT,NOT,A10003,1,,,,,0.286
CC_40_50,A10003-100-RIPA-105606-U4BC1B-CC_01,RIPA-10003-03,111,NOT,NOT,A10003,1,,,,,0.169
CC_25_50,A10003-40-RIPA-105621-U4BC1B-CC_02,RIPA-10003-03,102,NOT,NOT,A10003,1,,,,,0.6955
CC_25_50,A10003-40-RIPA-105621-U4BC1B-CC_03,RIPA-10003-03,102,NOT,NOT,A10003,1,,,,,0.351
CC_50_50,A10003-40-RIPA-105621-U4BC1B-CC_03,RIPA-10003-03,102,NOT,NOT,A10003,1,,,,,0.2275
CC_25_50,A10003-40-RIPA-105621-U4BC1B-CC_03,RIPA-10003-03,102,NOT,NOT,A10003,1,,,,,0.715
CC_40_50,A10003-40-RIPA-105621-U4BC1B-CC_01,RIPA-10003-03,102,NOT,NOT,A10003,1,,,,,0.442
CC_25_50,A10003-40-RIPA-105621-U4BC1B-CC_01,RIPA-10003-03,102,NOT,NOT,A10003,1,,,,,0.104
CC_50_50,A10003-40-RIPA-105621-U4BC1B-CC_01,RIPA-10003-03,102,NOT,NOT,A10003,1,,,,,0.49725
CC_40_50,A10003-40-RIPA-105621-U4BC1B-CC_01,RIPA-10003-03,102,NOT,NOT,A10003,1,,,,,0.0225
CC_40_50,A10003-40-RIPA-105621-U4BC1B-CC_01,RIPA-10003-03,102,NOT,NOT,A10003,1,,,,,0.7345
CC_25_50,A10003-40-RIPA-105621-U4BC1B-CC_01,RIPA-10003-03,102,NOT,NOT,A10003,1,,,,,0.3185
CC_40_50,A10003-40-RIPA-105621-U4BC1B-CC_01,RIPA-10003-03,102,NOT,NOT,A10003,1,,,,,0.825
CC_20_50,A10003-40-RIPA-105621-U4BC1B-CC_01,RIPA-10003-03,102,NOT,NOT,A10003,1,,,,,0.165
CC_20_50,A10003-40-RIPA-105621-U4BC1B-CC_01,RIPA-10003-03,102,NOT,NOT,A10003,1,,,,,0.03
CC_15_50,A10003-40-RIPA-105621-U4BC1B-CC_01,RIPA-10003-03,102,NOT,NOT,A10003,1,,,,,0.1755
CC_20_50,A10003-40-RIPA-105621-U4BC1B-CC_01,RIPA-10003-03,102,NOT,NOT,A10003,1,,,,,0.364
CC_20_50,A10003-40-RIPA-105621-U4BC1B-CC_01,RIPA-10003-03,102,NOT,NOT,A10003,1,,,,,0.2405
CC_20_50,A10003-40-RIPA-105621-U4BC1B-CC_01,RIPA-10003-03,102,NOT,NOT,A10003,1,,,,,0.169
CC_20_50,A10003-40-RIPA-105621-U4BC1B-CC_01,RIPA-10003-03,102,NOT,NOT,A10003,1,,,,,0.045
CC_15_50,A10003-40-RIPA-105621-U4BC1B-CC_01,RIPA-10003-03,102,NOT,NOT,A10003,1,,,,,0.169
CC_20_50,A10003-40-RIPA-105621-U4BC1B-CC_01,RIPA-10003-03,102,NOT,NOT,A10003,1,,,,,0.273
CC_15_50,A10003-40-RIPA-105621-U4BC1B-CC_01,RIPA-10003-03,102,NOT,NOT,A10003,1,,,,,0.0075
CC_20_50,A10003-40-RIPA-105621-U4BC1B-CC_01,RIPA-10003-03,102,NOT,NOT,A10003,1,,,,,0.169
CC_20_50,A10003-40-RIPA-105621-U4BC1B-CC_01,RIPA-10003-03,102,NOT,NOT,A10003,1,,,,,0.234
CC_20_50,A10003-40-RIPA-105621-U4BC1B-CC_01,RIPA-10003-03,102,NOT,NOT,A10003,1,,,,,1.443
CC_40_50,A10003-25-RIPA-105622-U4BC1B-CC_01,RIPA-10003-03,102,NOT,NOT,A10003,1,,,,,0.0225
CC_25_50,A10003-25-RIPA-105622-U4BC1B-CC_01,RIPA-10003-03,102,NOT,NOT,A10003,1,,,,,0.8775
CC_40_50,A10003-40-RIPA-105623-U4BC1B-CC_01,RIPA-10003-05,102,NOT,NOT,A10003,1,,,,,1.305
CC_40_50,A10003-40-RIPA-105623-U4BC1B-CC_01,RIPA-10003-05,102,NOT,NOT,A10003,1,,,,,0.0075
CC_25_50,A10003-40-RIPA-105623-U4BC1B-CC_01,RIPA-10003-05,102,NOT,NOT,A10003,1,,,,,0.182
CC_40_50,A10003-40-RIPA-105623-U4BC1B-CC_01,RIPA-10003-05,102,NOT,NOT,A10003,1,,,,,0.2925
CC_25_50,A10003-40-RIPA-105623-U4BC1B-CC_01,RIPA-10003-05,102,NOT,NOT,A10003,1,,,,,0.0075
CC_40_50,A10003-40-RIPA-105623-U4BC1B-CC_01,RIPA-10003-05,102,NOT,NOT,A10003,1,,,,,0.26
CC_15_50,A10003-40-RIPA-105623-U4BC1B-CC_01,RIPA-10003-05,102,NOT,NOT,A10003,1,,,,,0.182
CC_25_50,A10003-40-RIPA-105623-U4BC1B-CC_01,RIPA-10003-05,102,NOT,NOT,A10003,1,,,,,0.1755
CC_40_50,A10003-40-RIPA-105623-U4BC1B-CC_01,RIPA-10003-05,102,NOT,NOT,A10003,1,,,,,0.18
CC_25_50,A10003-40-RIPA-105623-U4BC1B-CC_01,RIPA-10003-05,102,NOT,NOT,A10003,1,,,,,0.2015
CC_15_50,A10003-40-RIPA-105623-U4BC1B-CC_01,RIPA-10003-05,102,NOT,NOT,A10003,1,,,,,0.0075
CC_25_50,A10003-40-RIPA-105623-U4BC1B-CC_01,RIPA-10003-05,102,NOT,NOT,A10003,1,,,,,0.1755
CC_50_50,A10003-40-RIPA-105623-U4BC1B-CC_01,RIPA-10003-05,102,NOT,NOT,A10003,1,,,,,0.78375
CC_40_50,A10003-40-RIPA-105623-U4BC1B-CC_01,RIPA-10003-05,102,NOT,NOT,A10003,1,,,,,0.2665
CC_50_50,A10003-40-RIPA-105623-U4BC1B-CC_01,RIPA-10003-05,102,NOT,NOT,A10003,1,,,,,1.9435
CC_40_50,A10003-40-RIPA-105631-U4BC1B-CC_01,RIPA-10003-03,102,NOT,NOT,A10003,1,,,,,0.546
CC_50_50,A10003-40-RIPA-105631-U4BC1B-CC_01,RIPA-10003-03,102,NOT,NOT,A10003,1,,,,,0.49075
CC_40_50,A10003-40-RIPA-105631-U4BC1B-CC_01,RIPA-10003-03,102,NOT,NOT,A10003,1,,,,,0.0225
CC_40_50,A10003-40-RIPA-105631-U4BC1B-CC_01,RIPA-10003-03,102,NOT,NOT,A10003,1,,,,,0.351
CC_25_50,A10003-40-RIPA-105631-U4BC1B-CC_01,RIPA-10003-03,102,NOT,NOT,A10003,1,,,,,0.3185
CC_40_50,A10003-40-RIPA-105661-U4BC1B-CC_01,RIPA-10003-03,104,NOT,NOT,A10003,1,,,,,1.105
CC_40_50,A10003-40-RIPA-105661-U4BC1B-CC_01,RIPA-10003-03,104,NOT,NOT,A10003,1,,,,,1.092
PP_40_30,A10001-40-SSAM-103601-U4BC1B-PP_01,HMBI-10001-02,44,NOT,NOT,A10001,1,,,,,0.47086
PP_50_30,A10001-40-SSAM-103601-U4BC1B-PP_01,HMBI-10001-02,44,NOT,NOT,A10001,1,,,,,0.299
PP_40_30,A10001-40-SSAM-103601-U4BC1B-PP_01,HMBI-10001-02,44,NOT,NOT,A10001,1,,,,,0.6045
PP_25_30,A10001-40-SSAM-103601-U4BC1B-PP_01,HMBI-10001-02,44,NOT,NOT,A10001,1,,,,,0.2535
PP_50_30,A10001-40-SSAM-103602-U4BC1B-PP_01,HMBI-10001-02,44,NOT,NOT,A10001,1,,,,,0.299
PP_40_30,A10001-40-SSAM-103602-U4BC1B-PP_01,HMBI-10001-02,44,NOT,NOT,A10001,1,,,,,0.767
PP_25_30,A10001-40-SSAM-103602-U4BC1B-PP_01,HMBI-10001-02,44,NOT,NOT,A10001,1,,,,,0.2535
PP_50_30,A10001-40-SSAM-103621-U4BC1B-PP_01,HMBI-10001-02,44,NOT,NOT,A10001,1,,,,,0.806
PP_40_30,A10001-40-SSAM-103621-U4BC1B-PP_01,HMBI-10001-02,44,NOT,NOT,A10001,1,,,,,0.1755
PP_25_30,A10001-40-SSAM-103621-U4BC1B-PP_01,HMBI-10001-02,44,NOT,NOT,A10001,1,,,,,0.104
PP_40_30,A10001-40-SSAM-103621-U4BC1B-PP_01,HMBI-10001-02,44,NOT,NOT,A10001,1,,,,,0.3575
PP_25_30,A10001-40-SSAM-103621-U4BC1B-PP_01,HMBI-10001-02,44,NOT,NOT,A10001,1,,,,,0.2795
PP_40_30,A10001-40-SSAM-103621-U4BC1B-PP_01,HMBI-10001-02,44,NOT,NOT,A10001,1,,,,,0.3848
PP_40_30,A10001-40-SSAM-103621-U4BC1B-PP_01,HMBI-10001-02,44,NOT,NOT,A10001,1,,,,,0.64025
PP_50_30,A10001-40-SSAM-103621-U4BC1B-PP_01,HMBI-10001-02,44,NOT,NOT,A10001,1,,,,,0.14625
PP_40_30,A10001-40-SSAM-103621-U4BC1B-PP_01,HMBI-10001-02,44,NOT,NOT,A10001,1,,,,,0.325
PP_40_30,A10001-25-SSAM-103622-U4BC1B-PP_01,SSAM-10004-01,44,YES,EHT-103622-01-TH,A10001,1,,,,,0.0225
PP_25_30,A10001-25-SSAM-103622-U4BC1B-PP_01,SSAM-10004-01,44,YES,EHT-103622-01-TH,A10001,1,,,,,0.8255
PP_25_30,A10001-25-SSAM-103622-U4BC1B-PP_01,SSAM-10004-01,44,YES,EHT-103622-01-TH,A10001,1,,,,,0.9425
PP_25_30,A10004-25-SSAM-103622-U4BC1B-PP_01,SSAM-10004-01,124,YES,EHT-103622-02-TH,A10004,1,,,,,0.6565
PP_25_30,A10004-25-SSAM-103622-U4BC1B-PP_01,SSAM-10004-01,124,YES,EHT-103622-02-TH,A10004,1,,,,,0.338
PP_25_30,PR19-25-SSAM-103622-U4BC1B-PP_01,SSAM-10004-01,124,YES,EHT-103622-03-TH,PR19,1,,,,,0.18109
PP_50_30,A10001-40-SSAM-103631-U4BC1B-PP_01,HMBI-10001-02,44,NOT,NOT,A10001,1,,,,,0.936
PP_40_30,A10001-40-SSAM-103631-U4BC1B-PP_01,HMBI-10001-02,44,NOT,NOT,A10001,1,,,,,0.1755
PP_40_30,A10001-40-SSAM-103631-U4BC1B-PP_01,HMBI-10001-02,44,NOT,NOT,A10001,1,,,,,0.3575
PP_25_30,A10001-40-SSAM-103631-U4BC1B-PP_01,HMBI-10001-02,44,NOT,NOT,A10001,1,,,,,0.2795
PP_40_30,A10001-40-SSAM-103901-U4BC1B-PP_01,HMBI-10001-02,43,NOT,NOT,A10001,1,,,,,0.468
PP_25_30,A10001-40-SSAM-103901-U4BC1B-PP_01,HMBI-10001-02,43,NOT,NOT,A10001,1,,,,,0.091
PP_25_30,A10001-40-SSAM-103901-U4BC1B-PP_01,HMBI-10001-02,43,NOT,NOT,A10001,1,,,,,0.9165
PP_40_30,A10001-40-SSAM-103901-U4BC1B-PP_01,HMBI-10001-02,43,NOT,NOT,A10001,1,,,,,0.40183
PP_15_30,A10001-15-SSAM-103902-U4BC1B-PP_01,HMBI-10001-02,43,NOT,NOT,A10001,1,,,,,0.31655
PP_150_40,A10001-150-SSAM-103903-U4BC1B-PP_01,HMBI-10001-02,14,NOT,NOT,A10001,1,,,,,0.4626
PP_40_30,A10001-40-SSAM-103904-U4BC1B-PP_01,HMBI-10001-02,14,NOT,NOT,A10001,1,,,,,0.61711
CC_150_80,A10004-150-SSAM-108801-U4BC1B-CC_01,SSAM-10004-01,123,NOT,NOT,A10004,1,,,,,0.5525
CC_150_80,A10004-150-SSAM-108801-U4BC1B-CC_01,SSAM-10004-01,123,NOT,NOT,A10004,1,,,,,0.806
CC_150_80,A10004-150-SSAM-108801-U4BC1B-CC_01,SSAM-10004-01,123,NOT,NOT,A10004,1,,,,,0.5925
CC_150_80,A10004-150-SSAM-108801-U4BC1B-CC_01,SSAM-10004-01,123,NOT,NOT,A10004,1,,,,,0.5915
CC_150_80,A10004-150-SSAM-108801-U4BC1B-CC_01,SSAM-10004-01,123,NOT,NOT,A10004,1,,,,,0.105
CC_25_50,A10004-150-SSAM-108801-U4BC1B-CC_01,SSAM-10004-01,123,NOT,NOT,A10004,1,,,,,0.6695
CC_150_80,A10004-150-SSAM-108801-U4BC1B-CC_01,SSAM-10004-01,123,NOT,NOT,A10004,1,,,,,0.3185
CC_50_50,A10004-150-SSAM-108801-U4BC1B-CC_01,SSAM-10004-01,123,NOT,NOT,A10004,1,,,,,0.208
CC_150_80,A10004-150-SSAM-108801-U4BC1B-CC_01,SSAM-10004-01,123,NOT,NOT,A10004,1,,,,,0.0225
CC_80_60,A10004-150-SSAM-108801-U4BC1B-CC_01,SSAM-10004-01,123,NOT,NOT,A10004,1,,,,,0.169
CC_150_80,A10004-150-SSAM-108821-U4BC1B-CC_01,SSAM-10004-01,118,YES,EHT-108821-TH,A10004,1,,,,,0.2325
CC_80_60,A10004-150-SSAM-108821-U4BC1B-CC_01,SSAM-10004-01,118,YES,EHT-108821-TH,A10004,1,,,,,0.01875
CC_50_50,A10004-150-SSAM-108821-U4BC1B-CC_01,SSAM-10004-01,118,YES,EHT-108821-TH,A10004,1,,,,,0.13
CC_150_80,A10004-150-SSAM-108821-U4BC1B-CC_01,SSAM-10004-01,118,YES,EHT-108821-TH,A10004,1,,,,,0.1875
CC_50_50,A10004-150-SSAM-108821-U4BC1B-CC_01,SSAM-10004-01,118,YES,EHT-108821-TH,A10004,1,,,,,0.403
CC_150_80,A10004-150-SSAM-108821-U4BC1B-CC_01,SSAM-10004-01,118,YES,EHT-108821-TH,A10004,1,,,,,0.442
CC_25_50,A10004-150-SSAM-108821-U4BC1B-CC_01,SSAM-10004-01,118,YES,EHT-108821-TH,A10004,1,,,,,0.26
CC_150_80,A10004-150-SSAM-108821-U4BC1B-CC_01,SSAM-10004-01,118,YES,EHT-108821-TH,A10004,1,,,,,0.4615
CC_150_80,A10004-150-SSAM-108821-U4BC1B-CC_01,SSAM-10004-01,118,YES,EHT-108821-TH,A10004,1,,,,,0.7085
CC_80_60,A10004-150-SSAM-108821-U4BC1B-CC_01,SSAM-10004-01,118,YES,EHT-108821-TH,A10004,1,,,,,0.015
CC_100_60,A10004-150-SSAM-108821-U4BC1B-CC_01,SSAM-10004-01,118,YES,EHT-108821-TH,A10004,1,,,,,0.0525
CC_25_50,A10004-150-SSAM-108821-U4BC1B-CC_01,SSAM-10004-01,118,YES,EHT-108821-TH,A10004,1,,,,,0.169
CC_100_60,A10004-150-SSAM-108821-U4BC1B-CC_01,SSAM-10004-01,118,YES,EHT-108821-TH,A10004,1,,,,,0.0225
CC_80_60,A10004-150-SSAM-108821-U4BC1B-CC_01,SSAM-10004-01,118,YES,EHT-108821-TH,A10004,1,,,,,0.416
CC_80_60,A10004-150-SSAM-108821-U4BC1B-CC_01,SSAM-10004-01,118,YES,EHT-108821-TH,A10004,1,,,,,0.0525
CC_25_50,A10004-150-SSAM-108821-U4BC1B-CC_01,SSAM-10004-01,118,YES,EHT-108821-TH,A10004,1,,,,,0.169
CC_100_60,A10004-150-SSAM-108821-U4BC1B-CC_01,SSAM-10004-01,118,YES,EHT-108821-TH,A10004,1,,,,,1.079
CC_80_60,A10004-150-SSAM-108821-U4BC1B-CC_01,SSAM-10004-01,118,YES,EHT-108821-TH,A10004,1,,,,,0.09
CC_100_60,A10004-150-SSAM-108821-U4BC1B-CC_02,SSAM-10004-01,118,YES,EHT-108821-TH,A10004,1,,,,,0.624
CC_100_60,A10004-150-SSAM-108821-U4BC1B-CC_02,SSAM-10004-01,118,YES,EHT-108821-TH,A10004,1,,,,,0.06
CC_50_50,A10004-150-SSAM-108821-U4BC1B-CC_02,SSAM-10004-01,118,YES,EHT-108821-TH,A10004,1,,,,,0.208
CC_100_60,A10004-150-SSAM-108821-U4BC1B-CC_02,SSAM-10004-01,118,YES,EHT-108821-TH,A10004,1,,,,,0.255
CC_25_50,A10004-150-SSAM-108821-U4BC1B-CC_02,SSAM-10004-01,118,YES,EHT-108821-TH,A10004,1,,,,,0.42
CC_100_60,A10004-150-SSAM-108821-U4BC1B-CC_02,SSAM-10004-01,118,YES,EHT-108821-TH,A10004,1,,,,,0.338
CC_100_60,PR19-150-SSAM-108821-U4BC1B-CC_01,SSAM-10004-01,118,YES,EHT-108821-TH,PR19,1,,,,,0.8625
CC_80_60,A10004-80-SSAM-108822-U4BC1B-CC_01,SSAM-10004-01,118,NOT,NOT,A10004,1,,,,,0.8255
CC_150_80,A10004-80-SSAM-108822-U4BC1B-CC_01,SSAM-10004-01,118,NOT,NOT,A10004,1,,,,,0.135
CC_80_60,A10004-80-SSAM-108822-U4BC1B-CC_01,SSAM-10004-01,118,NOT,NOT,A10004,1,,,,,0.465
CC_50_50,A10004-80-SSAM-108822-U4BC1B-CC_01,SSAM-10004-01,118,NOT,NOT,A10004,1,,,,,0.143
CC_80_60,A10004-80-SSAM-108822-U4BC1B-CC_01,SSAM-10004-01,118,NOT,NOT,A10004,1,,,,,0.65
PP_50_30,PR19-50-SSAM-108851-U4BC1B-PP_01,SSAM-10004-01,121,NOT,NOT,PR19,1,,,,,0.351
PP_25_30,PR19-50-SSAM-108851-U4BC1B-PP_01,SSAM-10004-01,121,NOT,NOT,PR19,1,,,,,0.182
PP_50_30,PR19-50-SSAM-108851-U4BC1B-PP_01,SSAM-10004-01,121,NOT,NOT,PR19,1,,,,,0.5655
PP_50_30,PR19-50-SSAM-108851-U4BC1B-PP_01,SSAM-10004-01,121,NOT,NOT,PR19,1,,,,,0.105
PP_25_30,PR19-50-SSAM-108851-U4BC1B-PP_01,SSAM-10004-01,121,NOT,NOT,PR19,1,,,,,0.3315
PP_50_30,PR19-50-SSAM-108851-U4BC1B-PP_01,SSAM-10004-01,121,NOT,NOT,PR19,1,,,,,0.59956
PP_50_30,A10004-50-SSAM-108851-U4BC1B-PP_02,SSAM-10004-01,121,NOT,NOT,A10004,1,,,,,0.312715
CC_80_60,A10001-80-V6-101187-U1CD2B-CC_01,CHMB-10001-01,1021,NOT,NOT,A10001,1,,,,,0.75075
CC_25_50,A10001-80-V6-101187-U1CD2B-CC_01,CHMB-10001-01,1021,NOT,NOT,A10001,1,,,,,0.455
CC_80_60,A10001-80-V6-101187-U1CD2B-CC_01,CHMB-10001-01,1021,NOT,NOT,A10001,1,,,,,0.60125
CC_50_60,A10001-80-V6-101187-U1CD2B-CC_01,CHMB-10001-01,1021,NOT,NOT,A10001,1,,,,,0.01875
CC_25_50,A10001-80-V6-101187-U1CD2B-CC_01,CHMB-10001-01,1021,NOT,NOT,A10001,1,,,,,0.3315
CC_20_50,A10001-80-V6-101187-U1CD2B-CC_01,CHMB-10001-01,1021,NOT,NOT,A10001,1,,,,,0.0225
CC_100_80,A10001-100-V6-101188-U1CD2B-CC_01,V6-10001-01,1017,NOT,NOT,A10001,1,,,,,1.066
CC_50_80,A10001-100-V6-101188-U1CD2B-CC_01,V6-10001-01,1017,NOT,NOT,A10001,1,,,,,0.0075
CC_100_80,A10001-100-V6-101188-U1CD2B-CC_01,V6-10001-01,1017,NOT,NOT,A10001,1,,,,,0.1425
CC_80_80,A10001-100-V6-101188-U1CD2B-CC_01,V6-10001-01,1017,NOT,NOT,A10001,1,,,,,0.195
CC_25_60,A10001-100-V6-101188-U1CD2B-CC_01,V6-10001-01,1017,NOT,NOT,A10001,1,,,,,0.169
CC_100_80,A10001-100-V6-101188-U1CD2B-CC_01,V6-10001-01,1017,NOT,NOT,A10001,1,,,,,0.611
CC_20_60,A10001-100-V6-101188-U1CD2B-CC_01,V6-10001-01,1017,NOT,NOT,A10001,1,,,,,0.1275
CC_20_60,A10001-100-V6-101188-U1CD2B-CC_01,V6-10001-01,1017,NOT,NOT,A10001,1,,,,,0.52
CC_20_60,A10001-100-V6-101188-U1CD2B-CC_01,V6-10001-01,1017,NOT,NOT,A10001,1,,,,,1.1635
CC_100_80,A10001-100-V6-101188-U1CD2B-CC_01,V6-10001-01,1017,NOT,NOT,A10001,1,,,,,1.095
CC_80_80,A10001-100-V6-101188-U1CD2B-CC_01,V6-10001-01,1017,NOT,NOT,A10001,1,,,,,0.3055
CC_80_60,A10001-80-V6-101298-U1CD2B-CC_01,CHMB-10001-02,1021,NOT,NOT,A10001,1,,,,,0.741
CC_25_50,A10001-80-V6-101298-U1CD2B-CC_01,CHMB-10001-02,1021,NOT,NOT,A10001,1,,,,,0.169
CC_80_60,A10001-80-V6-101298-U1CD2B-CC_01,CHMB-10001-02,1021,NOT,NOT,A10001,1,,,,,0.17625
CC_50_60,A10001-80-V6-101298-U1CD2B-CC_01,CHMB-10001-02,1021,NOT,NOT,A10001,1,,,,,0.03375
CC_25_50,A10001-80-V6-101298-U1CD2B-CC_01,CHMB-10001-02,1021,NOT,NOT,A10001,1,,,,,0.3185
CC_80_60,A10001-80-V6-101298-U1CD2B-CC_01,CHMB-10001-02,1021,NOT,NOT,A10001,1,,,,,0.58825
CC_50_60,A10001-80-V6-101298-U1CD2B-CC_01,CHMB-10001-02,1021,NOT,NOT,A10001,1,,,,,0.01875
CC_25_50,A10001-80-V6-101298-U1CD2B-CC_01,CHMB-10001-02,1021,NOT,NOT,A10001,1,,,,,0.26
CC_100_80,A10001-100-V6-101299-U1CD2B-CC_01,V6-10001-01,159,NOT,NOT,A10001,1,,,,,1.6965
CC_100_80,A10001-100-V6-101299-U1CD2B-CC_01,V6-10001-01,159,NOT,NOT,A10001,1,,,,,1.0205
CC_100_80,A10001-100-V6-101299-U1CD2B-CC_01,V6-10001-01,159,NOT,NOT,A10001,1,,,,,0.3705
CC_50_80,A10001-100-V6-101299-U1CD2B-CC_01,V6-10001-01,159,NOT,NOT,A10001,1,,,,,0.3965
CC_100_80,A10001-100-V6-101299-U1CD2B-CC_01,V6-10001-01,159,NOT,NOT,A10001,1,,,,,0.468
CC_25_60,A10001-100-V6-101299-U1CD2B-CC_01,V6-10001-01,159,NOT,NOT,A10001,1,,,,,0.169
CC_100_80,A10001-100-V6-101299-U1CD2B-CC_01,V6-10001-01,159,NOT,NOT,A10001,1,,,,,0.2925
CC_20_60,A10001-100-V6-101299-U1CD2B-CC_01,V6-10001-01,159,NOT,NOT,A10001,1,,,,,0.675
CC_20_60,A10001-100-V6-101299-U1CD2B-CC_01,V6-10001-01,159,NOT,NOT,A10001,1,,,,,0.754
CC_20_60,A10001-100-V6-101299-U1CD2B-CC_01,V6-10001-01,159,NOT,NOT,A10001,1,,,,,1.1505
CC_100_80,A10001-100-V6-101299-U1CD2B-CC_01,V6-10001-01,159,NOT,NOT,A10001,1,,,,,1.1895
CC_80_80,A10001-100-V6-101299-U1CD2B-CC_01,V6-10001-01,159,NOT,NOT,A10001,1,,,,,0.3055
CC_40_80,A10001-40-V6-101355-U1CD2B-CC_01,CHMB-10001-04,1024,NOT,NOT,A10001,1,,,,,1.6965
CC_50_80,A10001-40-V6-101355-U1CD2B-CC_01,CHMB-10001-04,1024,NOT,NOT,A10001,1,,,,,0.21125
CC_40_80,A10001-40-V6-101355-U1CD2B-CC_01,CHMB-10001-04,1024,NOT,NOT,A10001,1,,,,,1.014
CC_40_80,A10001-40-V6-101355-U1CD2B-CC_01,CHMB-10001-04,1024,NOT,NOT,A10001,1,,,,,0.1125
CC_25_60,A10001-40-V6-101355-U1CD2B-CC_01,CHMB-10001-04,1024,NOT,NOT,A10001,1,,,,,0.338
CC_40_80,A10001-40-V6-101355-U1CD2B-CC_01,CHMB-10001-04,1024,NOT,NOT,A10001,1,,,,,0.9165
CC_40_80,A10001-40-V6-101355-U1CD2B-CC_01,CHMB-10001-04,1024,NOT,NOT,A10001,1,,,,,0.0975
CC_20_60,A10001-40-V6-101355-U1CD2B-CC_01,CHMB-10001-04,1024,NOT,NOT,A10001,1,,,,,0.3965
CC_20_60,A10001-40-V6-101355-U1CD2B-CC_01,CHMB-10001-04,1024,NOT,NOT,A10001,1,,,,,1.1925
CC_20_60,A10001-40-V6-101355-U1CD2B-CC_01,CHMB-10001-04,1024,NOT,NOT,A10001,1,,,,,0.728
CC_20_60,A10001-40-V6-101355-U1CD2B-CC_01,CHMB-10001-04,1024,NOT,NOT,A10001,1,,,,,0.78
CC_25_60,A10001-25-V6-101356-U1CD2B-CC_01,CHMB-10001-04,1021,NOT,NOT,A10001,1,,,,,0.884
CC_25_60,A10001-25-V6-101356-U1CD2B-CC_01,CHMB-10001-04,1021,NOT,NOT,A10001,1,,,,,1.014
CC_15_50,A10001-25-V6-101356-U1CD2B-CC_01,CHMB-10001-04,1021,NOT,NOT,A10001,1,,,,,0.247
CC_80_80,A10001-80-V6-102206-U1CD2B-CC_01,HMBC-10001-01,1018,NOT,NOT,A10001,1,,,,,1.9825
CC_20_60,A10001-80-V6-102206-U1CD2B-CC_01,HMBC-10001-01,1018,NOT,NOT,A10001,1,,,,,0.0225
CC_80_80,A10001-80-V6-102206-U1CD2B-CC_01,HMBC-10001-01,1018,NOT,NOT,A10001,1,,,,,0.68575
CC_50_80,A10001-80-V6-102206-U1CD2B-CC_01,HMBC-10001-01,1018,NOT,NOT,A10001,1,,,,,0.3965
CC_40_80,A10001-80-V6-102206-U1CD2B-CC_01,HMBC-10001-01,1018,NOT,NOT,A10001,1,,,,,0.03
CC_25_60,A10001-80-V6-102206-U1CD2B-CC_01,HMBC-10001-01,1018,NOT,NOT,A10001,1,,,,,0.169
CC_80_80,A10001-80-V6-102206-U1CD2B-CC_01,HMBC-10001-01,1018,NOT,NOT,A10001,1,,,,,0.60775
CC_40_80,A10001-80-V6-102206-U1CD2B-CC_01,HMBC-10001-01,1018,NOT,NOT,A10001,1,,,,,0.338
CC_20_60,A10001-80-V6-102206-U1CD2B-CC_01,HMBC-10001-01,1018,NOT,NOT,A10001,1,,,,,0.0225
CC_80_80,A10001-80-V6-102206-U1CD2B-CC_01,HMBC-10001-01,1018,NOT,NOT,A10001,1,,,,,0.075
CC_20_60,A10001-80-V6-102206-U1CD2B-CC_01,HMBC-10001-01,1018,NOT,NOT,A10001,1,,,,,0.3315
CC_20_60,A10001-80-V6-102206-U1CD2B-CC_01,HMBC-10001-01,1018,NOT,NOT,A10001,1,,,,,0.8385
CC_20_60,A10001-80-V6-102206-U1CD2B-CC_01,HMBC-10001-01,1018,NOT,NOT,A10001,1,,,,,0.9815
CC_40_60,A10001-40-V6-102207-U1CD2B-CC_01,HMBC-10001-01,1021,NOT,NOT,A10001,1,,,,,0.5135
CC_40_60,A10001-40-V6-102207-U1CD2B-CC_01,HMBC-10001-01,1021,NOT,NOT,A10001,1,,,,,0.247
CC_25_50,A10001-40-V6-102207-U1CD2B-CC_01,HMBC-10001-01,1021,NOT,NOT,A10001,1,,,,,0.169
CC_20_50,A10001-40-V6-102207-U1CD2B-CC_01,HMBC-10001-01,1021,NOT,NOT,A10001,1,,,,,0.325
CC_40_60,A10001-40-V6-102207-U1CD2B-CC_01,HMBC-10001-01,1021,NOT,NOT,A10001,1,,,,,0.52
CC_25_50,A10001-40-V6-102207-U1CD2B-CC_01,HMBC-10001-01,1021,NOT,NOT,A10001,1,,,,,0.169
CC_20_50,A10001-40-V6-102207-U1CD2B-CC_01,HMBC-10001-01,1021,NOT,NOT,A10001,1,,,,,0.3075
CC_80_80,A10001-80-V6-103504-U1CD2B-CC_01,V6-00000-01,1019,NOT,NOT,A10001,1,,,,,1.11
CC_80_80,A10001-80-V6-103504-U1CD2B-CC_01,V6-00000-01,1019,NOT,NOT,A10001,1,,,,,0.4875
CC_80_80,A10001-80-V6-103504-U1CD2B-CC_01,V6-00000-01,1019,NOT,NOT,A10001,1,,,,,0.1575
CC_25_60,A10001-80-V6-103504-U1CD2B-CC_01,V6-00000-01,1019,NOT,NOT,A10001,1,,,,,0.52
CC_80_80,A10001-80-V6-103504-U1CD2B-CC_01,V6-00000-01,1019,NOT,NOT,A10001,1,,,,,0.9975
CC_80_80,A10001-80-V6-103504-U1CD2B-CC_01,V6-00000-01,1019,NOT,NOT,A10001,1,,,,,0.07875
CC_20_60,A10001-80-V6-103504-U1CD2B-CC_01,V6-00000-01,1019,NOT,NOT,A10001,1,,,,,0.1755
CC_20_60,A10001-80-V6-103504-U1CD2B-CC_01,V6-00000-01,1019,NOT,NOT,A10001,1,,,,,1.2675
CC_80_80,A10001-80-V6-103504-U1CD2B-CC_01,V6-00000-01,1019,NOT,NOT,A10001,1,,,,,0.09375
CC_50_80,A10001-80-V6-103504-U1CD2B-CC_01,V6-00000-01,1019,NOT,NOT,A10001,1,,,,,0.40625
CC_40_80,A10001-80-V6-103504-U1CD2B-CC_01,V6-00000-01,1019,NOT,NOT,A10001,1,,,,,0.299
CC_25_60,A10001-80-V6-103504-U1CD2B-CC_01,V6-00000-01,1019,NOT,NOT,A10001,1,,,,,0.325
CC_50_80,A10001-80-V6-103504-U1CD2B-CC_01,V6-00000-01,1019,NOT,NOT,A10001,1,,,,,0.49725
CC_40_80,A10001-80-V6-103504-U1CD2B-CC_01,V6-00000-01,1019,NOT,NOT,A10001,1,,,,,0.1625
CC_25_60,A10001-80-V6-103504-U1CD2B-CC_01,V6-00000-01,1019,NOT,NOT,A10001,1,,,,,0.1755
CC_20_60,A10001-80-V6-103504-U1CD2B-CC_01,V6-00000-01,1019,NOT,NOT,A10001,1,,,,,0.182
CC_40_80,A10001-80-V6-103504-U1CD2B-CC_01,V6-00000-01,1019,NOT,NOT,A10001,1,,,,,0.6175
CC_25_60,A10001-80-V6-103504-U1CD2B-CC_01,V6-00000-01,1019,NOT,NOT,A10001,1,,,,,0.3315
CC_25_50,A10001-25-V6-103505-U1CD2B-CC_01,HMBN-10001-02,1023,NOT,NOT,A10001,1,,,,,0.91
CC_15_50,A10001-25-V6-103505-U1CD2B-CC_01,HMBN-10001-02,1023,NOT,NOT,A10001,1,,,,,0.117
CC_25_50,A10001-25-V6-103505-U1CD2B-CC_01,HMBN-10001-02,1023,NOT,NOT,A10001,1,,,,,0.5785
CC_15_50,A10001-25-V6-103505-U1CD2B-CC_01,HMBN-10001-02,1023,NOT,NOT,A10001,1,,,,,0.2795
CC_25_50,A10001-25-V6-103505-U1CD2B-CC_01,HMBN-10001-02,1023,NOT,NOT,A10001,1,,,,,0.9035
CC_15_50,A10001-25-V6-103505-U1CD2B-CC_01,HMBN-10001-02,1023,NOT,NOT,A10001,1,,,,,0
CC_40_60,A10001-40-V6-103507-U1CD2B-CC_01,HMBN-10001-02,1023,NOT,NOT,A10001,1,,,,,0.65
CC_20_50,A10001-40-V6-103507-U1CD2B-CC_01,HMBN-10001-02,1023,NOT,NOT,A10001,1,,,,,0.1885
CC_40_60,A10001-40-V6-103507-U1CD2B-CC_01,HMBN-10001-02,1023,NOT,NOT,A10001,1,,,,,0.416
CC_25_50,A10001-40-V6-103507-U1CD2B-CC_01,HMBN-10001-02,1023,NOT,NOT,A10001,1,,,,,0.1755
CC_15_50,A10001-40-V6-103507-U1CD2B-CC_01,HMBN-10001-02,1023,NOT,NOT,A10001,1,,,,,0.273
CC_40_60,A10001-40-V6-103507-U1CD2B-CC_01,HMBN-10001-02,1023,NOT,NOT,A10001,1,,,,,0.7475
CC_25_50,A10001-40-V6-103507-U1CD2B-CC_01,HMBN-10001-02,1023,NOT,NOT,A10001,1,,,,,0.169
CC_15_50,A10001-40-V6-103507-U1CD2B-CC_01,HMBN-10001-02,1023,NOT,NOT,A10001,1,,,,,0.0075
CC_80_80,A10001-80-V6-104105-U1CD2B-CC_01,V6-00000-01,159,NOT,NOT,A10001,1,,,,,1.3455
CC_80_80,A10001-80-V6-104105-U1CD2B-CC_01,V6-00000-01,159,NOT,NOT,A10001,1,,,,,0.0825
CC_50_80,A10001-80-V6-104105-U1CD2B-CC_01,V6-00000-01,159,NOT,NOT,A10001,1,,,,,0.0225
CC_40_80,A10001-80-V6-104105-U1CD2B-CC_01,V6-00000-01,159,NOT,NOT,A10001,1,,,,,0.0675
CC_25_60,A10001-80-V6-104105-U1CD2B-CC_01,V6-00000-01,159,NOT,NOT,A10001,1,,,,,0.169
CC_80_80,A10001-80-V6-104105-U1CD2B-CC_01,V6-00000-01,159,NOT,NOT,A10001,1,,,,,0.41275
CC_50_80,A10001-80-V6-104105-U1CD2B-CC_01,V6-00000-01,159,NOT,NOT,A10001,1,,,,,0.403
CC_25_60,A10001-80-V6-104105-U1CD2B-CC_01,V6-00000-01,159,NOT,NOT,A10001,1,,,,,0.169
CC_80_80,A10001-80-V6-104105-U1CD2B-CC_01,V6-00000-01,159,NOT,NOT,A10001,1,,,,,0.09
CC_20_60,A10001-80-V6-104105-U1CD2B-CC_01,V6-00000-01,159,NOT,NOT,A10001,1,,,,,0.8515
CC_20_60,A10001-80-V6-104105-U1CD2B-CC_01,V6-00000-01,159,NOT,NOT,A10001,1,,,,,0.6695
CC_20_60,A10001-80-V6-104105-U1CD2B-CC_01,V6-00000-01,159,NOT,NOT,A10001,1,,,,,0.7475
CC_80_80,A10001-80-V6-104105-U1CD2B-CC_01,V6-00000-01,159,NOT,NOT,A10001,1,,,,,0.5025
CC_80_80,A10001-80-V6-104105-U1CD2B-CC_01,V6-00000-01,159,NOT,NOT,A10001,1,,,,,1.287
CC_80_80,A10001-80-V6-104105-U1CD2B-CC_01,V6-00000-01,159,NOT,NOT,A10001,1,,,,,0.754
CC_80_60,A10001-80-V6-104106-U1CD2B-CC_01,HMBI-10001-03,1020,NOT,NOT,A10001,1,,,,,0.8385
CC_80_60,A10001-80-V6-104106-U1CD2B-CC_01,HMBI-10001-03,1020,NOT,NOT,A10001,1,,,,,0.741
CC_25_50,A10001-80-V6-104106-U1CD2B-CC_01,HMBI-10001-03,1020,NOT,NOT,A10001,1,,,,,0.169
CC_20_50,A10001-80-V6-104106-U1CD2B-CC_01,HMBI-10001-03,1020,NOT,NOT,A10001,1,,,,,0.299
CC_80_60,A10001-80-V6-104106-U1CD2B-CC_01,HMBI-10001-03,1020,NOT,NOT,A10001,1,,,,,0.559
CC_25_50,A10001-80-V6-104106-U1CD2B-CC_01,HMBI-10001-03,1020,NOT,NOT,A10001,1,,,,,0.169
CC_20_50,A10001-80-V6-104106-U1CD2B-CC_01,HMBI-10001-03,1020,NOT,NOT,A10001,1,,,,,0.3525
CC_80_60,A10001-80-V6-104108-U1CD2B-CC_01,HMBI-10001-03,1020,NOT,NOT,A10001,1,,,,,0.962
CC_80_60,A10001-80-V6-104108-U1CD2B-CC_01,HMBI-10001-03,1020,NOT,NOT,A10001,1,,,,,0.59475
CC_25_50,A10001-80-V6-104108-U1CD2B-CC_01,HMBI-10001-03,1020,NOT,NOT,A10001,1,,,,,0.169
CC_20_50,A10001-80-V6-104108-U1CD2B-CC_01,HMBI-10001-03,1020,NOT,NOT,A10001,1,,,,,0.286
CC_80_60,A10001-80-V6-104108-U1CD2B-CC_01,HMBI-10001-03,1020,NOT,NOT,A10001,1,,,,,0.5915
CC_25_50,A10001-80-V6-104108-U1CD2B-CC_01,HMBI-10001-03,1020,NOT,NOT,A10001,1,,,,,0.169
CC_20_50,A10001-80-V6-104108-U1CD2B-CC_01,HMBI-10001-03,1020,NOT,NOT,A10001,1,,,,,0.3675
CC_80_60,A10001-80-V6-104199-U1CD2B-CC_01,HMBI-10001-03,1020,NOT,NOT,A10001,1,,,,,0.7345
CC_80_60,A10001-80-V6-104199-U1CD2B-CC_01,HMBI-10001-03,1020,NOT,NOT,A10001,1,,,,,0.8515
CC_25_50,A10001-80-V6-104199-U1CD2B-CC_01,HMBI-10001-03,1020,NOT,NOT,A10001,1,,,,,0.169
CC_20_50,A10001-80-V6-104199-U1CD2B-CC_01,HMBI-10001-03,1020,NOT,NOT,A10001,1,,,,,0.351
CC_80_60,A10001-80-V6-104199-U1CD2B-CC_01,HMBI-10001-03,1020,NOT,NOT,A10001,1,,,,,0.5915
CC_25_50,A10001-80-V6-104199-U1CD2B-CC_01,HMBI-10001-03,1020,NOT,NOT,A10001,1,,,,,0.169
CC_20_50,A10001-80-V6-104199-U1CD2B-CC_01,HMBI-10001-03,1020,NOT,NOT,A10001,1,,,,,0.3675
CC_150_90,A10003-150-V6-105354-U1CD2B-CC_01,V6-00000-01,117,NOT,NOT,A10003,1,,,,,0.5655
CC_150_90,A10003-150-V6-105354-U1CD2B-CC_01,V6-00000-01,117,NOT,NOT,A10003,1,,,,,0.4355
CC_25_60,A10003-150-V6-105354-U1CD2B-CC_01,V6-00000-01,117,NOT,NOT,A10003,1,,,,,0.169
CC_150_90,A10003-150-V6-105354-U1CD2B-CC_01,V6-00000-01,117,NOT,NOT,A10003,1,,,,,0.0225
CC_100_80,A10003-150-V6-105354-U1CD2B-CC_01,V6-00000-01,117,NOT,NOT,A10003,1,,,,,0.3575
CC_150_90,A10003-150-V6-105354-U1CD2B-CC_01,V6-00000-01,117,NOT,NOT,A10003,1,,,,,0.4875
CC_25_60,A10003-150-V6-105354-U1CD2B-CC_01,V6-00000-01,117,NOT,NOT,A10003,1,,,,,0.169
CC_150_90,A10003-150-V6-105354-U1CD2B-CC_01,V6-00000-01,117,NOT,NOT,A10003,1,,,,,0.075
CC_20_60,A10003-150-V6-105354-U1CD2B-CC_01,V6-00000-01,117,NOT,NOT,A10003,1,,,,,0.247
CC_150_90,A10003-150-V6-105354-U1CD2B-CC_01,V6-00000-01,117,NOT,NOT,A10003,1,,,,,0.832
CC_20_60,A10003-150-V6-105354-U1CD2B-CC_01,V6-00000-01,117,NOT,NOT,A10003,1,,,,,0.0225
CC_50_80,A10003-150-V6-105354-U1CD2B-CC_01,V6-00000-01,117,NOT,NOT,A10003,1,,,,,0.3965
CC_20_60,A10003-150-V6-105354-U1CD2B-CC_02,V6-00000-01,117,NOT,NOT,A10003,1,,,,,0.741
CC_20_60,A10003-150-V6-105354-U1CD2B-CC_02,V6-00000-01,117,NOT,NOT,A10003,1,,,,,1.196
CC_100_80,A10003-100-V6-105355-U1CD2B-CC_01,RIPA-10003-05,1041,NOT,NOT,A10003,1,,,,,1.0335
CC_100_80,A10003-100-V6-105355-U1CD2B-CC_01,RIPA-10003-05,1041,NOT,NOT,A10003,1,,,,,0.468
CC_25_50,A10003-100-V6-105355-U1CD2B-CC_01,RIPA-10003-05,1041,NOT,NOT,A10003,1,,,,,0.169
CC_100_80,A10003-100-V6-105355-U1CD2B-CC_01,RIPA-10003-05,1041,NOT,NOT,A10003,1,,,,,0.165
CC_50_60,A10003-100-V6-105355-U1CD2B-CC_01,RIPA-10003-05,1041,NOT,NOT,A10003,1,,,,,0.2925
CC_100_80,A10003-100-V6-105355-U1CD2B-CC_01,RIPA-10003-05,1041,NOT,NOT,A10003,1,,,,,0.2535
CC_50_60,A10003-100-V6-105355-U1CD2B-CC_01,RIPA-10003-05,1041,NOT,NOT,A10003,1,,,,,0.195
CC_100_80,A10003-100-V6-105355-U1CD2B-CC_01,RIPA-10003-05,1041,NOT,NOT,A10003,1,,,,,0.312
CC_25_50,A10003-100-V6-105355-U1CD2B-CC_01,RIPA-10003-05,1041,NOT,NOT,A10003,1,,,,,0.1755
CC_80_60,A10003-80-V6-105554-U1CD2B-CC_01,EFL-10003-06,1040,NOT,NOT,A10003,1,,,,,0.7605
CC_80_60,A10003-80-V6-105554-U1CD2B-CC_01,EFL-10003-06,1040,NOT,NOT,A10003,1,,,,,0.5915
CC_25_50,A10003-80-V6-105554-U1CD2B-CC_01,EFL-10003-06,1040,NOT,NOT,A10003,1,,,,,0.169
CC_80_60,A10003-80-V6-105554-U1CD2B-CC_01,EFL-10003-06,1040,NOT,NOT,A10003,1,,,,,0.27375
CC_50_60,A10003-80-V6-105554-U1CD2B-CC_01,EFL-10003-06,1040,NOT,NOT,A10003,1,,,,,0.01875
CC_25_50,A10003-80-V6-105554-U1CD2B-CC_01,EFL-10003-06,1040,NOT,NOT,A10003,1,,,,,0.105
CC_80_60,A10003-80-V6-105554-U1CD2B-CC_01,EFL-10003-06,1040,NOT,NOT,A10003,1,,,,,0.21125
CC_50_60,A10003-80-V6-105554-U1CD2B-CC_01,EFL-10003-06,1040,NOT,NOT,A10003,1,,,,,0.01875
CC_25_50,A10003-80-V6-105554-U1CD2B-CC_01,EFL-10003-06,1040,NOT,NOT,A10003,1,,,,,0.2145
CC_80_60,A10003-80-V6-105554-U1CD2B-CC_01,EFL-10003-06,1040,NOT,NOT,A10003,1,,,,,0.247
CC_25_50,A10003-80-V6-105554-U1CD2B-CC_01,EFL-10003-06,1040,NOT,NOT,A10003,1,,,,,0.1755
CC_20_60,A10003-100-V6-105557-U1CD2B-CC_02,V6-00000-01,1042,NOT,NOT,A10003,1,,,,,0.9975
CC_20_60,A10003-100-V6-105557-U1CD2B-CC_02,V6-00000-01,1042,NOT,NOT,A10003,1,,,,,0.507
CC_20_60,A10003-100-V6-105557-U1CD2B-CC_02,V6-00000-01,1042,NOT,NOT,A10003,1,,,,,0.923
CC_100_80,A10003-100-V6-105557-U1CD2B-CC_01,V6-00000-01,159,NOT,NOT,A10003,1,,,,,0.871
CC_25_60,A10003-100-V6-105557-U1CD2B-CC_01,V6-00000-01,159,NOT,NOT,A10003,1,,,,,0.169
CC_100_80,A10003-100-V6-105557-U1CD2B-CC_01,V6-00000-01,159,NOT,NOT,A10003,1,,,,,0.2535
CC_50_80,A10003-100-V6-105557-U1CD2B-CC_01,V6-00000-01,159,NOT,NOT,A10003,1,,,,,0.045
CC_50_80,A10003-100-V6-105557-U1CD2B-CC_01,V6-00000-01,159,NOT,NOT,A10003,1,,,,,0.27625
CC_80_80,A10003-100-V6-105557-U1CD2B-CC_01,V6-00000-01,159,NOT,NOT,A10003,1,,,,,0.2145
CC_100_80,A10003-100-V6-105557-U1CD2B-CC_01,V6-00000-01,159,NOT,NOT,A10003,1,,,,,0.5915
CC_25_60,A10003-100-V6-105557-U1CD2B-CC_01,V6-00000-01,159,NOT,NOT,A10003,1,,,,,0.169
CC_100_80,A10003-100-V6-105557-U1CD2B-CC_01,V6-00000-01,159,NOT,NOT,A10003,1,,,,,0.0825
CC_20_60,A10003-100-V6-105557-U1CD2B-CC_01,V6-00000-01,159,NOT,NOT,A10003,1,,,,,0.273
CC_100_80,A10003-100-V6-105557-U1CD2B-CC_01,V6-00000-01,159,NOT,NOT,A10003,1,,,,,0.689
CC_50_80,A10003-100-V6-105557-U1CD2B-CC_01,V6-00000-01,159,NOT,NOT,A10003,1,,,,,0.481
CF_100_30,A10001-100-VE1-108151-U4BC1B-CF_01,VE1-10001-01,76,NOT,NOT,A10001,1,,,,,0.2795
CF_25_20,A10001-100-VE1-108151-U4BC1B-CF_01,VE1-10001-01,76,NOT,NOT,A10001,1,,,,,0.611
CF_150_30,A10001-100-VE1-108151-U4BC1B-CF_01,VE1-10001-01,76,NOT,NOT,A10001,1,,,,,0.2775
CF_100_30,A10001-100-VE1-108151-U4BC1B-CF_01,VE1-10001-01,76,NOT,NOT,A10001,1,,,,,0.78
CF_50_20,A10001-100-VE1-108151-U4BC1B-CF_01,VE1-10001-01,76,NOT,NOT,A10001,1,,,,,0.0225
PP_80_30,A10005-80-VE1-108502-U4BC1B-PP_01,HMBH-10005-01,2055,NOT,NOT,A10005,1,,,,,1.4105
PP_50_30,A10005-80-VE1-108502-U4BC1B-PP_01,HMBH-10005-01,2055,NOT,NOT,A10005,1,,,,,0.273
PP_40_30,A10005-80-VE1-108502-U4BC1B-PP_01,HMBH-10005-01,2055,NOT,NOT,A10005,1,,,,,0.015
PP_40_30,A10005-80-VE1-108502-U4BC1B-PP_01,HMBH-10005-01,2055,NOT,NOT,A10005,1,,,,,0.9035
PP_25_30,A10005-80-VE1-108502-U4BC1B-PP_01,HMBH-10005-01,2055,NOT,NOT,A10005,1,,,,,0.273
CF_100_30,A10001-100-VT3-108209-U1BC2A-CF_01,AGL-10005-01,57,NOT,NOT,A10001,1,,,,,0.377
CF_100_30,A10001-100-VT3-108209-U1BC2A-CF_02,AGL-10005-01,57,NOT,NOT,A10001,1,,,,,0.377
CF_100_30,A10001-100-VT3-108209-U1BC2A-CF_04,AGL-10005-01,R-10820,NOT,NOT,A10001,1,,,,,0.0225
CF_100_30,A10001-100-VT3-108209-U1BC2A-CF_05,AGL-10005-01,R-10820,NOT,NOT,A10001,1,,,,,0.0225
CF_100_30,A10001-100-VT3-108209-U1BC2A-CF_06,AGL-10005-01,R-10820,NOT,NOT,A10001,1,,,,,0.0225
CF_100_30,A10001-100-VT3-108209-U1BC2A-CF_07,AGL-10005-01,R-10820,NOT,NOT,A10001,1,,,,,0.0225
CC_100_60,A10001-100-VT4-101184-U4BC1B-CC_01,CHMB-10001-01,55,NOT,NOT,A10001,1,,,,,0.3965
CC_100_60,A10001-100-VT4-101294-U4BC1B-CC_01,CHMB-10001-02,55,NOT,NOT,A10001,1,,,,,0.3965
CC_80_60,A10001-100-VT4-101308-U4BC1B-CC_02,CHMB-10001-04,R-10130,NOT,NOT,A10001,1,,,,,0.39
CC_80_60,A10001-100-VT4-101308-U4BC1B-CC_03,CHMB-10001-04,R-10130,NOT,NOT,A10001,1,,,,,0.39
CC_100_60,A10001-100-VT4-101308-U4BC1B-CC_04,CHMB-10001-04,R-10130,NOT,NOT,A10001,1,,,,,0.4615
CC_50_50,A10001-100-VT4-101308-U4BC1B-CC_05,CHMB-10001-04,R-10130,NOT,NOT,A10001,1,,,,,0.0225
CC_25_60,A10003-300-AR-101903-U1BC2A-NC_01,AR-PR11-01,1037,NOT,NOT,A10003,1,,,,,0.169
CC_25_60,A10003-300-AR-101903-U1BC2A-NC_02,AR-00000-01,1038,NOT,NOT,A10003,1,,,,,0.169
CC_80_60,A10001-80-VT4-102106-U4BC1B-CC_01,INC-10001-04,D-10210,NOT,NOT,A10001,1,,,,,0.9
CC_80_60,A10001-80-VT4-102106-U4BC1B-CC_02,INC-10001-04,D-10210,NOT,NOT,A10001,1,,,,,0.9
CC_50_50,A10001-80-VT4-102106-U4BC1B-CC_03,INC-10001-04,53,NOT,NOT,A10001,1,,,,,0.6045
CC_50_50,A10001-80-VT4-102106-U4BC1B-CC_06,INC-10001-04,53,NOT,NOT,A10001,1,,,,,0.6045
CC_50_50,A10001-80-VT4-102106-U4BC1B-CC_07,INC-10001-04,53,NOT,NOT,A10001,1,,,,,0.6045
CC_40_60,A10001-80-VT4-102106-U4BC1B-CC_08,INC-10001-04,D-10210,NOT,NOT,A10001,1,,,,,0.375
CC_80_60,A10001-80-VT4-102299-U4BC1B-CC_01,HMBC-10001-01,I-10220,NOT,NOT,A10001,1,,,,,0.9
CC_80_60,A10001-80-VT4-102299-U4BC1B-CC_02,HMBC-10001-01,I-10220,NOT,NOT,A10001,1,,,,,0.9
CC_80_60,A10001-80-VT4-102299-U4BC1B-CC_03,HMBC-10001-01,I-10220,NOT,NOT,A10001,1,,,,,0.9
CC_80_60,A10001-80-VT4-102299-U4BC1B-CC_04,HMBC-10001-01,I-10220,NOT,NOT,A10001,1,,,,,0.9
CC_50_60,A10001-80-VT4-102299-U4BC1B-CC_06,HMBC-10001-01,I-10220,NOT,NOT,A10001,1,,,,,0.9
CC_40_60,A10001-80-VT4-102299-U4BC1B-CC_07,HMBC-10001-01,I-10220,NOT,NOT,A10001,1,,,,,0.45
CC_100_60,A10001-100-VT4-102397-U4BC1B-CC_01,CIPA-10001-01,53,NOT,NOT,A10001,1,,,,,0.4615
CC_80_60,A10001-100-VT4-102397-U4BC1B-CC_02,CIPA-10001-01,53,NOT,NOT,A10001,1,,,,,0.637
CC_80_60,A10001-100-VT4-102397-U4BC1B-CC_03,CIPA-10001-01,R-10230,NOT,NOT,A10001,1,,,,,0.39
CC_50_50,A10001-100-VT4-102397-U4BC1B-CC_04,CIPA-10001-01,R-10230,NOT,NOT,A10001,1,,,,,0.39
CC_50_50,A10001-100-VT4-102397-U4BC1B-CC_05,CIPA-10001-01,R-10230,NOT,NOT,A10001,1,,,,,0.195
CC_80_60,A10001-80-VT4-103195-U4BC1B-CC_01,HMBN-10001-01,K-10310,NOT,NOT,A10001,1,,,,,0.39
CC_80_60,A10001-80-VT4-103195-U4BC1B-CC_02,HMBN-10001-01,K-10310,NOT,NOT,A10001,1,,,,,0.39
CC_80_60,A10001-80-VT4-103195-U4BC1B-CC_03,HMBN-10001-01,K-10310,NOT,NOT,A10001,1,,,,,0.39
CC_80_60,A10001-80-VT4-103195-U4BC1B-CC_04,HMBN-10001-01,K-10310,NOT,NOT,A10001,1,,,,,0.39
CC_80_60,A10001-80-VT4-103597-U4BC1B-CC_01,HMBN-10001-02,R-10350,NOT,NOT,A10001,1,,,,,0.9
CC_80_60,A10001-80-VT4-103597-U4BC1B-CC_02,HMBN-10001-02,R-10350,NOT,NOT,A10001,1,,,,,0.45
CC_80_60,A10001-80-VT4-103597-U4BC1B-CC_03,HMBN-10001-02,R-10350,NOT,NOT,A10001,1,,,,,0.9
PP_80_30,A10001-80-VT4-103699-U4BC1B-PP_01,HMBI-10001-02,53,NOT,NOT,A10001,1,,,,,0.1755
PP_80_30,A10001-80-VT4-103699-U4BC1B-PP_02,HMBI-10001-02,R-10360,NOT,NOT,A10001,1,,,,,0.18
PP_80_30,A10001-80-VT4-103699-U4BC1B-PP_03,HMBI-10001-02,R-10360,NOT,NOT,A10001,1,,,,,0.18
CC_100_80,A10001-100-VT4-103707-U4BC1B-CC_01,HMBI-10001-02,R-10370,NOT,NOT,A10001,1,,,,,0.21
CC_80_60,A10001-100-VT4-103707-U4BC1B-CC_04,HMBI-10001-02,R-10370,NOT,NOT,A10001,1,,,,,0.18
CC_80_60,A10001-100-VT4-103707-U4BC1B-CC_05,HMBI-10001-02,R-10370,NOT,NOT,A10001,1,,,,,0.18
CC_25_50,A10001-25-VT4-103897-U4BC1B-CC_01,IPA-10001-01,I-10395,NOT,NOT,A10001,1,,,,,0.375
CC_80_60,A10001-80-VT4-104205-U4BC1B-CC_02,HMBI-10001-03,53,NOT,NOT,A10001,1,,,,,0.338
CC_80_60,A10001-80-VT4-104205-U4BC1B-CC_03,HMBI-10001-03,53,NOT,NOT,A10001,1,,,,,0.3315
CC_80_60,A10001-80-VT4-104205-U4BC1B-CC_04,HMBI-10001-03,R-10420,NOT,NOT,A10001,1,,,,,0.45
CC_25_50,A10001-25-VT4-104248-U4BC1B-CC_01,HMBI-10001-03,S-10424,NOT,NOT,A10001,1,,,,,0.182
CC_25_50,A10001-25-VT4-104253-U4BC1B-CC_01,HMBI-10001-03,S-10425,NOT,NOT,A10001,1,,,,,0.182
CC_25_50,A10001-25-VT4-104266-U4BC1B-CC_01,HMBI-10001-03,I-10426,NOT,NOT,A10001,1,,,,,0.375
CC_25_50,A10001-25-VT4-104266-U4BC1B-CC_02,HMBI-10001-03,I-10426,NOT,NOT,A10001,1,,,,,0.375
CC_100_60,A10001-100-VT4-104506-U4BC1B-CC_01,HMBI-10001-01,53,NOT,NOT,A10001,1,,,1,,1.930610329
CC_100_60,A10001-100-VT4-104506-U4BC1B-CC_02,HMBI-10001-01,R-10450,NOT,NOT,A10001,1,,,,,1.05
CC_100_60,A10001-100-VT4-104506-U4BC1B-CC_03,HMBI-10001-01,R-10450,NOT,NOT,A10001,1,,,,,1.05
CC_100_60,A10001-100-VT4-104506-U4BC1B-CC_04,HMBI-10001-01,R-10450,NOT,NOT,A10001,1,,,,,1.05
CC_80_60,A10001-100-VT4-104606-U4BC1B-CC_01,HMBI-10001-01,R-10460,NOT,NOT,A10001,1,,,,,0.9
CC_80_60,A10001-100-VT4-104606-U4BC1B-CC_02,HMBI-10001-01,R-10460,NOT,NOT,A10001,1,,,,,0.9
CC_80_60,A10001-100-VT4-104606-U4BC1B-CC_03,HMBI-10001-01,R-10460,NOT,NOT,A10001,1,,,,,0.9
CC_100_60,A10001-100-VT4-104606-U4BC1B-CC_04,HMBI-10001-01,53,NOT,NOT,A10001,1,,,,,0.377
PP_25_30,A10001-150-EFL-108604-U4BC1B-PP_01,EFL-10001-02,15,NOT,NOT,A10001,1,,,,,0.1105
PP_25_30,A10001-150-EFL-108604-U4BC1B-PP_01,EFL-10001-02,15,NOT,NOT,A10001,1,,,,,0.1157
PP_25_30,A10001-150-EFL-108604-U4BC1B-PP_01,EFL-10001-02,15,NOT,NOT,A10001,1,,,,,0.1157
PP_25_30,A10001-150-EFL-108604-U4BC1B-PP_01,EFL-10001-02,15,NOT,NOT,A10001,1,,,,,0.122395
PP_25_30,A10001-150-EFL-108604-U4BC1B-PP_01,EFL-10001-02,15,NOT,NOT,A10001,1,,,,,0.12337
PP_25_30,A10001-150-EFL-108604-U4BC1B-PP_01,EFL-10001-02,15,NOT,NOT,A10001,1,,,,,0.1105
PP_25_30,A10001-150-EFL-108604-U4BC1B-PP_01,EFL-10001-02,15,NOT,NOT,A10001,1,,,,,0.244465
PP_25_30,A10001-150-EFL-108604-U4BC1B-PP_01,EFL-10001-02,15,NOT,NOT,A10001,1,,,,,0.15925
PP_25_30,A10001-150-EFL-108604-U4BC1B-PP_01,EFL-10001-02,15,NOT,NOT,A10001,1,,,,,0.114335
PP_25_30,A10001-150-EFL-108604-U4BC1B-PP_01,EFL-10001-02,15,NOT,NOT,A10001,1,,,,,0.22945
PP_25_30,A10001-150-EFL-108604-U4BC1B-PP_01,EFL-10001-02,15,NOT,NOT,A10001,1,,,,,0.111865
PP_25_30,A10001-150-EFL-108604-U4BC1B-PP_01,EFL-10001-02,15,NOT,NOT,A10001,1,,,,,0.11284
PP_25_30,A10001-150-EFL-108604-U4BC1B-PP_01,EFL-10001-02,15,NOT,NOT,A10001,1,,,,,0.622245
CC_50_50,A10003-50-VT4-105298-U4BC1B-CC_01,RIPA-10003-02,S-10520,NOT,NOT,A10003,1,,,1,,0.815750843
CC_50_50,A10003-50-VT4-105298-U4BC1B-CC_06,RIPA-10003-02,S-10520,NOT,NOT,A10003,1,,,1,,1.631501687
CC_50_60,A10003-80-VT4-105395-U4BC1B-CC_01,RIPA-10003-05,D-10530,NOT,NOT,A10003,1,,,,,0.45
CC_80_60,A10003-80-VT4-105395-U4BC1B-CC_02,RIPA-10003-05,D-10530,NOT,NOT,A10003,1,,,,,0.9
CC_80_60,A10003-80-VT4-105395-U4BC1B-CC_03,RIPA-10003-05,D-10530,NOT,NOT,A10003,1,,,,,0.9
CC_80_60,A10003-80-VT4-105395-U4BC1B-CC_04,RIPA-10003-05,82,NOT,NOT,A10003,1,,,,,0.3445
CC_50_50,A10003-80-VT4-105395-U4BC1B-CC_04,RIPA-10003-05,82,NOT,NOT,A10003,1,,,,,0.2015
CC_50_50,A10003-80-VT4-105395-U4BC1B-CC_04,RIPA-10003-05,82,NOT,NOT,A10003,1,,,,,0.208
CC_20_50,A10003-80-VT4-105395-U4BC1B-CC_04,RIPA-10003-05,82,NOT,NOT,A10003,1,,,,,0.1755
CC_50_60,A10003-80-VT4-105395-U4BC1B-CC_05,RIPA-10003-05,D-10530,NOT,NOT,A10003,1,,,,,0.9
CC_50_60,A10003-80-VT4-105395-U4BC1B-CC_06,RIPA-10003-05,D-10530,NOT,NOT,A10003,1,,,,,0.9
CC_50_60,A10003-80-VT4-105395-U4BC1B-CC_07,RIPA-10003-05,D-10530,NOT,NOT,A10003,1,,,,,0.9
CC_80_60,A10003-80-VT4-105395-U4BC1B-CC_18,RIPA-10003-05,82,NOT,NOT,A10003,1,,,,,0.364
CC_80_60,A10003-80-VT4-105409-U4BC1B-CC_01,RIPA-10003-01,R-10540,NOT,NOT,A10003,1,,,,,0.9
CC_80_60,A10003-80-VT4-105409-U4BC1B-CC_02,RIPA-10003-01,R-10540,NOT,NOT,A10003,1,,,,,0.9
CC_80_60,A10003-80-VT4-105409-U4BC1B-CC_03,RIPA-10003-01,R-10540,NOT,NOT,A10003,1,,,,,0.45
CC_50_60,A10003-80-VT4-105409-U4BC1B-CC_04,RIPA-10003-01,R-10540,NOT,NOT,A10003,1,,,,,0.9
CC_50_50,A10003-80-VT4-105409-U4BC1B-CC_05,RIPA-10003-01,R-10540,NOT,NOT,A10003,1,,,,,0.39
CC_50_50,A10003-50-VT4-105455-U4BC1B-CC_01,RIPA-10003-01,111,NOT,NOT,A10003,1,,,,,0.338
CC_40_60,A10003-80-VT4-105507-U4BC1B-CC_01,EFL-10003-06,D-10550,NOT,NOT,A10003,1,,,,,0.375
CC_80_60,A10003-80-VT4-105507-U4BC1B-CC_02,EFL-10003-06,D-10550,NOT,NOT,A10003,1,,,,,0.9
CC_80_60,A10003-80-VT4-105507-U4BC1B-CC_03,EFL-10003-06,D-10550,NOT,NOT,A10003,1,,,,,0.9
CC_80_60,A10003-80-VT4-105507-U4BC1B-CC_04,EFL-10003-06,106,NOT,NOT,A10003,1,,,,,0.3575
CC_50_60,A10003-80-VT4-105507-U4BC1B-CC_04,EFL-10003-06,106,NOT,NOT,A10003,1,,,,,0.2145
CC_50_60,A10003-80-VT4-105507-U4BC1B-CC_04,EFL-10003-06,106,NOT,NOT,A10003,1,,,,,0.2145
CC_50_60,A10003-80-VT4-105507-U4BC1B-CC_04,EFL-10003-06,106,NOT,NOT,A10003,1,,,,,0.2275
CC_50_60,A10003-80-VT4-105507-U4BC1B-CC_05,EFL-10003-06,D-10550,NOT,NOT,A10003,1,,,,,0.9
CC_50_60,A10003-80-VT4-105507-U4BC1B-CC_06,EFL-10003-06,D-10550,NOT,NOT,A10003,1,,,,,0.9
CC_50_60,A10003-80-VT4-105507-U4BC1B-CC_07,EFL-10003-06,D-10550,NOT,NOT,A10003,1,,,,,0.9
CC_40_60,A10003-80-VT4-105507-U4BC1B-CC_16,EFL-10003-06,D-10550,NOT,NOT,A10003,1,,,,,0.375
CC_50_50,A10003-100-VT4-105608-U4BC1B-CC_01,RIPA-10003-03,R-10560,NOT,NOT,A10003,1,,,,,0.45
CC_80_60,A10003-100-VT4-105608-U4BC1B-CC_02,RIPA-10003-03,R-10560,NOT,NOT,A10003,1,,,,,0.9
CC_80_60,A10003-100-VT4-105608-U4BC1B-CC_03,RIPA-10003-03,R-10560,NOT,NOT,A10003,1,,,,,0.9
CC_100_60,A10003-100-VT4-105608-U4BC1B-CC_04,RIPA-10003-03,R-10560,NOT,NOT,A10003,1,,,,,0.525
CC_50_50,A10003-100-VT4-105608-U4BC1B-CC_05,RIPA-10003-03,R-10560,NOT,NOT,A10003,1,,,,,0.45
CC_80_60,A10005-100-VT4-106104-U4BC1B-CC_01,HMBI-10005-01,R-10610,NOT,NOT,A10005,1,,,,,0.195
CC_100_60,A10005-100-VT4-106104-U4BC1B-CC_03,HMBI-10005-01,154,NOT,NOT,A10005,1,,,,,0.4615
CC_100_60,A10005-100-VT4-106104-U4BC1B-CC_04,HMBI-10005-01,154,NOT,NOT,A10005,1,,,,,0.4615
CC_50_50,A10005-100-VT4-106104-U4BC1B-CC_05,HMBI-10005-01,R-10610,NOT,NOT,A10005,1,,,,,0.39
CC_50_50,A10005-100-VT4-106104-U4BC1B-CC_06,HMBI-10005-01,R-10610,NOT,NOT,A10005,1,,,,,0.39
CC_25_50,A10005-25-VT4-106152-U4BC1B-CC_01,HMBI-10005-01,I-10615,NOT,NOT,A10005,1,,,,,0.375
CC_25_50,A10005-25-VT4-106152-U4BC1B-CC_02,DOES NOT EXIST,,NOT,NOT,A10005,1,,,,,0.375
CC_25_50,A10005-25-VT4-106152-U4BC1B-CC_03,DOES NOT EXIST,,NOT,NOT,A10005,1,,,,,0.375
CC_25_50,A10005-25-VT4-106152-U4BC1B-CC_04,DOES NOT EXIST,,NOT,NOT,A10005,1,,,,,0.375
PP_50_30,A10001-100-VT4-108107-U4BC1B-PP_01,INC-10001-02,53,NOT,NOT,A10001,1,,,,,0.3315
PP_50_30,A10001-100-VT4-108107-U4BC1B-PP_02,INC-10001-02,R-10810,NOT,NOT,A10001,1,,,,,0.0225
PP_50_30,A10001-100-VT4-108107-U4BC1B-PP_03,INC-10001-02,53,NOT,NOT,A10001,1,,,,,0.3965
PP_50_30,A10001-100-VT4-108107-U4BC1B-PP_04,INC-10001-02,R-10810,NOT,NOT,A10001,1,,,,,0.9
PP_50_30,A10001-100-VT4-108107-U4BC1B-PP_05,INC-10001-02,R-10810,NOT,NOT,A10001,1,,,,,0.9
PP_100_30,A10001-100-VT4-108107-U4BC1B-PP_06,INC-10001-02,53,NOT,NOT,A10001,1,,,,,0.377
CC_100_60,A10005-100-VT4-108503-U4BC1B-CC_01,HMBH-10005-01,R-10850,NOT,NOT,A10005,1,,,,,0.525
CC_100_60,A10005-100-VT4-108503-U4BC1B-CC_03,HMBH-10005-01,154,NOT,NOT,A10005,1,,,,,0.611
CC_50_50,A10005-100-VT4-108503-U4BC1B-CC_03,HMBH-10005-01,154,NOT,NOT,A10005,1,,,,,0.39
CC_100_60,A10005-100-VT4-108503-U4BC1B-CC_04,HMBH-10005-01,154,NOT,NOT,A10005,1,,,,,0.611
CC_50_50,A10005-100-VT4-108503-U4BC1B-CC_05,HMBH-10005-01,R-10850,NOT,NOT,A10005,1,,,,,0.9
CC_50_50,A10005-100-VT4-108503-U4BC1B-CC_06,HMBH-10005-01,R-10850,NOT,NOT,A10005,1,,,,,0.9
CC_25_50,A10005-25-VT4-108562-U4BC1B-CC_01,HMBH-10005-01,I-10856,NOT,NOT,A10005,1,,,,,0.375
CC_100_60,A10004-100-VT4-108804-U4BC1B-CC_01,SSAM-10004-01,130,NOT,NOT,A10004,1,,,,,0.377
CC_100_60,A10004-100-VT4-108804-U4BC1B-CC_03,SSAM-10004-01,130,NOT,NOT,A10004,1,,,,,0.39
CC_100_60,A10004-100-VT4-108804-U4BC1B-CC_04,SSAM-10004-01,130,NOT,NOT,A10004,1,,,,,0.39
CC_50_50,A10004-100-VT4-108804-U4BC1B-CC_06,SSAM-10004-01,R-10880,NOT,NOT,A10004,1,,,,,0.57
CC_50_50,A10004-100-VT4-108804-U4BC1B-CC_07,SSAM-10004-01,R-10880,NOT,NOT,A10004,1,,,,,0.57
CC_100_60,A10004-100-VT4-108804-U4BC1B-CC_08,SSAM-10004-01,R-10880,NOT,NOT,A10004,1,,,,,0.0285
CC_100_60,A10005-100-VT4-16501-U4BC1B-CC_01,HMBI-10005-03,154,NOT,NOT,A10005,1,,,,,0.377
CC_100_60,A10005-100-VT4-16501-U4BC1B-CC_03,HMBI-10005-03,154,NOT,NOT,A10005,1,,,,,0.377
CC_100_60,A10005-100-VT4-16501-U4BC1B-CC_04,HMBI-10005-03,154,NOT,NOT,A10005,1,,,,,0.377
CC_50_50,A10005-100-VT4-16501-U4BC1B-CC_05,HMBI-10005-03,R-1650,NOT,NOT,A10005,1,,,,,0.9
CC_50_50,A10005-100-VT4-16501-U4BC1B-CC_06,HMBI-10005-03,R-1650,NOT,NOT,A10005,1,,,,,0.9
CC_25_50,A10005-25-VT4-16571-U4BC1B-CC_01,HMBI-10005-03,I-1657,NOT,NOT,A10005,1,,,,,0.375
CC_25_50,A10005-25-VT4-16571-U4BC1B-CC_01,HMBI-10005-03,I-1657,NOT,NOT,A10005,1,,,,,0.39
CC_150_80,A10001-150-HMBC-104604-U4BC1B-CC_01,HMBI-10001-01,53,NOT,NOT,A10001,1,,,,,0.2665
PP_40_30,A10003-40-AR-105583-U1BC2A-NC_01,AR-00000-05,1038,NOT,NOT,A10003,1,,,,,0.4732
PP_40_30,A10003-40-AR-105583-U1BC2A-NC_01,AR-00000-05,1038,NOT,NOT,A10003,1,,,,,0.3705
PP_25_30,A10003-40-AR-105583-U1BC2A-NC_01,AR-00000-05,1038,NOT,NOT,A10003,1,,,,,0.1625
PP_40_30,A10003-40-AR-105583-U1BC2A-NC_01,AR-00000-05,1038,NOT,NOT,A10003,1,,,,,0.182
PP_25_30,A10003-40-AR-105583-U1BC2A-NC_01,AR-00000-05,1038,NOT,NOT,A10003,1,,,,,0.169
PP_50_30,A10003-40-AR-105583-U1BC2A-NC_01,AR-00000-05,1038,NOT,NOT,A10003,1,,,,,0.2275
PP_40_30,A10003-40-AR-105583-U1BC2A-NC_01,AR-00000-05,1038,NOT,NOT,A10003,1,,,,,0.4875
PP_40_30,A10003-40-AR-105583-U1BC2A-NC_01,AR-00000-05,1038,NOT,NOT,A10003,1,,,,,0.135675
PP_25_30,A10003-40-AR-105583-U1BC2A-NC_01,AR-00000-05,1038,NOT,NOT,A10003,1,,,,,0.13
PP_25_30,A10003-40-AR-105584-U1BC2A-NC_01,AR-00000-05,1038,NOT,NOT,A10003,1,,,,,0.202475
PP_40_30,A10003-40-AR-105584-U1BC2A-NC_01,AR-00000-05,1038,NOT,NOT,A10003,1,,,,,0.63206
PP_40_30,A10003-40-AR-105584-U1BC2A-NC_01,AR-00000-05,1038,NOT,NOT,A10003,1,,,,,0.182
PP_100_30,A10001-100-AR-104265-U1BC2A-NC_01,AR-00000-01,1014,NOT,NOT,A10001,1,,,,,0.45812
PP_25_30,A10001-100-AR-104265-U1BC2A-NC_01,AR-00000-01,1014,NOT,NOT,A10001,1,,,,,0.169
CC_25_60,A10001-250-AR-101904-U1BC2A-NC_01,AR-00000-02,1012,NOT,NOT,A10001,1,,,,,0.169
PP_25_30,A10001-25-AR-10195-U1BC2A-NC_01,AR-00000-02,1012,NOT,NOT,A10001,1,,,,,0.8645
PP_25_30,A10001-25-CIPA-10292-U4BC1B-NC_01,CIPA-10001-03,38,NOT,NOT,A10001,1,,,,,0.2795
CCTN_100_60,A10001-100-V6-95607-U1CD2B-NC_01,EFL-10001-03,2029,YES,EHT-95607-TH,A10001,1,,,,,0.468675
CCTN_25_50,A10001-100-V6-95607-U1CD2B-NC_01,EFL-10001-03,2029,YES,EHT-95607-TH,A10001,1,,,,,0.169
CCTN_100_60,A10001-100-V6-95607-U1CD2B-NC_01,EFL-10001-03,2029,YES,EHT-95607-TH,A10001,1,,,,,0.3375
CCTN_25_50,A10001-100-V6-95607-U1CD2B-NC_01,EFL-10001-03,2029,YES,EHT-95607-TH,A10001,1,,,,,0.3315
CCTN_100_60,A10001-100-V6-95607-U1CD2B-NC_01,EFL-10001-03,2029,YES,EHT-95607-TH,A10001,1,,,,,0.0639
CCTN_25_50,A10001-100-V6-95607-U1CD2B-NC_01,EFL-10001-03,2029,YES,EHT-95607-TH,A10001,1,,,,,0.169
PP_300_80,A10001-300-HMBH-104204-U4BC1B-NC_01,HMBI-10001-03,2025,NOT,NOT,A10001,1,,,,,1.0075
PP_300_80,A10001-300-HMBH-104204-U4BC1B-NC_01,HMBI-10001-03,2025,NOT,NOT,A10001,1,,,,,1.08
NC_80_,A10001-80-EFL-108724-U4BC1B-NC_01,EFL-10001-05,2009,NOT,NOT,A10001,1,,,,,0
NC_50_,A10001-80-EFL-108724-U4BC1B-NC_01,EFL-10001-05,2009,NOT,NOT,A10001,1,,,,,0
NC_25_,A10001-80-EFL-108724-U4BC1B-NC_01,EFL-10001-05,2009,NOT,NOT,A10001,1,,,,,0
NC_20_,A10001-80-EFL-108724-U4BC1B-NC_01,EFL-10001-05,2009,NOT,NOT,A10001,1,,,,,0
NC_80_,A10001-80-EFL-108724-U4BC1B-NC_01,EFL-10001-05,2009,NOT,NOT,A10001,1,,,,,0
NC_25_,A10001-80-EFL-108724-U4BC1B-NC_01,EFL-10001-05,2009,NOT,NOT,A10001,1,,,,,0
NC_80_,A10001-80-EFL-108724-U4BC1B-NC_01,EFL-10001-05,2009,NOT,NOT,A10001,1,,,,,0
CC_25_60,A10003-300-AR-101904-U1BC2A-NC_01,AR-PR11-01,1037,NOT,NOT,A10003,1,,,,,0.169
CC_25_60,A10003-300-AR-101904-U1BC2A-NC_02,AR-00000-01,1038,NOT,NOT,A10003,1,,,,,0.169
CCTN_50_50,A10004-50-INC-15508-U4BC1B-NC_01,IPA-10004-01,122,NOT,NOT,A10004,1,,,,,0.31473
CCTN_50_50,A10004-50-INC-15508-U4BC1B-NC_01,IPA-10004-01,122,NOT,NOT,A10004,1,,,,,0.767
CCTN_50_50,A10004-50-INC-15508-U4BC1B-NC_01,IPA-10004-01,122,NOT,NOT,A10004,1,,,,,0.377
CCTN_25_50,A10004-50-INC-15508-U4BC1B-NC_01,IPA-10004-01,122,NOT,NOT,A10004,1,,,,,0.1755
PP_200_30,A10001-200-IPAV-101205-U4BC1B-NC_01,EFL-10001-03,2024,NOT,NOT,A10001,1,,,,,0.3318
CCTN_25_50,A10003-25-AP-100132-U4AC2A-NC_01,AP-00000-01,1031,NOT,NOT,A10003,1,,,,,0.767
CCTN_25_50,A10003-25-AP-100132-U4AC2A-NC_01,AP-00000-01,1031,NOT,NOT,A10003,1,,,,,1.8525
