Isometric,LINE ID,Design Area,DN,FLUIDO,SEQ,INSULATION,TRAIN,SPEC,QTY Spools,QTY Spools Unique,Total Welds,QTY Welds Shop (SW),QTY Welds Field (FW),"TOTAL DIAINCH ("")","TOTAL DONE DIAINCH ("")",RATIO DONE DIAINCH (%),ISO TOTAL SW & FW 90-100%,"BUDGET DIAINCH SHOP ("")","DONE DIAINCH SHOP ("")",RATIO DONE SHOP DIAINCH (%),ISO SHOP 90-100%,"BUDGET DIAINCH FIELD ("")","DONE DIAINCH FIELD ("")",RATIO DONE FIELD DIAINCH (%),ISO FIELD 90-100%,PENDING DIANCH,ISO SW END BY WEEK,ISO FW END BY WEEK,QTY STD Supports TEN/TEIGA,100% at site,BUDGET SUPPORT PIECES,QTY SUPPORT,% PROGRESS DELIVERY IN SITE,SUPPORTS DELIVERED 90-100%,TOTAL PIECES SUPPORT RECIEVED,QTY SUPPORT RECIEVED,FABRICADO,TOTAL PIECES SUPPORT INSTALLED,QTY SUPPORT INSTALLED,% PROGRESS ERECTED,SPS,STATUS,STATUS SPS 1 = erected,PreCOM,MESSURE,TEST PACK,SUBSYSTEM,CONSTRUC COORD PROGRESS,CATEGORY PED,TEST PRESSURE MAX (BAR G),PROGRESS SW+FW (%),FLUID_SUBSYSTEM,S/N,DESCRIPTION,INSULATION
/A10001-100-AGL-10395-U1BC2A-CF_01,AGL-10395,A10001,100,AGL,10395,CF,1,U1BC2A,5,3,8,5,3,32,32,100,90-100%,20,20,100,90-100%,12,12,100,90-100%,0,41,13,TECHNIP,100,4,2,100,90-100%,4,2,0,4,2,100,NOT APPLY,NULL,NULL,Ready for Dossier,10,7,AGL-10005-01,100,Art. 4.3,15,100,AGL,00008,Agua glicolada y lineas asociadas,Si
/A10001-100-AGL-10395-U1BC2A-CF_02,AGL-10395,A10001,100,AGL,10395,CF,2,U1BC2A,24,6,29,19,10,83.5,83.5,100,90-100%,48.5,48.5,100,90-100%,35,35,100,90-100%,0,41,11,TECHNIP,81.82,11,5,81.82,NULL,9,3,0,7,3,63.64,NOT APPLY,NULL,NULL,NULL,7,7,AGL-10005-01,89.09,Art. 4.3,15,100,AGL,00008,Agua glicolada y lineas asociadas,Si
/A10001-100-AGL-108208-U1BC2A-NC_01,AGL-108208,A10001,100,AGL,108208,NC,1,U1BC2A,11,4,15,10,5,51,51,100,90-100%,35,35,100,90-100%,16,16,100,90-100%,0,41,13,TECHNIP,100,11,7,100,90-100%,11,7,0,11,7,100,NOT APPLY,NULL,NULL,Ready for Dossier,10,2010,AGL-10005-01,100,NULL,15,100,AGL,00008,Agua glicolada y lineas asociadas,Si
/A10001-100-AGL-108259-U1BC2A-CF_01,AGL-108259,A10001,100,AGL,108259,CF,1,U1BC2A,26,5,33,22,11,88.5,80.5,90.96,90-100%,49.5,49.5,100,90-100%,39,31,79.49,Not Finished,8,42,Not Finished,TECHNIP,83.33,12,5,83.33,NULL,10,3,0,9,3,75,NOT APPLY,NULL,NULL,NULL,5,7,AGL-10005-01,86.35,Art. 4.3,15,89.745,AGL,00008,Agua glicolada y lineas asociadas,Si
/A10001-100-AGL-108259-U1BC2A-CF_02,AGL-108259,A10001,100,AGL,108259,CF,2,U1BC2A,5,3,8,5,3,32,32,100,90-100%,20,20,100,90-100%,12,12,100,90-100%,0,43,13,TECHNIP,100,4,2,100,90-100%,4,2,0,4,2,100,NOT APPLY,NULL,NULL,Ready for Dossier,10,7,AGL-10005-01,100,Art. 4.3,15,100,AGL,00008,Agua glicolada y lineas asociadas,Si
/A10001-100-AR-104155-U1BC2A-PP_01,AR-104155,A10001,100,AR,104155,PP,1,U1BC2A,56,8,59,50,9,172,168,97.67,90-100%,147,147,100,90-100%,25,21,84,Not Finished,4,52,Not Finished,TECHNIP,92.86,14,5,92.86,90-100%,13,4,1,12,4,85.71,NOT APPLY,NULL,NULL,NULL,5,1012,AR-00000-02,90.91,Art. 4.3,15,92,AR,00012,"Agua refrigeración 
(subcolectores A10001 alto)",No (PP 28%)
/A10001-100-AR-104156-U1BC2A-PP_01,AR-104156,A10001,100,AR,104156,PP,1,U1BC2A,17,3,19,16,3,52,52,100,90-100%,40,40,100,90-100%,12,12,100,90-100%,0,42,15,TECHNIP,100,3,2,100,90-100%,3,2,0,1,0,33.33,NOT APPLY,NULL,NULL,NULL,7,1012,AR-00000-02,80,Art. 4.3,15,100,AR,00012,"Agua refrigeración 
(subcolectores A10001 alto)",No (PP 28%)
/A10001-100-AR-104264-U1BC2A-PP_01,AR-104264,A10001,100,AR,104264,PP,1,U1BC2A,51,9,54,50,4,170,154,90.59,90-100%,154,154,100,90-100%,16,NULL,0,Not Finished,16,52,Not Finished,TECHNIP,100,7,3,100,90-100%,7,3,0,0,0,0,NOT APPLY,NULL,NULL,NULL,5,1014,HMBI-10001-03,40,Art. 4.3,15,50,HMBI,00074,Evaporador de pelicula fina- condensador- pesados- y lineas asociadas,Traceado
/A10001-100-AR-104265-U1BC2A-NC_01,AR-104265,A10001,100,AR,104265,NC,1,U1BC2A,24,5,27,20,7,68,63,92.65,90-100%,43,43,100,90-100%,25,20,80,Not Finished,5,52,Not Finished,TECHNIP,100,6,4,100,90-100%,6,4,0,5,3,83.33,NOT APPLY,NULL,NULL,NULL,5,1014,AR-00000-01,89,Art. 4.3,15,90,AR,00011,Agua refrigeración (colector),No (PP 20%)
/A10001-100-C6-95604-U1CD2B-CCTN_01,C6-95604,A10001,100,C6,95604,CCTN,1,U1CD2B,22,3,26,21,5,73,73,100,90-100%,53,53,100,90-100%,20,20,100,90-100%,0,41,15,TECHNIP,90,10,3,90,90-100%,9,2,0,10,3,100,NOT APPLY,NULL,NULL,Ready for Dossier,10,2031,EFL-10001-03,100,Art. 4.3,23.52,100,EFL,00061,Drenajes abiertos de edificio HMBI,Traceado
/A10001-100-CHMB-101121-U4BC1B-CC_01,CHMB-101121,A10001,100,CHMB,101121,CC,1,U4BC1B,46,11,53,41,12,170.5,166.5,97.65,90-100%,134,134,100,90-100%,36.5,32.5,89.04,Not Finished,4,42,Not Finished,TECHNIP,90.63,32,11,90.63,90-100%,29,8,0,27,8,84.38,SPS-006|SPS-008,ENVIADO|ENVIADO,1|1,NULL,5,1,CHMB-10001-02,92.03,I,15,94.52,CHMB,00044,HMBI crudo A10001 reactor 2,Si
/A10001-100-CHMB-101131-U4BC1B-CC_01,CHMB-101131,A10001,100,CHMB,101131,CC,1,U4BC1B,17,2,19,14,5,55.5,54.5,98.2,90-100%,40,40,100,90-100%,15.5,14.5,93.55,90-100%,1,36,51,TECHNIP,100,4,1,100,90-100%,4,1,0,4,1,100,SPS-007,ENVIADO,1,NULL,8,1,CHMB-10001-02,98.07,I,15,96.775,CHMB,00044,HMBI crudo A10001 reactor 2,Si
/A10001-100-CHMB-101304-U4BC1B-NC_01,CHMB-101304,A10001,100,CHMB,101304,NC,1,U4BC1B,11,2,14,11,3,46,46,100,90-100%,42,42,100,90-100%,4,4,100,90-100%,0,32,10,TECHNIP,100,8,5,100,90-100%,8,5,0,8,5,100,NOT APPLY,NULL,NULL,Ready for Dossier,10,2011,CHMB-10001-04,100,NULL,15,100,CHMB,00046,Recipiente HMBI bruto,Si
/A10001-100-CHMB-106728-U4BC1B-CC_01,CHMB-106728,A10001,100,CHMB,106728,CC,1,U4BC1B,56,17,71,50,21,212,212,100,90-100%,166,166,100,90-100%,46,46,100,90-100%,0,47,47,TECHNIP,95.45,44,12,95.45,90-100%,42,10,0,44,12,100,NOT APPLY,NULL,NULL,Ready for Dossier,10,4,CHMB-10001-03,100,Art. 4.3,15,100,CHMB,00045,HMBI crudo A10001 reciclo pesados a esterificación,Traceado
/A10001-100-CHMB-106729-U4BC1B-CC_01,CHMB-106729,A10001,100,CHMB,106729,CC,1,U4BC1B,21,4,23,17,6,62,62,100,90-100%,49,49,100,90-100%,13,13,100,90-100%,0,36,43,TECHNIP,100,5,2,100,90-100%,5,2,0,5,2,100,NOT APPLY,NULL,NULL,Ready for Dossier,10,4,CHMB-10001-03,100,Art. 4.3,15,100,CHMB,00045,HMBI crudo A10001 reciclo pesados a esterificación,Traceado
/A10001-100-CIPA-10321-U4BC1B-PP_01,CIPA-10321,A10001,100,CIPA,10321,PP,1,U4BC1B,15,3,18,10,8,56,56,100,90-100%,28,28,100,90-100%,28,28,100,90-100%,0,32,50,TECHNIP,100,8,5,100,90-100%,8,5,0,6,3,75,NOT APPLY,NULL,NULL,NULL,7,13,HMBI-10001-04,92.5,I,15,100,HMBI,00075,Paquete Z-1032 y lineas asociadas,Traceado
/A10001-100-EFL-108705-U4BC1B-NC_01,EFL-108705,A10001,100,EFL,108705,NC,1,U4BC1B,1,1,1,1,0,4,4,100,90-100%,4,4,100,90-100%,0,NULL,NULL,NOT REQUIRED,0,37,NOT REQUIRED,NOT APPLY,NULL,0,0,NULL,NULL,0,0,0,0,0,0,NOT APPLY,NULL,NULL,NULL,7,2012,EFL-10001-05,100,Art. 4.3,15,100,EFL,00057,Recipiente enterrado efluentes HMBI y lineas asociadas 2,No
/A10001-100-EFL-108861-U4BC1B-PP_01,EFL-108861,A10001,100,EFL,108861,PP,1,U4BC1B,11,5,16,10,6,60,44,73.33,NULL,40,40,100,90-100%,20,4,20,Not Finished,16,41,Not Finished,TECHNIP,100,10,3,100,90-100%,10,3,0,0,0,0,NOT APPLY,NULL,NULL,NULL,5,2059,EFL-10005-01,46,Art. 4.3,15,60,EFL,00060,Bomba B-10886 y elementos asociados,PP
/A10001-100-HMBH-104201-U4BC1B-CC_01,HMBH-104201,A10001,100,HMBH,104201,CC,1,U4BC1B,29,7,33,27,6,100.5,100.5,100,90-100%,86.5,86.5,100,90-100%,14,14,100,90-100%,0,49,42,TECHNIP,94.44,18,5,94.44,90-100%,17,4,0,18,5,100,SPS-009|SPS-012,ENVIADO|ENVIADO,1|1,Ready for Dossier,10,3,HMBI-10001-03,100,Art. 4.3,15,100,HMBI,00074,Evaporador de pelicula fina- condensador- pesados- y lineas asociadas,Traceado
/A10001-100-HMBH-104202-U4BC1B-CC_01,HMBH-104202,A10001,100,HMBH,104202,CC,1,U4BC1B,17,4,18,15,3,45,45,100,90-100%,38,38,100,90-100%,7,7,100,90-100%,0,50,43,TECHNIP,100,4,1,100,90-100%,4,1,0,4,1,100,SPS-010,ENVIADO,1,Ready for Dossier,10,3,HMBI-10001-03,100,Art. 4.3,15,100,HMBI,00074,Evaporador de pelicula fina- condensador- pesados- y lineas asociadas,Traceado
/A10001-100-HMBH-104247-U4BC1B-NC_01,HMBH-104247,A10001,100,HMBH,104247,NC,1,U4BC1B,13,3,16,12,4,54,46,85.19,NULL,42,42,100,90-100%,12,4,33.33,Not Finished,8,35,Not Finished,TECHNIP,100,12,9,100,90-100%,12,9,0,0,0,0,SPS-054,ENVIADO,1,NULL,5,2013,HMBI-10001-03,50,NULL,15,66.665,HMBI,00074,Evaporador de pelicula fina- condensador- pesados- y lineas asociadas,Traceado
/A10001-100-HMBH-104252-U4BC1B-NC_01,HMBH-104252,A10001,100,HMBH,104252,NC,1,U4BC1B,14,3,17,13,4,58,58,100,90-100%,46,46,100,90-100%,12,12,100,90-100%,0,35,15,TECHNIP,100,13,8,100,90-100%,13,8,0,6,2,46.15,SPS-054,ENVIADO,1,NULL,7,2014,HMBI-10001-03,83.85,NULL,15,100,HMBI,00074,Evaporador de pelicula fina- condensador- pesados- y lineas asociadas,Traceado
/A10001-100-HMBI-104621-U4BC1B-CC_01,HMBI-104621,A10001,100,HMBI,104621,CC,1,U4BC1B,82,12,88,78,10,254,251,98.82,90-100%,216,216,100,90-100%,38,35,92.11,90-100%,3,43,47,TECHNIP,87.5,16,5,87.5,NULL,14,3,0,15,4,93.75,SPS-030|SPS-031,ENVIADO|ENVIADO,1|1,NULL,5,1002|1072,HMBI-10001-01,95.76,Art. 4.3,15,96.055,HMBI,00078,Sistema de acumulacion temporal de HMBI y lineas asociadas,No
/A10001-100-HMBI-104621-U4BC1B-CC_02,HMBI-104621,A10001,100,HMBI,104621,CC,2,U4BC1B,7,1,8,7,1,8,7,87.5,NULL,7,7,100,90-100%,1,NULL,0,Not Finished,1,41,Not Finished,TECHNIP,100,2,1,100,90-100%,2,1,0,0,0,0,NOT APPLY,NULL,NULL,NULL,5,1002,HMBI-10001-01,40,Art. 4.3,15,50,HMBI,00078,Sistema de acumulacion temporal de HMBI y lineas asociadas,No
/A10001-100-HMBI-104621-U4BC1B-CC_03,HMBI-104621,A10001,100,HMBI,104621,CC,3,U4BC1B,14,2,14,14,0,14,14,100,90-100%,14,14,100,90-100%,0,NULL,NULL,NOT REQUIRED,0,50,NOT REQUIRED,TECHNIP,100,4,1,100,90-100%,4,1,0,0,0,0,NOT APPLY,NULL,NULL,NULL,7,1002,HMBI-10001-01,0,Art. 4.3,15,100,HMBI,00078,Sistema de acumulacion temporal de HMBI y lineas asociadas,No
/A10001-100-HMBI-104623-U4BC1B-CCTN_01,HMBI-104623,A10001,100,HMBI,104623,CCTN,1,U4BC1B,8,2,13,8,5,48,48,100,90-100%,28,28,100,90-100%,20,20,100,90-100%,0,36,48,TECHNIP,100,5,2,100,90-100%,5,2,0,0,0,0,NOT APPLY,NULL,NULL,NULL,7,1002|1073,HMBI-10005-01,70,Art. 4.3,15,100,HMBI,00077,Almacenamiento de HMBI off-spec y lineas asociadas,Traceado
/A10001-100-HMBI-104631-U4BC1B-CC_01,HMBI-104631,A10001,100,HMBI,104631,CC,1,U4BC1B,24,3,25,20,5,68,68,100,90-100%,52,52,100,90-100%,16,16,100,90-100%,0,49,43,TECHNIP,100,5,2,100,90-100%,5,2,0,5,2,100,SPS-028|SPS-029,ENVIADO|ENVIADO,1|1,Ready for Dossier,10,1002,HMBI-10001-01,100,Art. 4.3,15,100,HMBI,00078,Sistema de acumulacion temporal de HMBI y lineas asociadas,No
/A10001-100-HMBI-106121-U4BC1B-CCTN_01,HMBI-106121,A10001,100,HMBI,106121,CCTN,1,U4BC1B,20,6,26,22,4,94,86,91.49,90-100%,78,78,100,90-100%,16,8,50,Not Finished,8,42,Not Finished,TECHNIP,88.89,18,5,88.89,NULL,16,3,0,15,2,83.33,NOT APPLY,NULL,NULL,NULL,5,1027,HMBI-10005-01,80,Art. 4.3,15,75,HMBI,00077,Almacenamiento de HMBI off-spec y lineas asociadas,Traceado
/A10001-100-HMBI-106124-U4BC1B-CCTN_01,HMBI-106124,A10001,100,HMBI,106124,CCTN,1,U4BC1B,34,7,40,29,11,119,119,100,90-100%,81,81,100,90-100%,38,38,100,90-100%,0,37,52,TECHNIP,93.55,31,8,93.55,90-100%,29,6,0,20,4,64.52,NOT APPLY,NULL,NULL,NULL,7,1028,HMBI-10005-01,89.36,Art. 4.3,15,100,HMBI,00077,Almacenamiento de HMBI off-spec y lineas asociadas,Traceado
/A10001-100-INC-102251-U4BC1B-CC_01,INC-102251,A10001,100,INC,102251,CC,1,U4BC1B,21,3,21,19,2,74,74,100,90-100%,70,70,100,90-100%,4,4,100,90-100%,0,43,43,TECHNIP,100,1,1,100,90-100%,1,1,0,0,0,0,NOT APPLY,NULL,NULL,NULL,7,33,INC-10001-04,70,II,15,100,INC,00085,Condensacion de IPA en evaporacion IPA/agua,No
/A10001-100-INC-102303-U4BC1B-PP_01,INC-102303,A10001,100,INC,102303,PP,1,U4BC1B,45,11,56,38,18,129.5,129.5,100,90-100%,88.5,88.5,100,90-100%,41,41,100,90-100%,0,45,50,TECHNIP,100,23,10,100,90-100%,23,10,0,20,7,86.96,SPS-092|SPS-093|SPS-094,ENVIADO|ENVIADO|ENVIADO,1|1|1,NULL,7,34,INC-10001-01,96.09,Art. 4.3,15,100,INC,00088,Venteos gaseosos con blanketing,PP
/A10001-100-INC-10294-U4BC1B-NC_01,INC-10294,A10001,100,INC,10294,NC,1,U4BC1B,25,5,29,18,11,92,92,100,90-100%,48,48,100,90-100%,44,44,100,90-100%,0,38,50,TECHNIP,100,9,6,100,90-100%,9,6,0,7,4,77.78,NOT APPLY,NULL,NULL,NULL,7,34,INC-10001-01,93.33,I,15,100,INC,00088,Venteos gaseosos con blanketing,PP
/A10001-100-INC-103105-U4BC1B-NC_01,INC-103105,A10001,100,INC,103105,NC,1,U4BC1B,15,3,18,10,8,64,60,93.75,90-100%,40,40,100,90-100%,24,20,83.33,Not Finished,4,36,Not Finished,TECHNIP,100,11,4,100,90-100%,11,4,0,0,0,0,NOT APPLY,NULL,NULL,NULL,5,2015,EFL-10001-03,65,NULL,15,91.665,EFL,00061,Drenajes abiertos de edificio HMBI,Traceado
/A10001-100-INC-103107-U4BC1B-NC_01,INC-103107,A10001,100,INC,103107,NC,1,U4BC1B,39,5,51,44,7,165,165,100,90-100%,140,140,100,90-100%,25,25,100,90-100%,0,42,48,TECHNIP,100,13,8,100,90-100%,13,8,0,6,2,46.15,SPS-118,ENVIADO,NULL,NULL,3,2015,EFL-10001-03,83.85,NULL,15,100,EFL,00061,Drenajes abiertos de edificio HMBI,Traceado
/A10001-100-INC-103351-U4BC1B-NC_01,INC-103351,A10001,100,INC,103351,NC,1,U4BC1B,25,4,28,21,7,90.5,90.5,100,90-100%,62.5,62.5,100,90-100%,28,28,100,90-100%,0,44,48,TECHNIP,100,8,5,100,90-100%,8,5,0,4,2,50,NOT APPLY,NULL,NULL,NULL,7,34,INC-10001-01,85,I,15,100,INC,00088,Venteos gaseosos con blanketing,PP
/A10001-100-INC-15504-U4BC1B-PP_01,INC-15504,A10001,100,INC,15504,PP,1,U4BC1B,8,2,11,7,4,44,44,100,90-100%,28,28,100,90-100%,16,16,100,90-100%,0,40,46,TECHNIP,100,5,3,100,90-100%,5,3,0,0,0,0,NOT APPLY,NULL,NULL,NULL,7,34,INC-10001-01,70,I,15,100,INC,00088,Venteos gaseosos con blanketing,PP
/A10001-100-NI-103994-U1BD2A-NC_01,NI-103994,A10001,100,NI,103994,NC,1,U1BD2A,11,3,13,11,2,46,42,91.3,90-100%,42,42,100,90-100%,4,NULL,0,Not Finished,4,42,Not Finished,TECHNIP,100,3,2,100,90-100%,3,2,0,1,0,33.33,NOT APPLY,NULL,NULL,NULL,5,2027,HMBI-10001-02,50,NULL,23.52,50,HMBI,00076,Filtro rotativo- recipiente filtrato- recipiente torta- y lineas asociadas,Traceado
/A10001-100-RHO-101182-U4CC1E-CC_01,RHO-101182,A10001,100,RHO,101182,CC,1,U4CC1E,22,6,26,17,9,67,67,100,90-100%,42,42,100,90-100%,25,25,100,90-100%,0,47,19,TECHNIP,100,7,2,100,90-100%,7,2,0,7,2,100,NOT APPLY,NULL,NULL,Ready for Dossier,10,52,HMBI-10005-01,100,Art. 4.3,15,100,HMBI,00077,Almacenamiento de HMBI off-spec y lineas asociadas,Traceado
/A10001-100-RHO-106194-U4CC1E-CC_01,RHO-106194,A10001,100,RHO,106194,CC,1,U4CC1E,21,5,23,18,5,64,60,93.75,90-100%,54,54,100,90-100%,10,6,60,Not Finished,4,47,Not Finished,TECHNIP,100,6,2,100,90-100%,6,2,0,0,0,0,NOT APPLY,NULL,NULL,NULL,5,52,HMBI-10005-01,58,Art. 4.3,15,80,HMBI,00077,Almacenamiento de HMBI off-spec y lineas asociadas,Traceado
/A10001-100-V6-101188-U1CD2B-CC_01,V6-101188,A10001,100,V6,101188,CC,1,U1CD2B,60,8,67,59,8,149,146,97.99,90-100%,130.25,130.25,100,90-100%,18.75,15.75,84,Not Finished,3,52,Not Finished,TECHNIP,100,21,6,100,90-100%,21,6,0,18,5,85.71,SPS-104,ENVIADO,NULL,NULL,1,1017,V6-10001-01,90.91,Art. 4.3,23.52,92,V6,00119,Distribución interna vapor A10001,Si
/A10001-100-V6-101299-U1CD2B-CC_01,V6-101299,A10001,100,V6,101299,CC,1,U1CD2B,84,13,92,81,11,270.25,256.75,95,90-100%,230.75,230.75,100,90-100%,39.5,26,65.82,Not Finished,13.5,51,Not Finished,TECHNIP,100,40,17,100,90-100%,40,17,0,14,3,35,SPS-103,ENVIADO,NULL,NULL,1,1017|159,V6-10001-01,70.25,Art. 4.3,23.52,82.91,V6,00119,Distribución interna vapor A10001,Si
/A10001-100-V6-95606-U1CD2B-NC_01,V6-95606,A10001,100,V6,95606,NC,1,U1CD2B,14,4,18,12,6,62,62,100,90-100%,44,44,100,90-100%,18,18,100,90-100%,0,52,16,TECHNIP,100,13,7,100,90-100%,13,7,0,7,3,53.85,NOT APPLY,NULL,NULL,NULL,7,2029,C6-10001-02,86.16,NULL,23.52,100,C6,00040,Estabilización condensados antes de exportación,Si
/A10001-100-V6-95607-U1CD2B-NC_01,V6-95607,A10001,100,V6,95607,NC,1,U1CD2B,31,5,37,29,8,109,105,96.33,90-100%,85,85,100,90-100%,24,20,83.33,Not Finished,4,43,Not Finished,TECHNIP,86.67,15,7,86.67,NULL,13,5,0,7,3,46.67,NOT APPLY,NULL,NULL,NULL,5,2029,EFL-10001-03,79,NULL,23.52,91.665,EFL,00061,Drenajes abiertos de edificio HMBI,Traceado
/A10001-100-VE1-10323-U4BC1B-NC_01,VE1-10323,A10001,100,VE1,10323,NC,1,U4BC1B,6,1,6,4,2,22,20,90.91,90-100%,16,16,100,90-100%,6,4,66.67,Not Finished,2,37,Not Finished,TECHNIP,100,6,3,100,90-100%,6,3,0,1,0,16.67,NOT APPLY,NULL,NULL,NULL,5,2016,HMBI-10001-04,65,NULL,15,83.335,HMBI,00075,Paquete Z-1032 y lineas asociadas,Traceado
/A10001-100-VE1-10326-U4BC1B-NC_01,VE1-10326,A10001,100,VE1,10326,NC,1,U4BC1B,7,2,9,7,2,30,26,86.67,NULL,26,26,100,90-100%,4,NULL,0,Not Finished,4,32,Not Finished,TECHNIP,100,8,5,100,90-100%,8,5,0,0,0,0,NOT APPLY,NULL,NULL,NULL,5,2017,HMBI-10001-04,40,NULL,15,50,HMBI,00075,Paquete Z-1032 y lineas asociadas,Traceado
/A10001-100-VE1-108052-U4BC1B-NC_01,VE1-108052,A10001,100,VE1,108052,NC,1,U4BC1B,51,7,57,39,18,166,166,100,90-100%,106,106,100,90-100%,60,60,100,90-100%,0,48,47,TECHNIP,100,13,4,100,90-100%,13,4,0,10,3,76.92,NOT APPLY,NULL,NULL,NULL,7,37,VE1-10001-01,93.08,I,15,100,VE1,00120,Venteos gaseosos sin blanketing,No
/A10001-100-VE1-108053-U4BC1B-NC_01,VE1-108053,A10001,100,VE1,108053,NC,1,U4BC1B,16,5,23,15,8,78,72,92.31,90-100%,44,44,100,90-100%,34,28,82.35,Not Finished,6,45,Not Finished,TECHNIP,100,12,3,100,90-100%,12,3,0,3,1,25,NOT APPLY,NULL,NULL,NULL,5,37,INC-10001-02,72.21,II,15,91.175,INC,00086,Recipiente recogida efluentes gaseosos y lineas asociadas,Traceado
/A10001-100-VE1-108057-U4BC1B-NC_01,VE1-108057,A10001,100,VE1,108057,NC,1,U4BC1B,31,5,33,28,5,111,111,100,90-100%,91,91,100,90-100%,20,20,100,90-100%,0,43,46,TECHNIP,100,4,4,100,90-100%,4,4,0,4,4,100,SPS-098,ENVIADO,NULL,NULL,6,76,VE1-10001-01,100,I,15,100,VE1,00120,Venteos gaseosos sin blanketing,No
/A10001-100-VE1-108133-U4BC1B-NC_01,VE1-108133,A10001,100,VE1,108133,NC,1,U4BC1B,35,5,37,34,3,96,96,100,90-100%,93,93,100,90-100%,3,3,100,90-100%,0,44,17,TECHNIP,100,12,4,100,90-100%,12,4,0,6,1,50,NOT APPLY,NULL,NULL,NULL,7,76,VE1-10001-01,85,I,15,100,VE1,00120,Venteos gaseosos sin blanketing,No
/A10001-100-VE1-108151-U4BC1B-CF_01,VE1-108151,A10001,100,VE1,108151,CF,1,U4BC1B,35,4,39,29,10,85,85,100,90-100%,57,57,100,90-100%,28,28,100,90-100%,0,39,47,TECHNIP,100,4,1,100,90-100%,4,1,0,4,1,100,NOT APPLY,NULL,NULL,Ready for Dossier,10,76,VE1-10001-01,100,II,15,100,VE1,00120,Venteos gaseosos sin blanketing,No
/A10001-100-VE1-108608-U4BC1B-NC_01,VE1-108608,A10001,100,VE1,108608,NC,1,U4BC1B,18,3,20,13,7,78,78,100,90-100%,46,46,100,90-100%,32,32,100,90-100%,0,37,51,TECHNIP,100,8,2,100,90-100%,8,2,0,8,2,100,NOT APPLY,NULL,NULL,Ready for Dossier,10,35,EFL-10001-04,100,II,15,100,EFL,00062,Recipiente enterrado efluentes HMBI y lineas asociadas,No
/A10001-100-VE1-108699-U4BC1B-NC_01,VE1-108699,A10001,100,VE1,108699,NC,1,U4BC1B,30,3,33,23,10,69,67,97.1,90-100%,41,39,95.12,90-100%,28,28,100,90-100%,2,37,51,TECHNIP,100,12,4,100,90-100%,12,4,0,12,4,100,NOT APPLY,NULL,NULL,NULL,9,2018,EFL-10001-04,98.05,I,15,97.56,EFL,00062,Recipiente enterrado efluentes HMBI y lineas asociadas,No
/A10001-100-VT3-108209-U1BC2A-CF_01,VT3-108209,A10001,100,VT3,108209,CF,1,U1BC2A,2,1,2,2,0,8,8,100,90-100%,8,8,100,90-100%,0,NULL,NULL,NOT REQUIRED,0,48,NOT REQUIRED,NOT APPLY,NULL,0,0,NULL,NULL,0,0,0,0,0,0,NOT APPLY,NULL,NULL,NULL,7,57,AGL-10005-01,100,Art. 4.3,15,100,AGL,00008,Agua glicolada y lineas asociadas,Si
/A10001-100-VT3-108209-U1BC2A-CF_02,VT3-108209,A10001,100,VT3,108209,CF,2,U1BC2A,2,1,2,2,0,8,8,100,90-100%,8,8,100,90-100%,0,NULL,NULL,NOT REQUIRED,0,3,NOT REQUIRED,NOT APPLY,NULL,0,0,NULL,NULL,0,0,0,0,0,0,NOT APPLY,NULL,NULL,NULL,7,57,AGL-10005-01,100,Art. 4.3,15,100,AGL,00008,Agua glicolada y lineas asociadas,Si
/A10001-100-VT3-108209-U1BC2A-CF_03,VT3-108209,A10001,100,VT3,108209,CF,3,U1BC2A,2,1,2,2,0,2,2,100,90-100%,2,2,100,90-100%,0,NULL,NULL,NOT REQUIRED,0,42,NOT REQUIRED,NOT APPLY,NULL,0,0,NULL,NULL,0,0,0,0,0,0,NOT APPLY,NULL,NULL,NULL,7,57,AGL-10005-01,100,Art. 4.3,15,100,AGL,00008,Agua glicolada y lineas asociadas,Si
/A10001-100-VT4-101184-U4BC1B-CC_01,VT4-101184,A10001,100,VT4,101184,CC,1,U4BC1B,2,1,2,2,0,8,8,100,90-100%,8,8,100,90-100%,0,NULL,NULL,NOT REQUIRED,0,36,NOT REQUIRED,NOT APPLY,NULL,0,0,NULL,NULL,0,0,0,0,0,0,NOT APPLY,NULL,NULL,NULL,7,55,CHMB-10001-01,100,I,15,100,CHMB,00043,HMBI crudo A10001 reactor 1,Si
/A10001-100-VT4-101184-U4BC1B-CC_02,VT4-101184,A10001,100,VT4,101184,CC,2,U4BC1B,2,1,2,2,0,8,8,100,90-100%,8,8,100,90-100%,0,NULL,NULL,NOT REQUIRED,0,14,NOT REQUIRED,NOT APPLY,NULL,0,0,NULL,NULL,0,0,0,0,0,0,NOT APPLY,NULL,NULL,NULL,7,55,CHMB-10001-01,100,I,15,100,CHMB,00043,HMBI crudo A10001 reactor 1,Si
/A10001-100-VT4-101294-U4BC1B-CC_01,VT4-101294,A10001,100,VT4,101294,CC,1,U4BC1B,2,1,2,2,0,8,8,100,90-100%,8,8,100,90-100%,0,NULL,NULL,NOT REQUIRED,0,37,NOT REQUIRED,NOT APPLY,NULL,0,0,NULL,NULL,0,0,0,0,0,0,NOT APPLY,NULL,NULL,NULL,7,55,CHMB-10001-02,100,I,15,100,CHMB,00044,HMBI crudo A10001 reactor 2,Si
/A10001-100-VT4-101294-U4BC1B-CC_02,VT4-101294,A10001,100,VT4,101294,CC,2,U4BC1B,2,1,2,2,0,8,8,100,90-100%,8,8,100,90-100%,0,NULL,NULL,NOT REQUIRED,0,51,NOT REQUIRED,NOT APPLY,NULL,0,0,NULL,NULL,0,0,0,0,0,0,NOT APPLY,NULL,NULL,NULL,7,55,CHMB-10001-02,100,I,15,100,CHMB,00044,HMBI crudo A10001 reactor 2,Si
/A10001-100-VT4-101308-U4BC1B-CC_01,VT4-101308,A10001,100,VT4,101308,CC,1,U4BC1B,2,1,2,2,0,8,8,100,90-100%,8,8,100,90-100%,0,NULL,NULL,NOT REQUIRED,0,37,NOT REQUIRED,NOT APPLY,NULL,0,0,NULL,NULL,0,0,0,0,0,0,NOT APPLY,NULL,NULL,NULL,7,53,CHMB-10001-04,100,I,15,100,CHMB,00046,Recipiente HMBI bruto,Si
/A10001-100-VT4-102397-U4BC1B-CC_01,VT4-102397,A10001,100,VT4,102397,CC,1,U4BC1B,2,1,2,2,0,8,8,100,90-100%,8,8,100,90-100%,0,NULL,NULL,NOT REQUIRED,0,37,NOT REQUIRED,NOT APPLY,NULL,0,0,NULL,NULL,0,0,0,0,0,0,NOT APPLY,NULL,NULL,NULL,7,53,CIPA-10001-01,100,Art. 4.3,15,100,CIPA,00047,Recipiente recolección IPA a destilación,Si
/A10001-100-VT4-102397-U4BC1B-CC_02,VT4-102397,A10001,100,VT4,102397,CC,2,U4BC1B,3,1,3,3,0,9,9,100,90-100%,9,9,100,90-100%,0,NULL,NULL,NOT REQUIRED,0,37,NOT REQUIRED,NOT APPLY,NULL,0,0,NULL,NULL,0,0,0,0,0,0,NOT APPLY,NULL,NULL,NULL,7,53,CIPA-10001-01,100,Art. 4.3,15,100,CIPA,00047,Recipiente recolección IPA a destilación,Si
/A10001-100-VT4-104506-U4BC1B-CC_01,VT4-104506,A10001,100,VT4,104506,CC,1,U4BC1B,2,1,2,2,0,8,8,100,90-100%,8,8,100,90-100%,0,NULL,NULL,NOT REQUIRED,0,37,NOT REQUIRED,NOT APPLY,NULL,0,0,NULL,NULL,0,0,0,0,0,0,NOT APPLY,NULL,NULL,NULL,7,53,HMBI-10001-01,100,Art. 4.3,15,100,HMBI,00078,Sistema de acumulacion temporal de HMBI y lineas asociadas,No
/A10001-100-VT4-104606-U4BC1B-CC_04,VT4-104606,A10001,100,VT4,104606,CC,4,U4BC1B,2,1,2,2,0,8,8,100,90-100%,8,8,100,90-100%,0,NULL,NULL,NOT REQUIRED,0,37,NOT REQUIRED,NOT APPLY,NULL,0,0,NULL,NULL,0,0,0,0,0,0,NOT APPLY,NULL,NULL,NULL,7,53,HMBI-10001-01,100,Art. 4.3,15,100,HMBI,00078,Sistema de acumulacion temporal de HMBI y lineas asociadas,No
/A10001-100-VT4-108107-U4BC1B-PP_01,VT4-108107,A10001,100,VT4,108107,PP,1,U4BC1B,2,1,2,2,0,3,3,100,90-100%,3,3,100,90-100%,0,NULL,NULL,NOT REQUIRED,0,39,NOT REQUIRED,NOT APPLY,NULL,0,0,NULL,NULL,0,0,0,0,0,0,NOT APPLY,NULL,NULL,NULL,7,53,INC-10001-02,100,I,15,100,INC,00086,Recipiente recogida efluentes gaseosos y lineas asociadas,Traceado
/A10001-100-VT4-108107-U4BC1B-PP_03,VT4-108107,A10001,100,VT4,108107,PP,3,U4BC1B,2,1,2,2,0,4,4,100,90-100%,4,4,100,90-100%,0,NULL,NULL,NOT REQUIRED,0,42,NOT REQUIRED,NOT APPLY,NULL,0,0,NULL,NULL,0,0,0,0,0,0,NOT APPLY,NULL,NULL,NULL,7,53,INC-10001-02,100,I,15,100,INC,00086,Recipiente recogida efluentes gaseosos y lineas asociadas,Traceado
/A10001-100-VT4-108107-U4BC1B-PP_06,VT4-108107,A10001,100,VT4,108107,PP,6,U4BC1B,2,1,2,2,0,8,8,100,90-100%,8,8,100,90-100%,0,NULL,NULL,NOT REQUIRED,0,37,NOT REQUIRED,NOT APPLY,NULL,0,0,NULL,NULL,0,0,0,0,0,0,NOT APPLY,NULL,NULL,NULL,7,53,INC-10001-02,100,I,15,100,INC,00086,Recipiente recogida efluentes gaseosos y lineas asociadas,Traceado
/A10001-150-AGL-108152-U1BC2A-CF_01,AGL-108152,A10001,150,AGL,108152,CF,1,U1BC2A,38,7,43,32,11,127,121,95.28,90-100%,85,85,100,90-100%,42,36,85.71,Not Finished,6,51,Not Finished,TECHNIP,100,7,2,100,90-100%,7,2,0,7,2,100,NOT APPLY,NULL,NULL,NULL,8,7,AGL-10005-01,95.71,Art. 4.3,15,92.855,AGL,00008,Agua glicolada y lineas asociadas,Si
/A10001-150-AGL-108201-U1BC2A-CF_01,AGL-108201,A10001,150,AGL,108201,CF,1,U1BC2A,24,5,26,22,4,111,111,100,90-100%,96,96,100,90-100%,15,15,100,90-100%,0,40,12,TECHNIP,100,7,2,100,90-100%,7,2,0,7,2,100,SPS-004|SPS-036,ENVIADO|ENVIADO,1,Ready for Dossier,10,7,AGL-10005-01,100,Art. 4.3,15,100,AGL,00008,Agua glicolada y lineas asociadas,Si
/A10001-150-AGL-108202-U1BC2A-CF_01,AGL-108202,A10001,150,AGL,108202,CF,1,U1BC2A,15,2,15,13,2,45,45,100,90-100%,36,36,100,90-100%,9,9,100,90-100%,0,40,14,TECHNIP,100,4,1,100,90-100%,4,1,0,4,1,100,SPS-005,ENVIADO,1,Ready for Dossier,10,7,AGL-10005-01,100,Art. 4.3,15,100,AGL,00008,Agua glicolada y lineas asociadas,Si
/A10001-150-AGL-108203-U1BC2A-CF_01,AGL-108203,A10001,150,AGL,108203,CF,1,U1BC2A,29,5,32,23,9,117,117,100,90-100%,78,78,100,90-100%,39,39,100,90-100%,0,40,13,TECHNIP,100,9,3,100,90-100%,9,3,0,6,1,66.67,SPS-025|SPS-003,ENVIADO|ENVIADO,1|1,NULL,7,6,AGL-10005-01,90,Art. 4.3,15,100,AGL,00008,Agua glicolada y lineas asociadas,Si
/A10001-150-AGL-108204-U1BC2A-CF_01,AGL-108204,A10001,150,AGL,108204,CF,1,U1BC2A,16,2,16,13,3,45,45,100,90-100%,33,33,100,90-100%,12,12,100,90-100%,0,51,12,TECHNIP,100,4,1,100,90-100%,4,1,0,0,0,0,SPS-002,ENVIADO,1,NULL,7,6,AGL-10005-01,70,Art. 4.3,15,100,AGL,00008,Agua glicolada y lineas asociadas,Si
/A10001-150-AGL-108221-U1BC2A-CF_01,AGL-108221,A10001,150,AGL,108221,CF,1,U1BC2A,34,6,38,30,8,159,159,100,90-100%,119,119,100,90-100%,40,40,100,90-100%,0,51,14,TECHNIP,100,18,5,100,90-100%,18,5,0,9,1,50,SPS-003|SPS-025,ENVIADO|ENVIADO,1|1,NULL,7,6,AGL-10005-01,85,Art. 4.3,15,100,AGL,00008,Agua glicolada y lineas asociadas,Si
/A10001-150-AGL-108231-U1BC2A-CF_01,AGL-108231,A10001,150,AGL,108231,CF,1,U1BC2A,20,2,21,20,1,63,63,100,90-100%,61,61,100,90-100%,2,2,100,90-100%,0,51,5,TECHNIP,100,4,1,100,90-100%,4,1,0,2,0,50,SPS-002,ENVIADO,1,NULL,7,6,AGL-10005-01,85,Art. 4.3,15,100,AGL,00008,Agua glicolada y lineas asociadas,Si
/A10001-150-AGL-108241-U1BC2A-CF_01,AGL-108241,A10001,150,AGL,108241,CF,1,U1BC2A,82,16,87,69,18,332,330,99.4,90-100%,251,251,100,90-100%,81,79,97.53,90-100%,2,52,41,TECHNIP,95,20,5,95,90-100%,19,4,0,7,1,35,SPS-036|SPS-004,ENVIADO|ENVIADO,1,NULL,5,7,AGL-10005-01,79.76,Art. 4.3,15,98.765,AGL,00008,Agua glicolada y lineas asociadas,Si
/A10001-150-AGL-108241-U1BC2A-CF_02,AGL-108241,A10001,150,AGL,108241,CF,2,U1BC2A,18,2,23,16,7,42,42,100,90-100%,29,29,100,90-100%,13,13,100,90-100%,0,41,14,TECHNIP,100,12,3,100,90-100%,12,3,0,4,0,33.33,NOT APPLY,NULL,NULL,NULL,7,7,AGL-10005-01,80,Art. 4.3,15,100,AGL,00008,Agua glicolada y lineas asociadas,Si
/A10001-150-AGL-108251-U1BC2A-CF_01,AGL-108251,A10001,150,AGL,108251,CF,1,U1BC2A,22,2,24,21,3,81,81,100,90-100%,67,67,100,90-100%,14,14,100,90-100%,0,51,11,TECHNIP,100,4,1,100,90-100%,4,1,0,2,0,50,SPS-005,ENVIADO,1,NULL,7,7,AGL-10005-01,85,Art. 4.3,15,100,AGL,00008,Agua glicolada y lineas asociadas,Si
/A10001-150-AGL-10951-U1BC2A-CF_01,AGL-10951,A10001,150,AGL,10951,CF,1,U1BC2A,10,4,12,8,4,72,72,100,90-100%,48,48,100,90-100%,24,24,100,90-100%,0,40,14,TECHNIP,100,3,2,100,90-100%,3,2,0,2,1,66.67,NOT APPLY,NULL,NULL,NULL,7,6,AGL-10005-01,90,Art. 4.3,15,100,AGL,00008,Agua glicolada y lineas asociadas,Si
/A10001-150-AR-101166-U1BC2A-PP_01,AR-101166,A10001,150,AR,101166,PP,1,U1BC2A,18,4,22,17,5,66,65,98.48,90-100%,47,47,100,90-100%,19,18,94.74,90-100%,1,41,15,TECHNIP,100,5,3,100,90-100%,5,3,0,3,1,60,NOT APPLY,NULL,NULL,NULL,5,1012,AR-00000-02,86.42,Art. 4.3,15,97.37,AR,00012,"Agua refrigeración 
(subcolectores A10001 alto)",No (PP 28%)
/A10001-150-AR-101167-U1BC2A-PP_01,AR-101167,A10001,150,AR,101167,PP,1,U1BC2A,44,7,47,43,4,198,198,100,90-100%,177,177,100,90-100%,21,21,100,90-100%,0,52,14,TECHNIP,100,9,4,100,90-100%,9,4,0,4,2,44.44,NOT APPLY,NULL,NULL,NULL,7,1012,AR-00000-02,83.33,Art. 4.3,15,100,AR,00012,"Agua refrigeración 
(subcolectores A10001 alto)",No (PP 28%)
/A10001-150-AR-101265-U1BC2A-PP_01,AR-101265,A10001,150,AR,101265,PP,1,U1BC2A,44,6,47,39,8,174,174,100,90-100%,143,143,100,90-100%,31,31,100,90-100%,0,52,15,TECHNIP,100,8,2,100,90-100%,8,2,0,8,2,100,NOT APPLY,NULL,NULL,Ready for Dossier,10,1012,AR-00000-02,100,Art. 4.3,15,100,AR,00012,"Agua refrigeración 
(subcolectores A10001 alto)",No (PP 28%)
/A10001-150-AR-101266-U1BC2A-PP_01,AR-101266,A10001,150,AR,101266,PP,1,U1BC2A,22,4,26,19,7,78,78,100,90-100%,52,52,100,90-100%,26,26,100,90-100%,0,41,15,TECHNIP,88.89,9,4,88.89,NULL,8,3,1,5,3,55.56,NOT APPLY,NULL,NULL,NULL,7,1012,AR-00000-02,86.67,Art. 4.3,15,100,AR,00012,"Agua refrigeración 
(subcolectores A10001 alto)",No (PP 28%)
/A10001-150-AR-102253-U1BC2A-PP_01,AR-102253,A10001,150,AR,102253,PP,1,U1BC2A,23,5,27,21,6,76,76,100,90-100%,55,55,100,90-100%,21,21,100,90-100%,0,43,15,TECHNIP,100,3,1,100,90-100%,3,1,0,2,0,66.67,NOT APPLY,NULL,NULL,NULL,7,1012,AR-00000-02,90,Art. 4.3,15,100,AR,00012,"Agua refrigeración 
(subcolectores A10001 alto)",No (PP 28%)
/A10001-150-AR-102254-U1BC2A-PP_01,AR-102254,A10001,150,AR,102254,PP,1,U1BC2A,43,7,46,37,9,178,178,100,90-100%,143,143,100,90-100%,35,35,100,90-100%,0,52,20,TECHNIP,100,6,2,100,90-100%,6,2,0,3,0,50,NOT APPLY,NULL,NULL,NULL,7,1012,AR-00000-02,85,Art. 4.3,15,100,AR,00012,"Agua refrigeración 
(subcolectores A10001 alto)",No (PP 28%)
/A10001-150-AR-95641-U1BC2A-PP_01,AR-95641,A10001,150,AR,95641,PP,1,U1BC2A,31,6,35,30,5,125.75,125.75,100,90-100%,103.75,103.75,100,90-100%,22,22,100,90-100%,0,44,16,TECHNIP,87.5,8,3,87.5,NULL,7,2,0,8,3,100,SPS-102,ENVIADO,1,Ready for Dossier,10,1015,AR-00000-01,100,Art. 4.3,15,100,AR,00011,Agua refrigeración (colector),No (PP 20%)
/A10001-150-AR-95642-U1BC2A-PP_01,AR-95642,A10001,150,AR,95642,PP,1,U1BC2A,47,9,50,46,4,192.75,192.75,100,90-100%,170.75,170.75,100,90-100%,22,22,100,90-100%,0,51,16,TECHNIP,88.89,9,5,88.89,NULL,8,4,0,8,4,88.89,SPS-102,ENVIADO,1,NULL,7,1015,AR-00000-01,96.67,Art. 4.3,15,100,AR,00011,Agua refrigeración (colector),No (PP 20%)
/A10001-150-C6-95608-U1CD2B-CC_01,C6-95608,A10001,150,C6,95608,CC,1,U1CD2B,21,3,23,20,3,118.75,100.75,84.84,NULL,100.75,100.75,100,90-100%,18,NULL,0,Not Finished,18,51,Not Finished,TECHNIP,66.67,9,4,66.67,NULL,6,1,0,0,0,0,NOT APPLY,NULL,NULL,NULL,5,65,C6-00000-01,40,I,23.52,50,C6,00038,Condensados general,Si
/A10001-150-C6-95608-U1CD2B-CC_02,C6-95608,A10001,150,C6,95608,CC,2,U1CD2B,7,1,8,7,1,5.25,4.5,85.71,NULL,4.5,4.5,100,90-100%,0.75,NULL,0,Not Finished,0.75,10,Not Finished,TECHNIP,100,3,1,100,90-100%,3,1,0,0,0,0,NOT APPLY,NULL,NULL,NULL,5,65,C6-00000-01,40,I,23.52,50,C6,00038,Condensados general,Si
/A10001-150-CHMB-101101-U4BC1B-CC_01,CHMB-101101,A10001,150,CHMB,101101,CC,1,U4BC1B,13,4,15,13,2,76,76,100,90-100%,70,70,100,90-100%,6,6,100,90-100%,0,34,45,TECHNIP,100,11,4,100,90-100%,11,4,0,11,4,100,NOT APPLY,NULL,NULL,Ready for Dossier,10,2,CHMB-10001-02,100,II,15,100,CHMB,00044,HMBI crudo A10001 reactor 2,Si
/A10001-150-CHMB-101201-U4BC1B-CC_01,CHMB-101201,A10001,150,CHMB,101201,CC,1,U4BC1B,41,8,51,36,15,213,213,100,90-100%,159,159,100,90-100%,54,54,100,90-100%,0,38,45,TECHNIP,100,22,6,100,90-100%,22,6,0,22,6,100,SPS-006|SPS-008,ENVIADO|ENVIADO,1|1,Ready for Dossier,10,2,CHMB-10001-02,100,II,15,100,CHMB,00044,HMBI crudo A10001 reactor 2,Si
/A10001-150-CHMB-101202-U4BC1B-CC_01,CHMB-101202,A10001,150,CHMB,101202,CC,1,U4BC1B,14,2,14,13,1,47,47,100,90-100%,43,43,100,90-100%,4,4,100,90-100%,0,35,43,TECHNIP,100,4,1,100,90-100%,4,1,0,4,1,100,SPS-007,ENVIADO,1,Ready for Dossier,10,2,CHMB-10001-02,100,II,15,100,CHMB,00044,HMBI crudo A10001 reactor 2,Si
/A10001-150-CIPA-102103-U4BC1B-NC_01,CIPA-102103,A10001,150,CIPA,102103,NC,1,U4BC1B,9,3,12,8,4,63,57,90.48,90-100%,48,48,100,90-100%,15,9,60,Not Finished,6,34,Not Finished,TECHNIP,100,8,4,100,90-100%,8,4,0,6,2,75,NOT APPLY,NULL,NULL,NULL,5,2019,INC-10001-04,80.5,NULL,15,80,INC,00085,Condensacion de IPA en evaporacion IPA/agua,No
/A10001-150-CIPA-102203-U4BC1B-NC_01,CIPA-102203,A10001,150,CIPA,102203,NC,1,U4BC1B,12,2,14,11,3,78,78,100,90-100%,66,66,100,90-100%,12,12,100,90-100%,0,43,14,TECHNIP,92.86,14,5,92.86,90-100%,13,4,0,11,3,78.57,NOT APPLY,NULL,NULL,NULL,7,2020,HMBC-10001-01,93.57,NULL,15,100,HMBC,00072,Evaporador IPA,Si
/A10001-150-CIPA-102307-U4BC1B-CC_01,CIPA-102307,A10001,150,CIPA,102307,CC,1,U4BC1B,4,1,4,2,2,15,15,100,90-100%,9,9,100,90-100%,6,6,100,90-100%,0,39,43,NOT APPLY,NULL,0,0,NULL,NULL,0,0,0,0,0,0,NOT APPLY,NULL,NULL,NULL,7,55,CIPA-10001-01,100,II,15,100,CIPA,00047,Recipiente recolección IPA a destilación,Si
/A10001-150-CIPA-102309-U4BC1B-PP_01,CIPA-102309,A10001,150,CIPA,102309,PP,1,U4BC1B,29,8,38,27,11,145,142,97.93,90-100%,110,110,100,90-100%,35,32,91.43,90-100%,3,50,51,TECHNIP,88.89,9,4,88.89,NULL,8,3,0,6,1,66.67,NOT APPLY,NULL,NULL,NULL,5,2008,EFL-10001-03,87.43,NULL,15,95.715,EFL,00061,Drenajes abiertos de edificio HMBI,Traceado
/A10001-150-CIPA-103599-U4BC1B-NC_01,CIPA-103599,A10001,150,CIPA,103599,NC,1,U4BC1B,9,3,17,14,3,93,93,100,90-100%,81,81,100,90-100%,12,12,100,90-100%,0,43,9,TECHNIP,100,15,7,100,90-100%,15,7,0,11,3,73.33,NOT APPLY,NULL,NULL,NULL,7,2008,EFL-10001-03,92,NULL,15,100,EFL,00061,Drenajes abiertos de edificio HMBI,Traceado
/A10001-150-CIPA-108105-U4BC1B-NC_01,CIPA-108105,A10001,150,CIPA,108105,NC,1,U4BC1B,12,3,15,11,4,81,81,100,90-100%,66,66,100,90-100%,15,15,100,90-100%,0,36,42,TECHNIP,100,16,8,100,90-100%,16,8,0,4,1,25,NOT APPLY,NULL,NULL,NULL,7,2021,INC-10001-02,77.5,NULL,15,100,INC,00086,Recipiente recogida efluentes gaseosos y lineas asociadas,Traceado
/A10001-150-EFL-108604-U4BC1B-PP_01,EFL-108604,A10001,150,EFL,108604,PP,1,U4BC1B,132,18,137,111,26,410,396,96.59,90-100%,351,351,100,90-100%,59,45,76.27,Not Finished,14,46,Not Finished,TECHNIP,53.66,41,37,53.66,NULL,22,18,0,5,5,12.2,NOT APPLY,NULL,NULL,NULL,5,15,EFL-10001-02,66.54,II,15,88.135,EFL,00059,Sistema de drenajes EFL-2,PP
/A10001-150-EFL-108605-U4BC1B-PP_01,EFL-108605,A10001,150,EFL,108605,PP,1,U4BC1B,106,13,106,93,13,337.75,325.75,96.45,90-100%,296.75,296.75,100,90-100%,41,29,70.73,Not Finished,12,43,Not Finished,TECHNIP,100,20,16,100,90-100%,20,16,0,15,11,75,NOT APPLY,NULL,NULL,NULL,5,15,EFL-10001-01,83.72,II,15,85.365,EFL,00058,Sistema de drenajes EFL-1,Traceado
/A10001-150-HMBC-104505-U4BC1B-NC_01,HMBC-104505,A10001,150,HMBC,104505,NC,1,U4BC1B,14,3,18,14,4,93,93,100,90-100%,78,78,100,90-100%,15,15,100,90-100%,0,40,14,TECHNIP,100,10,6,100,90-100%,10,6,0,10,6,100,NOT APPLY,NULL,NULL,Ready for Dossier,10,2022,HMBI-10001-01,100,NULL,15,100,HMBI,00078,Sistema de acumulacion temporal de HMBI y lineas asociadas,No
/A10001-150-HMBC-104604-U4BC1B-CC_01,HMBC-104604,A10001,150,HMBC,104604,CC,1,U4BC1B,3,1,3,2,1,15,15,100,90-100%,9,9,100,90-100%,6,6,100,90-100%,0,35,13,NOT APPLY,NULL,0,0,NULL,NULL,0,0,0,0,0,0,NOT APPLY,NULL,NULL,NULL,7,53,HMBI-10001-01,100,Art. 4.3,15,100,HMBI,00078,Sistema de acumulacion temporal de HMBI y lineas asociadas,No
/A10001-150-HMBI-104501-U4BC1B-CC_01,HMBI-104501,A10001,150,HMBI,104501,CC,1,U4BC1B,36,5,36,29,7,155,155,100,90-100%,121,121,100,90-100%,34,34,100,90-100%,0,35,45,TECHNIP,100,8,3,100,90-100%,8,3,0,8,3,100,SPS-030|SPS-031,ENVIADO|ENVIADO,1|1,Ready for Dossier,10,1002,HMBI-10001-01,100,Art. 4.3,15,100,HMBI,00078,Sistema de acumulacion temporal de HMBI y lineas asociadas,No
/A10001-150-HMBI-104502-U4BC1B-CC_01,HMBI-104502,A10001,150,HMBI,104502,CC,1,U4BC1B,19,2,20,15,5,59,59,100,90-100%,45,45,100,90-100%,14,14,100,90-100%,0,35,48,TECHNIP,100,5,2,100,90-100%,5,2,0,3,0,60,SPS-029|SPS-028,ENVIADO|ENVIADO,1|1,NULL,7,1002,HMBI-10001-01,88,Art. 4.3,15,100,HMBI,00078,Sistema de acumulacion temporal de HMBI y lineas asociadas,No
/A10001-150-HMBI-104601-U4BC1B-CC_01,HMBI-104601,A10001,150,HMBI,104601,CC,1,U4BC1B,11,2,17,14,3,96,96,100,90-100%,78,78,100,90-100%,18,18,100,90-100%,0,36,42,NOT APPLY,NULL,0,0,NULL,NULL,0,0,0,0,0,0,NOT APPLY,NULL,NULL,NULL,7,1002,HMBI-10001-01,100,Art. 4.3,15,100,HMBI,00078,Sistema de acumulacion temporal de HMBI y lineas asociadas,No
/A10001-150-INC-108103-U4BC1B-PP_01,INC-108103,A10001,150,INC,108103,PP,1,U4BC1B,12,5,18,9,9,102,96,94.12,90-100%,54,54,100,90-100%,48,42,87.5,Not Finished,6,38,Not Finished,TECHNIP,100,7,2,100,90-100%,7,2,0,7,2,100,NOT APPLY,NULL,NULL,NULL,8,37,INC-10001-02,96.25,II,15,93.75,INC,00086,Recipiente recogida efluentes gaseosos y lineas asociadas,Traceado
/A10001-150-INC-108106-U4BC1B-PP_01,INC-108106,A10001,150,INC,108106,PP,1,U4BC1B,30,2,30,29,1,93.5,93.5,100,90-100%,87.5,87.5,100,90-100%,6,6,100,90-100%,0,42,43,TECHNIP,100,4,1,100,90-100%,4,1,0,4,1,100,NOT APPLY,NULL,NULL,Ready for Dossier,10,34,INC-10001-01,100,Art. 4.3,15,100,INC,00088,Venteos gaseosos con blanketing,PP
/A10001-150-NI-101191-U1BD2A-NC_01,NI-101191,A10001,150,NI,101191,NC,1,U1BD2A,10,4,14,9,5,69,60,86.96,NULL,48,48,100,90-100%,21,12,57.14,Not Finished,9,41,Not Finished,TECHNIP,100,10,7,100,90-100%,10,7,0,7,4,70,NOT APPLY,NULL,NULL,NULL,5,2028,NI-00000-01,78.14,NULL,23.52,78.57,NI,00100,Distribucion general de nitrogeno de baja presion para SPEAR,No
/A10001-150-SSAM-103903-U4BC1B-PP_01,SSAM-103903,A10001,150,SSAM,103903,PP,1,U4BC1B,3,1,5,3,2,13.5,13.5,100,90-100%,13.5,13.5,100,90-100%,0,NULL,NULL,NOT REQUIRED,0,45,NOT REQUIRED,TECHNIP,100,12,2,100,90-100%,12,2,0,2,0,16.67,NOT APPLY,NULL,NULL,NULL,7,14,HMBI-10001-02,0,II,15,100,HMBI,00076,Filtro rotativo- recipiente filtrato- recipiente torta- y lineas asociadas,Traceado
/A10001-150-V6-95603-U1CD2B-CC_01,V6-95603,A10001,150,V6,95603,CC,1,U1CD2B,42,10,49,38,11,240,240,100,90-100%,202,202,100,90-100%,38,38,100,90-100%,0,44,14,TECHNIP,77.42,31,12,77.42,NULL,24,5,0,10,1,32.26,SPS-114,PINTURA,NULL,NULL,3,2030|2031,EFL-10001-03,79.68,I,23.52,100,EFL,00061,Drenajes abiertos de edificio HMBI,Traceado
/A10001-150-VE1-108606-U4BC1B-NC_01,VE1-108606,A10001,150,VE1,108606,NC,1,U4BC1B,0,0,2,1,1,9,9,100,90-100%,6,6,100,90-100%,3,3,100,90-100%,0,37,14,NOT APPLY,NULL,0,0,NULL,NULL,0,0,0,0,0,0,NOT APPLY,NULL,NULL,NULL,7,35,EFL-10001-04,100,Art. 4.3,15,100,EFL,00062,Recipiente enterrado efluentes HMBI y lineas asociadas,No
/A10001-15-ARC-104629-U1BC2A-NC_01,ARC-104629,A10001,15,ARC,104629,NC,1,U1BC2A,16,2,16,15,1,8,8,100,90-100%,7.5,7.5,100,90-100%,0.5,0.5,100,90-100%,0,2,19,TEIGA-TMI,75,4,4,75,NULL,3,3,0,0,0,0,NOT APPLY,NULL,NULL,NULL,7,1010,ARC-10001-01,70,Art. 4.3,15,100,ARC,00019,Aire de servicio A10001,No
/A10001-15-ARC-104634-U1BC2A-NC_01,ARC-104634,A10001,15,ARC,104634,NC,1,U1BC2A,19,2,19,18,1,9.5,9,94.74,90-100%,9,9,100,90-100%,0.5,NULL,0,Not Finished,0.5,2,Not Finished,TEIGA-TMI,75,4,4,75,NULL,3,3,0,0,0,0,NOT APPLY,NULL,NULL,NULL,5,1010,ARC-10001-01,40,Art. 4.3,15,50,ARC,00019,Aire de servicio A10001,No
/A10001-15-ARC-108726-U1BC2A-NC_01,ARC-108726,A10001,15,ARC,108726,NC,1,U1BC2A,18,2,18,17,1,9,9,100,90-100%,8.5,8.5,100,90-100%,0.5,0.5,100,90-100%,0,2,19,TEIGA-TMI,100,4,4,100,90-100%,4,4,0,0,0,0,NOT APPLY,NULL,NULL,NULL,7,1010,ARC-10001-01,70,Art. 4.3,15,100,ARC,00019,Aire de servicio A10001,No
/A10001-15-NI-101112-U1BD2A-NC_01,NI-101112,A10001,15,NI,101112,NC,1,U1BD2A,39,7,42,35,7,21,17.5,83.33,NULL,17.5,17.5,100,90-100%,3.5,NULL,0,Not Finished,3.5,46,Not Finished,TEIGA-TMI,0,4,4,0,NULL,0,0,0,0,0,0,NOT APPLY,NULL,NULL,NULL,5,60,NI-10001-04,40,Art. 4.3,23.52,50,NI,00093,Distribucion interna de nitrogeno para area 10001- cuarto grupo de subcolectores,No
/A10001-15-NI-101211-U1BD2A-NC_01,NI-101211,A10001,15,NI,101211,NC,1,U1BD2A,24,5,26,22,4,12.75,11,86.27,NULL,11,11,100,90-100%,1.75,NULL,0,Not Finished,1.75,46,Not Finished,TEIGA-TMI,0,4,4,0,NULL,0,0,0,0,0,0,NOT APPLY,NULL,NULL,NULL,5,60,NI-10001-04,40,Art. 4.3,23.52,50,NI,00093,Distribucion interna de nitrogeno para area 10001- cuarto grupo de subcolectores,No
/A10001-15-NI-103124-U1BD2A-NC_01,NI-103124,A10001,15,NI,103124,NC,1,U1BD2A,31,3,32,29,3,16,14.5,90.63,90-100%,14.5,14.5,100,90-100%,1.5,NULL,0,Not Finished,1.5,3,Not Finished,TEIGA-TMI,75,4,4,75,NULL,3,3,0,0,0,0,NOT APPLY,NULL,NULL,NULL,5,60,NI-10001-04,40,Art. 4.3,23.52,50,NI,00093,Distribucion interna de nitrogeno para area 10001- cuarto grupo de subcolectores,No
/A10001-15-NI-103134-U1BD2A-NC_01,NI-103134,A10001,15,NI,103134,NC,1,U1BD2A,20,2,20,19,1,10,9.5,95,90-100%,9.5,9.5,100,90-100%,0.5,NULL,0,Not Finished,0.5,51,Not Finished,TEIGA-TMI,0,4,4,0,NULL,0,0,0,0,0,0,NOT APPLY,NULL,NULL,NULL,5,60,NI-10001-04,40,Art. 4.3,23.52,50,NI,00093,Distribucion interna de nitrogeno para area 10001- cuarto grupo de subcolectores,No
/A10001-15-NI-103197-U1BD2A-NC_01,NI-103197,A10001,15,NI,103197,NC,1,U1BD2A,23,3,25,21,4,12.5,10.5,84,NULL,10.5,10.5,100,90-100%,2,NULL,0,Not Finished,2,44,Not Finished,TEIGA-TMI,0,4,4,0,NULL,0,0,0,0,0,0,NOT APPLY,NULL,NULL,NULL,5,60,NI-10001-04,40,Art. 4.3,23.52,50,NI,00093,Distribucion interna de nitrogeno para area 10001- cuarto grupo de subcolectores,No
/A10001-15-NI-103511-U1BD2A-NC_01,NI-103511,A10001,15,NI,103511,NC,1,U1BD2A,26,5,28,25,3,14,12.5,89.29,NULL,12.5,12.5,100,90-100%,1.5,NULL,0,Not Finished,1.5,44,Not Finished,TEIGA-TMI,0,4,4,0,NULL,0,0,0,0,0,0,NOT APPLY,NULL,NULL,NULL,5,60,NI-10001-04,40,Art. 4.3,23.52,50,NI,00093,Distribucion interna de nitrogeno para area 10001- cuarto grupo de subcolectores,No
/A10001-15-NI-103529-U1BD2A-NC_01,NI-103529,A10001,15,NI,103529,NC,1,U1BD2A,26,3,26,24,2,13,12,92.31,90-100%,12,12,100,90-100%,1,NULL,0,Not Finished,1,51,Not Finished,TEIGA-TMI,0,4,4,0,NULL,0,0,0,0,0,0,NOT APPLY,NULL,NULL,NULL,5,60,NI-10001-04,40,Art. 4.3,23.52,50,NI,00093,Distribucion interna de nitrogeno para area 10001- cuarto grupo de subcolectores,No
/A10001-15-NI-103534-U1BD2A-NC_01,NI-103534,A10001,15,NI,103534,NC,1,U1BD2A,19,2,19,19,0,9.5,9.5,100,90-100%,9.5,9.5,100,90-100%,0,NULL,NULL,NOT REQUIRED,0,51,NOT REQUIRED,TEIGA-TMI,75,4,4,75,NULL,3,3,0,0,0,0,NOT APPLY,NULL,NULL,NULL,7,60,NI-10001-04,0,Art. 4.3,23.52,100,NI,00093,Distribucion interna de nitrogeno para area 10001- cuarto grupo de subcolectores,No
/A10001-15-NI-103609-U1BD2A-NC_01,NI-103609,A10001,15,NI,103609,NC,1,U1BD2A,29,4,30,27,3,15,13.5,90,90-100%,13.5,13.5,100,90-100%,1.5,NULL,0,Not Finished,1.5,45,Not Finished,TEIGA-TMI,0,4,4,0,NULL,0,0,0,0,0,0,NOT APPLY,NULL,NULL,NULL,5,61,NI-10001-05,40,Art. 4.3,23.52,50,NI,00095,Distribucion interna de nitrogeno para area 10001- quinto grupo de subcolectores,No
/A10001-15-NI-104113-U1BD2A-NC_01,NI-104113,A10001,15,NI,104113,NC,1,U1BD2A,31,6,33,27,6,16.5,13.5,81.82,NULL,13.5,13.5,100,90-100%,3,NULL,0,Not Finished,3,52,Not Finished,TEIGA-TMI,0,4,4,0,NULL,0,0,0,0,0,0,NOT APPLY,NULL,NULL,NULL,5,59,NI-10001-01,40,Art. 4.3,23.52,50,NI,00092,Distribucion interna de nitrogeno para area 10001- primer grupo de subcolectores,No
/A10001-15-NI-104234-U1BD2A-NC_01,NI-104234,A10001,15,NI,104234,NC,1,U1BD2A,19,2,19,18,1,9.5,9,94.74,90-100%,9,9,100,90-100%,0.5,NULL,0,Not Finished,0.5,2,Not Finished,TEIGA-TMI,100,4,4,100,90-100%,4,4,0,0,0,0,NOT APPLY,NULL,NULL,NULL,5,60,NI-10001-04,40,Art. 4.3,23.52,50,NI,00093,Distribucion interna de nitrogeno para area 10001- cuarto grupo de subcolectores,No
/A10001-15-NI-104297-U1BD2A-NC_01,NI-104297,A10001,15,NI,104297,NC,1,U1BD2A,24,3,24,22,2,12,11,91.67,90-100%,11,11,100,90-100%,1,NULL,0,Not Finished,1,8,Not Finished,TEIGA-TMI,75,4,4,75,NULL,3,3,0,0,0,0,NOT APPLY,NULL,NULL,NULL,5,60,NI-10001-04,40,Art. 4.3,23.52,50,NI,00093,Distribucion interna de nitrogeno para area 10001- cuarto grupo de subcolectores,No
/A10001-15-NI-108621-U1BD2A-NC_01,NI-108621,A10001,15,NI,108621,NC,1,U1BD2A,25,3,25,23,2,12.5,11.5,92,90-100%,11.5,11.5,100,90-100%,1,NULL,0,Not Finished,1,2,Not Finished,TEIGA-TMI,50,4,4,50,NULL,2,2,0,0,0,0,NOT APPLY,NULL,NULL,NULL,5,60,NI-10001-04,40,Art. 4.3,23.52,50,NI,00093,Distribucion interna de nitrogeno para area 10001- cuarto grupo de subcolectores,No
/A10001-15-NI-108635-U1BD2A-NC_01,NI-108635,A10001,15,NI,108635,NC,1,U1BD2A,64,9,65,60,5,32,29.5,92.19,90-100%,29.5,29.5,100,90-100%,2.5,NULL,0,Not Finished,2.5,3,Not Finished,TEIGA-TMI,50,4,4,50,NULL,2,2,0,0,0,0,NOT APPLY,NULL,NULL,NULL,5,60,NI-10001-04,40,Art. 4.3,23.52,50,NI,00093,Distribucion interna de nitrogeno para area 10001- cuarto grupo de subcolectores,No
/A10001-15-SSAM-103902-U4BC1B-PP_01,SSAM-103902,A10001,15,SSAM,103902,PP,1,U4BC1B,9,2,12,9,3,6,4.5,75,NULL,4.5,4.5,100,90-100%,1.5,NULL,0,Not Finished,1.5,4,Not Finished,TECHNIP,100,3,1,100,90-100%,3,1,0,0,0,0,NOT APPLY,NULL,NULL,NULL,5,43,HMBI-10001-02,40,Art. 4.3,15,50,HMBI,00076,Filtro rotativo- recipiente filtrato- recipiente torta- y lineas asociadas,Traceado
/A10001-200-CIPA-102201-U4BC1B-CC_01,CIPA-102201,A10001,200,CIPA,102201,CC,1,U4BC1B,11,2,12,10,2,84,84,100,90-100%,68,68,100,90-100%,16,16,100,90-100%,0,39,46,TECHNIP,100,2,1,100,90-100%,2,1,0,2,1,100,NOT APPLY,NULL,NULL,Ready for Dossier,10,16,HMBC-10001-01,100,II,15,100,HMBC,00072,Evaporador IPA,Si
/A10001-200-CIPA-102308-U4BC1B-NC_01,CIPA-102308,A10001,200,CIPA,102308,NC,1,U4BC1B,15,3,20,13,7,116,116,100,90-100%,84,84,100,90-100%,32,32,100,90-100%,0,36,51,TECHNIP,100,16,5,100,90-100%,16,5,0,16,5,100,NOT APPLY,NULL,NULL,Ready for Dossier,10,2008,EFL-10001-03,100,NULL,15,100,EFL,00061,Drenajes abiertos de edificio HMBI,Traceado
/A10001-200-HMBC-104605-U4BC1B-NC_01,HMBC-104605,A10001,200,HMBC,104605,NC,1,U4BC1B,11,3,14,10,4,92,92,100,90-100%,72,72,100,90-100%,20,20,100,90-100%,0,39,9,TECHNIP,100,9,5,100,90-100%,9,5,0,8,4,88.89,NOT APPLY,NULL,NULL,NULL,7,2023,HMBI-10001-01,96.67,NULL,15,100,HMBI,00078,Sistema de acumulacion temporal de HMBI y lineas asociadas,No
/A10001-200-HMBH-104203-U4BC1B-CC_01,HMBH-104203,A10001,200,HMBH,104203,CC,1,U4BC1B,3,1,3,3,0,18,18,100,90-100%,18,18,100,90-100%,0,NULL,NULL,NOT REQUIRED,0,46,NOT REQUIRED,NOT APPLY,NULL,0,0,NULL,NULL,0,0,0,0,0,0,NOT APPLY,NULL,NULL,NULL,7,53,HMBI-10001-03,100,Art. 4.3,15,100,HMBI,00074,Evaporador de pelicula fina- condensador- pesados- y lineas asociadas,Traceado
/A10001-200-IPAV-101104-U4BC1B-CC_01,IPAV-101104,A10001,200,IPAV,101104,CC,1,U4BC1B,32,10,40,27,13,252.5,252.5,100,90-100%,174,174,100,90-100%,78.5,78.5,100,90-100%,0,47,48,TECHNIP,95.65,23,7,95.65,90-100%,22,6,0,21,5,91.3,NOT APPLY,NULL,NULL,NULL,7,17,CHMB-10001-01,97.39,II,15,100,CHMB,00043,HMBI crudo A10001 reactor 1,Si
/A10001-200-IPAV-101107-U4BC1B-NC_01,IPAV-101107,A10001,200,IPAV,101107,NC,1,U4BC1B,16,7,26,17,9,108,100,92.59,90-100%,73,73,100,90-100%,35,27,77.14,Not Finished,8,47,Not Finished,TECHNIP,100,10,2,100,90-100%,10,2,0,5,0,50,NOT APPLY,NULL,NULL,NULL,5,2024,EFL-10001-03,78.14,NULL,15,88.57,EFL,00061,Drenajes abiertos de edificio HMBI,Traceado
/A10001-200-IPAV-101204-U4BC1B-CC_01,IPAV-101204,A10001,200,IPAV,101204,CC,1,U4BC1B,35,8,41,31,10,247.5,247.5,100,90-100%,181.5,181.5,100,90-100%,66,66,100,90-100%,0,42,46,TECHNIP,100,15,5,100,90-100%,15,5,0,15,5,100,SPS-049|SPS-057,ENVIADO|ENVIADO,1,Ready for Dossier,10,18,CHMB-10001-02,100,II,15,100,CHMB,00044,HMBI crudo A10001 reactor 2,Si
/A10001-200-IPAV-101205-U4BC1B-NC_01,IPAV-101205,A10001,200,IPAV,101205,NC,1,U4BC1B,33,7,42,28,14,198,198,100,90-100%,153,153,100,90-100%,45,45,100,90-100%,0,35,48,TECHNIP,95,20,4,95,90-100%,19,3,0,9,1,45,NOT APPLY,NULL,NULL,NULL,7,2024,EFL-10001-03,83.5,NULL,15,100,EFL,00061,Drenajes abiertos de edificio HMBI,Traceado
/A10001-200-VE1-108607-U4BC1B-NC_01,VE1-108607,A10001,200,VE1,108607,NC,1,U4BC1B,10,1,11,8,3,60,60,100,90-100%,44,44,100,90-100%,16,16,100,90-100%,0,37,50,TECHNIP,100,3,1,100,90-100%,3,1,0,2,0,66.67,NOT APPLY,NULL,NULL,NULL,7,2018,EFL-10001-04,90,Art. 4.3,15,100,EFL,00062,Recipiente enterrado efluentes HMBI y lineas asociadas,No
/A10001-20-ACL-108629-U4BC1B-CCTN_01,ACL-108629,A10001,20,ACL,108629,CCTN,1,U4BC1B,40,6,44,38,6,32,31,96.88,90-100%,27.25,27.25,100,90-100%,4.75,3.75,78.95,Not Finished,1,7,Not Finished,TEIGA-TMI,0,4,4,0,NULL,0,0,0,0,0,0,NOT APPLY,NULL,NULL,NULL,5,1005,ACL-10001-01,63.69,Art. 4.3,15,89.475,ACL,00002,Agua caliente de lavados A10001,Traceado
/A10001-20-ACL-95216-U4BC1B-CCTN_01,ACL-95216,A10001,20,ACL,95216,CCTN,1,U4BC1B,18,4,21,15,6,15.75,14.25,90.48,90-100%,11.25,11.25,100,90-100%,4.5,3,66.67,Not Finished,1.5,44,Not Finished,TEIGA-TMI,0,4,4,0,NULL,0,0,0,2,2,50,NOT APPLY,NULL,NULL,NULL,5,1005,ACL-10001-01,75,Art. 4.3,15,83.335,ACL,00002,Agua caliente de lavados A10001,Traceado
/A10001-20-ACL-95217-U4BC1B-CCTN_01,ACL-95217,A10001,20,ACL,95217,CCTN,1,U4BC1B,17,4,24,14,10,17.25,16.5,95.65,90-100%,10.5,10.5,100,90-100%,6.75,6,88.89,Not Finished,0.75,41,Not Finished,TEIGA-TMI,0,4,4,0,NULL,0,0,0,2,2,50,NOT APPLY,NULL,NULL,NULL,5,1005,ACL-10001-01,81.67,Art. 4.3,15,94.445,ACL,00002,Agua caliente de lavados A10001,Traceado
/A10001-20-ACL-95218-U4BC1B-CCTN_01,ACL-95218,A10001,20,ACL,95218,CCTN,1,U4BC1B,6,1,6,5,1,4.5,4.5,100,90-100%,3.75,3.75,100,90-100%,0.75,0.75,100,90-100%,0,45,14,TEIGA-TMI,0,1,1,0,NULL,0,0,0,0,0,0,NOT APPLY,NULL,NULL,NULL,7,1005,ACL-10001-01,70,Art. 4.3,15,100,ACL,00002,Agua caliente de lavados A10001,Traceado
/A10001-20-ACL-95291-U4BC1B-CCTN_01,ACL-95291,A10001,20,ACL,95291,CCTN,1,U4BC1B,6,1,6,5,1,4.5,4.5,100,90-100%,3.75,3.75,100,90-100%,0.75,0.75,100,90-100%,0,44,14,TEIGA-TMI,0,4,4,0,NULL,0,0,0,0,0,0,NOT APPLY,NULL,NULL,NULL,7,1005,ACL-10001-01,70,Art. 4.3,15,100,ACL,00002,Agua caliente de lavados A10001,Traceado
/A10001-20-ACL-95296-U4BC1B-CCTN_01,ACL-95296,A10001,20,ACL,95296,CCTN,1,U4BC1B,4,1,4,3,1,3,2.25,75,NULL,2.25,2.25,100,90-100%,0.75,NULL,0,Not Finished,0.75,5,Not Finished,TEIGA-TMI,0,4,4,0,NULL,0,0,0,0,0,0,NOT APPLY,NULL,NULL,NULL,5,1005,ACL-10001-01,40,Art. 4.3,15,50,ACL,00002,Agua caliente de lavados A10001,Traceado
/A10001-20-ACL-95297-U4BC1B-CCTN_01,ACL-95297,A10001,20,ACL,95297,CCTN,1,U4BC1B,22,4,26,21,5,20.75,20.75,100,90-100%,16.5,16.5,100,90-100%,4.25,4.25,100,90-100%,0,7,20,TEIGA-TMI,0,4,4,0,NULL,0,0,0,0,0,0,NOT APPLY,NULL,NULL,NULL,7,1005,ACL-10001-01,70,Art. 4.3,15,100,ACL,00002,Agua caliente de lavados A10001,Traceado
/A10001-20-ACL-95298-U4BC1B-CCTN_01,ACL-95298,A10001,20,ACL,95298,CCTN,1,U4BC1B,11,1,12,7,5,6,6,100,90-100%,2.25,2.25,100,90-100%,3.75,3.75,100,90-100%,0,5,20,TEIGA-TMI,0,4,4,0,NULL,0,0,0,0,0,0,NOT APPLY,NULL,NULL,NULL,7,1005,ACL-10001-01,70,Art. 4.3,15,100,ACL,00002,Agua caliente de lavados A10001,Traceado
/A10001-20-ACL-95299-U4BC1B-CCTN_01,ACL-95299,A10001,20,ACL,95299,CCTN,1,U4BC1B,5,1,6,5,1,4.5,4.5,100,90-100%,3.75,3.75,100,90-100%,0.75,0.75,100,90-100%,0,5,20,TEIGA-TMI,0,4,4,0,NULL,0,0,0,0,0,0,NOT APPLY,NULL,NULL,NULL,7,1005,ACL-10001-01,70,Art. 4.3,15,100,ACL,00002,Agua caliente de lavados A10001,Traceado
/A10001-20-AR-101113-U1BC2A-PP_01,AR-101113,A10001,20,AR,101113,PP,1,U1BC2A,15,2,16,14,2,12,10.5,87.5,NULL,10.5,10.5,100,90-100%,1.5,NULL,0,Not Finished,1.5,2,Not Finished,TEIGA-TMI,0,4,4,0,NULL,0,0,0,0,0,0,NOT APPLY,NULL,NULL,NULL,5,1013,AR-PR11-01,40,Art. 4.3,15,50,AR,00017,Agua refrigeración PR11,No (PP 38%)
/A10001-20-AR-101114-U1BC2A-PP_01,AR-101114,A10001,20,AR,101114,PP,1,U1BC2A,15,1,17,15,2,12.75,11.25,88.24,NULL,11.25,11.25,100,90-100%,1.5,NULL,0,Not Finished,1.5,48,Not Finished,TEIGA-TMI,0,1,1,0,NULL,0,0,0,0,0,0,NOT APPLY,NULL,NULL,NULL,5,1013,AR-PR11-01,40,Art. 4.3,15,50,AR,00017,Agua refrigeración PR11,No (PP 38%)
/A10001-20-AR-101248-U1BC2A-PP_01,AR-101248,A10001,20,AR,101248,PP,1,U1BC2A,20,2,20,19,1,15,14.25,95,90-100%,14.25,14.25,100,90-100%,0.75,NULL,0,Not Finished,0.75,2,Not Finished,TEIGA-TMI,0,4,4,0,NULL,0,0,0,0,0,0,NOT APPLY,NULL,NULL,NULL,5,1013,AR-PR11-01,40,Art. 4.3,15,50,AR,00017,Agua refrigeración PR11,No (PP 38%)
/A10001-20-AR-101249-U1BC2A-PP_01,AR-101249,A10001,20,AR,101249,PP,1,U1BC2A,9,1,12,9,3,9,6.75,75,NULL,6.75,6.75,100,90-100%,2.25,NULL,0,Not Finished,2.25,2,Not Finished,TEIGA-TMI,0,4,4,0,NULL,0,0,0,0,0,0,NOT APPLY,NULL,NULL,NULL,5,1013,AR-PR11-01,40,Art. 4.3,15,50,AR,00017,Agua refrigeración PR11,No (PP 38%)
/A10001-20-AR-101327-U1BC2A-PP_01,AR-101327,A10001,20,AR,101327,PP,1,U1BC2A,18,2,19,15,4,13.5,10.5,77.78,NULL,10.5,10.5,100,90-100%,3,NULL,0,Not Finished,3,43,Not Finished,TEIGA-TMI,100,4,4,100,90-100%,4,4,0,0,0,0,NOT APPLY,NULL,NULL,NULL,5,1013,CHMB-10001-04,40,Art. 4.3,15,50,CHMB,00046,Recipiente HMBI bruto,Si
/A10001-20-AR-101328-U1BC2A-PP_01,AR-101328,A10001,20,AR,101328,PP,1,U1BC2A,16,3,19,14,5,14.25,10.5,73.68,NULL,10.5,10.5,100,90-100%,3.75,NULL,0,Not Finished,3.75,45,Not Finished,TEIGA-TMI,100,4,4,100,90-100%,4,4,0,0,0,0,NOT APPLY,NULL,NULL,NULL,5,1013,CHMB-10001-04,40,Art. 4.3,15,50,CHMB,00046,Recipiente HMBI bruto,Si
/A10001-20-AR-102226-U1BC2A-PP_01,AR-102226,A10001,20,AR,102226,PP,1,U1BC2A,22,4,24,22,2,18,16.5,91.67,90-100%,16.5,16.5,100,90-100%,1.5,NULL,0,Not Finished,1.5,45,Not Finished,TEIGA-TMI,100,4,4,100,90-100%,4,4,0,0,0,0,NOT APPLY,NULL,NULL,NULL,5,1013,AR-PR11-01,40,Art. 4.3,15,50,AR,00017,Agua refrigeración PR11,No (PP 38%)
/A10001-20-AR-102227-U1BC2A-PP_01,AR-102227,A10001,20,AR,102227,PP,1,U1BC2A,21,3,24,19,5,18,14.25,79.17,NULL,14.25,14.25,100,90-100%,3.75,NULL,0,Not Finished,3.75,44,Not Finished,TEIGA-TMI,100,4,4,100,90-100%,4,4,0,0,0,0,NOT APPLY,NULL,NULL,NULL,5,1013,AR-PR11-01,40,Art. 4.3,15,50,AR,00017,Agua refrigeración PR11,No (PP 38%)
/A10001-20-AR-103125-U1BC2A-NC_01,AR-103125,A10001,20,AR,103125,NC,1,U1BC2A,19,3,21,18,3,15,13.5,90,90-100%,12.75,12.75,100,90-100%,2.25,0.75,33.33,Not Finished,1.5,2,Not Finished,TEIGA-TMI,0,4,4,0,NULL,0,0,0,0,0,0,NOT APPLY,NULL,NULL,NULL,5,1015,AR-00000-01,50,Art. 4.3,15,66.665,AR,00011,Agua refrigeración (colector),No (PP 20%)
/A10001-20-AR-103126-U1BC2A-NC_01,AR-103126,A10001,20,AR,103126,NC,1,U1BC2A,20,2,21,19,2,15.75,15.75,100,90-100%,14.25,14.25,100,90-100%,1.5,1.5,100,90-100%,0,9,20,TEIGA-TMI,0,4,4,0,NULL,0,0,0,0,0,0,NOT APPLY,NULL,NULL,NULL,7,1015,AR-00000-01,70,Art. 4.3,15,100,AR,00011,Agua refrigeración (colector),No (PP 20%)
/A10001-20-AR-103527-U1BC2A-PP_01,AR-103527,A10001,20,AR,103527,PP,1,U1BC2A,17,3,20,15,5,14.25,11.25,78.95,NULL,11.25,11.25,100,90-100%,3,NULL,0,Not Finished,3,11,Not Finished,TEIGA-TMI,100,4,4,100,90-100%,4,4,0,0,0,0,NOT APPLY,NULL,NULL,NULL,5,1013,CHMB-10001-04,40,Art. 4.3,15,50,CHMB,00046,Recipiente HMBI bruto,Si
/A10001-20-AR-103528-U1BC2A-PP_01,AR-103528,A10001,20,AR,103528,PP,1,U1BC2A,18,3,20,16,4,15.25,12.25,80.33,NULL,12.25,12.25,100,90-100%,3,NULL,0,Not Finished,3,45,Not Finished,TEIGA-TMI,75,4,4,75,NULL,3,3,0,0,0,0,NOT APPLY,NULL,NULL,NULL,5,1013,AR-PR11-01,40,Art. 4.3,15,50,AR,00017,Agua refrigeración PR11,No (PP 38%)
/A10001-20-AR-103727-U1BC2A-PP_01,AR-103727,A10001,20,AR,103727,PP,1,U1BC2A,17,4,20,15,5,14.5,10.75,74.14,NULL,10.75,10.75,100,90-100%,3.75,NULL,0,Not Finished,3.75,45,Not Finished,TEIGA-TMI,100,4,4,100,90-100%,4,4,0,0,0,0,NOT APPLY,NULL,NULL,NULL,5,1013,AR-PR11-01,40,Art. 4.3,15,50,AR,00017,Agua refrigeración PR11,No (PP 38%)
/A10001-20-AR-103728-U1BC2A-PP_01,AR-103728,A10001,20,AR,103728,PP,1,U1BC2A,15,2,20,15,5,15,12,80,NULL,11.25,11.25,100,90-100%,3.75,0.75,20,Not Finished,3,48,Not Finished,TEIGA-TMI,100,4,4,100,90-100%,4,4,0,0,0,0,NOT APPLY,NULL,NULL,NULL,5,1013,HMBI-10001-02,46,Art. 4.3,15,60,HMBI,00076,Filtro rotativo- recipiente filtrato- recipiente torta- y lineas asociadas,Traceado
/A10001-20-AR-104226-U1BC2A-PP_01,AR-104226,A10001,20,AR,104226,PP,1,U1BC2A,11,2,18,11,7,13.5,8.25,61.11,NULL,8.25,8.25,100,90-100%,5.25,NULL,0,Not Finished,5.25,48,Not Finished,TEIGA-TMI,100,4,4,100,90-100%,4,4,0,0,0,0,NOT APPLY,NULL,NULL,NULL,5,1013,AR-PR11-01,40,Art. 4.3,15,50,AR,00017,Agua refrigeración PR11,No (PP 38%)
/A10001-20-AR-104227-U1BC2A-PP_01,AR-104227,A10001,20,AR,104227,PP,1,U1BC2A,13,2,18,13,5,13.5,9.75,72.22,NULL,9.75,9.75,100,90-100%,3.75,NULL,0,Not Finished,3.75,48,Not Finished,TEIGA-TMI,100,4,4,100,90-100%,4,4,0,0,0,0,NOT APPLY,NULL,NULL,NULL,5,1013,AR-PR11-01,40,Art. 4.3,15,50,AR,00017,Agua refrigeración PR11,No (PP 38%)
/A10001-20-ARC-91272-U1BC2A-NC_01,ARC-91272,A10001,20,ARC,91272,NC,1,U1BC2A,32,7,35,31,4,26,26,100,90-100%,23,23,100,90-100%,3,3,100,90-100%,0,50,20,TEIGA-TMI,0,4,4,0,NULL,0,0,0,0,0,0,NOT APPLY,NULL,NULL,NULL,7,1045,ARC-PR19-01,70,Art. 4.3,15,100,ARC,00026,Aire de servicio PR19,No
/A10001-20-ARC-91273-U1BC2A-NC_01,ARC-91273,A10001,20,ARC,91273,NC,1,U1BC2A,22,2,22,16,6,14.75,14,94.92,90-100%,10,10,100,90-100%,4.75,4,84.21,Not Finished,0.75,9,Not Finished,TEIGA-TMI,0,4,4,0,NULL,0,0,0,0,0,0,NOT APPLY,NULL,NULL,NULL,5,1010,ARC-10001-01,65.26,Art. 4.3,15,92.105,ARC,00019,Aire de servicio A10001,No
/A10001-20-ARC-91274-U1BC2A-NC_01,ARC-91274,A10001,20,ARC,91274,NC,1,U1BC2A,4,1,4,3,1,3,2.25,75,NULL,2.25,2.25,100,90-100%,0.75,NULL,0,Not Finished,0.75,4,Not Finished,TEIGA-TMI,0,4,4,0,NULL,0,0,0,0,0,0,NOT APPLY,NULL,NULL,NULL,5,1010,ARC-10001-01,40,Art. 4.3,15,50,ARC,00019,Aire de servicio A10001,No
/A10001-20-ARC-91275-U1BC2A-NC_01,ARC-91275,A10001,20,ARC,91275,NC,1,U1BC2A,9,1,9,8,1,6.75,6,88.89,NULL,6,6,100,90-100%,0.75,NULL,0,Not Finished,0.75,8,Not Finished,TEIGA-TMI,0,4,4,0,NULL,0,0,0,0,0,0,NOT APPLY,NULL,NULL,NULL,5,1010,ARC-10001-01,40,Art. 4.3,15,50,ARC,00019,Aire de servicio A10001,No
/A10001-20-ARC-91276-U1BC2A-NC_01,ARC-91276,A10001,20,ARC,91276,NC,1,U1BC2A,9,1,9,5,4,4.5,3,66.67,NULL,1.5,1.5,100,90-100%,3,1.5,50,Not Finished,1.5,20,Not Finished,TEIGA-TMI,0,4,4,0,NULL,0,0,0,0,0,0,NOT APPLY,NULL,NULL,NULL,5,1010,ARC-10001-01,55,Art. 4.3,15,75,ARC,00019,Aire de servicio A10001,No
/A10001-20-ARC-91277-U1BC2A-NC_01,ARC-91277,A10001,20,ARC,91277,NC,1,U1BC2A,6,1,6,5,1,4.5,4.5,100,90-100%,3.75,3.75,100,90-100%,0.75,0.75,100,90-100%,0,4,14,TEIGA-TMI,0,4,4,0,NULL,0,0,0,0,0,0,NOT APPLY,NULL,NULL,NULL,7,1010,ARC-10001-01,70,Art. 4.3,15,100,ARC,00019,Aire de servicio A10001,No
/A10001-20-ARC-91278-U1BC2A-NC_01,ARC-91278,A10001,20,ARC,91278,NC,1,U1BC2A,9,1,9,7,2,7,7,100,90-100%,5,5,100,90-100%,2,2,100,90-100%,0,4,19,TEIGA-TMI,0,4,4,0,NULL,0,0,0,0,0,0,NOT APPLY,NULL,NULL,NULL,7,1010,ARC-10001-01,70,Art. 4.3,15,100,ARC,00019,Aire de servicio A10001,No
/A10001-20-ARC-91279-U1BC2A-NC_01,ARC-91279,A10001,20,ARC,91279,NC,1,U1BC2A,21,4,24,19,5,16.5,15.75,95.45,90-100%,12.75,12.75,100,90-100%,3.75,3,80,Not Finished,0.75,45,Not Finished,TEIGA-TMI,0,4,1,0,NULL,0,0,0,1,0,25,NOT APPLY,NULL,NULL,NULL,5,1010,ARC-10001-01,71.5,Art. 4.3,15,90,ARC,00019,Aire de servicio A10001,No
/A10001-20-ARC-91299-U1BC2A-NC_01,ARC-91299,A10001,20,ARC,91299,NC,1,U1BC2A,12,1,13,12,1,9.75,9.75,100,90-100%,9,9,100,90-100%,0.75,0.75,100,90-100%,0,45,18,TEIGA-TMI,0,4,4,0,NULL,0,0,0,0,0,0,NOT APPLY,NULL,NULL,NULL,7,1010,ARC-10001-01,70,Art. 4.3,15,100,ARC,00019,Aire de servicio A10001,No
/A10001-20-ARI-101979-U4AC2A-NC_01,ARI-101979,A10001,20,ARI,101979,NC,1,U4AC2A,38,8,42,35,7,30,25.5,85,NULL,24.5,21.5,87.76,NULL,5.5,4,72.73,Not Finished,4.5,Not Finished,Not Finished,TEIGA-TMI,0,4,4,0,NULL,0,0,0,0,0,0,NOT APPLY,NULL,NULL,NULL,4,1011,ARI-10001-01,56.92,Art. 4.3,15,80.245,ARI,00028,Aire de instrumentos A10001,No
/A10001-20-ARI-101982-U4AC2A-NC_01,ARI-101982,A10001,20,ARI,101982,NC,1,U4AC2A,8,1,9,8,1,6.75,6.75,100,90-100%,6,6,100,90-100%,0.75,0.75,100,90-100%,0,7,17,TEIGA-TMI,0,1,1,0,NULL,0,0,0,0,0,0,NOT APPLY,NULL,NULL,NULL,7,1011,ARI-10001-01,70,Art. 4.3,15,100,ARI,00028,Aire de instrumentos A10001,No
/A10001-20-AT-94474-U4AC2A-CCTN_01,AT-94474,A10001,20,AT,94474,CCTN,1,U4AC2A,6,1,6,5,1,4.5,4.5,100,90-100%,3.75,3.75,100,90-100%,0.75,0.75,100,90-100%,0,44,16,TEIGA-TMI,0,4,4,0,NULL,0,0,0,0,0,0,NOT APPLY,NULL,NULL,NULL,7,1008,AT-10001-01,70,Art. 4.3,15,100,AT,00034,Agua tratada A10001,Traceado
/A10001-20-AT-94488-U4AC2A-CCTN_01,AT-94488,A10001,20,AT,94488,CCTN,1,U4AC2A,20,2,22,19,3,17.75,17.75,100,90-100%,15,15,100,90-100%,2.75,2.75,100,90-100%,0,7,16,TEIGA-TMI,0,4,4,0,NULL,0,0,0,0,0,0,NOT APPLY,NULL,NULL,NULL,7,1008,AT-10001-01,70,Art. 4.3,15,100,AT,00034,Agua tratada A10001,Traceado
/A10001-20-AT-94489-U4AC2A-CCTN_01,AT-94489,A10001,20,AT,94489,CCTN,1,U4AC2A,3,1,4,3,1,3,2.25,75,NULL,2.25,2.25,100,90-100%,0.75,NULL,0,Not Finished,0.75,7,Not Finished,TEIGA-TMI,0,4,4,0,NULL,0,0,0,1,1,25,NOT APPLY,NULL,NULL,NULL,5,1008,AT-10001-01,47.5,Art. 4.3,15,50,AT,00034,Agua tratada A10001,Traceado
/A10001-20-AT-94494-U4AC2A-CCTN_01,AT-94494,A10001,20,AT,94494,CCTN,1,U4AC2A,17,3,21,15,6,14,11.75,83.93,NULL,10,7.75,77.5,NULL,4,4,100,90-100%,2.25,Not Finished,45,TEIGA-TMI,0,4,4,0,NULL,0,0,0,4,4,100,NOT APPLY,NULL,NULL,NULL,9,1008,AT-10001-01,91,Art. 4.3,15,88.75,AT,00034,Agua tratada A10001,Traceado
/A10001-20-AT-94495-U4AC2A-CCTN_01,AT-94495,A10001,20,AT,94495,CCTN,1,U4AC2A,16,3,19,15,4,14.25,12,84.21,NULL,11.25,9.75,86.67,NULL,3,2.25,75,Not Finished,2.25,Not Finished,Not Finished,TEIGA-TMI,0,7,7,0,NULL,0,0,0,7,7,100,NOT APPLY,NULL,NULL,NULL,7,1008,AT-10001-01,87.17,Art. 4.3,15,80.835,AT,00034,Agua tratada A10001,Traceado
/A10001-20-AT-94496-U4AC2A-CCTN_01,AT-94496,A10001,20,AT,94496,CCTN,1,U4AC2A,5,1,6,5,1,4.5,4.5,100,90-100%,3.75,3.75,100,90-100%,0.75,0.75,100,90-100%,0,7,16,TEIGA-TMI,0,4,4,0,NULL,0,1,0,2,2,50,NOT APPLY,NULL,NULL,NULL,7,1008,AT-10001-01,85,Art. 4.3,15,100,AT,00034,Agua tratada A10001,Traceado
/A10001-20-AT-94498-U4AC2A-CCTN_01,AT-94498,A10001,20,AT,94498,CCTN,1,U4AC2A,5,1,6,5,1,4.5,4.5,100,90-100%,3.75,3.75,100,90-100%,0.75,0.75,100,90-100%,0,7,17,TEIGA-TMI,0,4,4,0,NULL,0,0,0,0,0,0,NOT APPLY,NULL,NULL,NULL,7,1008,AT-10001-01,70,Art. 4.3,15,100,AT,00034,Agua tratada A10001,Traceado
/A10001-20-AT-94499-U4AC2A-CCTN_01,AT-94499,A10001,20,AT,94499,CCTN,1,U4AC2A,7,1,8,7,1,6,6,100,90-100%,5.25,5.25,100,90-100%,0.75,0.75,100,90-100%,0,7,17,TEIGA-TMI,0,4,4,0,NULL,0,0,0,1,1,25,NOT APPLY,NULL,NULL,NULL,7,1008,AT-10001-01,77.5,Art. 4.3,15,100,AT,00034,Agua tratada A10001,Traceado
/A10001-20-C6-104195-U1CD2B-CC_01,C6-104195,A10001,20,C6,104195,CC,1,U1CD2B,15,1,15,13,2,11.25,9.75,86.67,NULL,9.75,9.75,100,90-100%,1.5,NULL,0,Not Finished,1.5,9,Not Finished,TECHNIP,100,6,3,100,90-100%,6,3,0,0,0,0,NOT APPLY,NULL,NULL,NULL,5,1020,C6-10001-01,40,Art. 4.3,23.52,50,C6,00039,Condensados A10001,Si
/A10001-20-EFL-108623-U4BC1B-NC_01,EFL-108623,A10001,20,EFL,108623,NC,1,U4BC1B,18,2,19,18,1,12.75,12,94.12,90-100%,12,12,100,90-100%,0.75,NULL,0,Not Finished,0.75,9,Not Finished,TEIGA-TMI,0,4,4,0,NULL,0,0,0,0,0,0,NOT APPLY,NULL,NULL,NULL,5,15,EFL-10001-05,40,Art. 4.3,15,50,EFL,00057,Recipiente enterrado efluentes HMBI y lineas asociadas 2,No
/A10001-20-EFL-108634-U4BC1B-NC_01,EFL-108634,A10001,20,EFL,108634,NC,1,U4BC1B,10,2,12,11,1,7.5,6.75,90,90-100%,6.75,6.75,100,90-100%,0.75,NULL,0,Not Finished,0.75,13,Not Finished,TEIGA-TMI,0,4,4,0,NULL,0,0,0,0,0,0,NOT APPLY,NULL,NULL,NULL,5,15,EFL-10001-04,40,Art. 4.3,15,50,EFL,00062,Recipiente enterrado efluentes HMBI y lineas asociadas,No
/A10001-20-EFL-108723-U4BC1B-NC_01,EFL-108723,A10001,20,EFL,108723,NC,1,U4BC1B,15,3,16,15,1,10.5,9.75,92.86,90-100%,9.75,9.75,100,90-100%,0.75,NULL,0,Not Finished,0.75,7,Not Finished,TEIGA-TMI,0,4,4,0,NULL,0,0,0,0,0,0,NOT APPLY,NULL,NULL,NULL,5,2032,EFL-10001-05,40,Art. 4.3,15,50,EFL,00057,Recipiente enterrado efluentes HMBI y lineas asociadas 2,No
/A10001-20-HMBN-103154-U4BC1B-CCTN_01,HMBN-103154,A10001,20,HMBN,103154,CCTN,1,U4BC1B,52,7,54,49,5,54.75,43,78.54,NULL,51,43,84.31,NULL,3.75,NULL,0,Not Finished,11.75,Not Finished,Not Finished,TECHNIP,100,21,11,100,90-100%,21,11,0,0,0,0,NOT APPLY,NULL,NULL,NULL,4,42,HMBN-10001-01,33.72,I,15,42.155,HMBN,00083,Reactor neutralización,Traceado (parcial)
/A10001-20-NI-91903-U1BD2A-NC_01,NI-91903,A10001,20,NI,91903,NC,1,U1BD2A,25,3,25,21,4,18.75,15.75,84,NULL,15.75,15.75,100,90-100%,3,NULL,0,Not Finished,3,8,Not Finished,TEIGA-TMI,0,4,4,0,NULL,0,0,0,0,0,0,NOT APPLY,NULL,NULL,NULL,5,62,NI-10001-06,40,Art. 4.3,23.52,50,NI,00096,Distribucion interna de nitrogeno para area 10001- sexto grupo de subcolectores,No
/A10001-20-NI-91904-U1BD2A-NC_01,NI-91904,A10001,20,NI,91904,NC,1,U1BD2A,13,3,16,13,3,12,9.75,81.25,NULL,9.75,9.75,100,90-100%,2.25,NULL,0,Not Finished,2.25,5,Not Finished,TEIGA-TMI,0,4,4,0,NULL,0,0,0,0,0,0,NOT APPLY,NULL,NULL,NULL,5,62,NI-10001-06,40,Art. 4.3,23.52,50,NI,00096,Distribucion interna de nitrogeno para area 10001- sexto grupo de subcolectores,No
/A10001-20-NI-91905-U1BD2A-NC_01,NI-91905,A10001,20,NI,91905,NC,1,U1BD2A,13,2,13,11,2,10,8.25,82.5,NULL,8.25,8.25,100,90-100%,1.75,NULL,0,Not Finished,1.75,5,Not Finished,TEIGA-TMI,0,4,4,0,NULL,0,0,0,0,0,0,NOT APPLY,NULL,NULL,NULL,5,62,NI-10001-06,40,Art. 4.3,23.52,50,NI,00096,Distribucion interna de nitrogeno para area 10001- sexto grupo de subcolectores,No
/A10001-20-NI-91906-U1BD2A-NC_01,NI-91906,A10001,20,NI,91906,NC,1,U1BD2A,6,1,6,5,1,4.5,3.75,83.33,NULL,3.75,3.75,100,90-100%,0.75,NULL,0,Not Finished,0.75,5,Not Finished,TEIGA-TMI,0,4,4,0,NULL,0,0,0,0,0,0,NOT APPLY,NULL,NULL,NULL,5,62,NI-10001-06,40,Art. 4.3,23.52,50,NI,00096,Distribucion interna de nitrogeno para area 10001- sexto grupo de subcolectores,No
/A10001-20-NI-91907-U1BD2A-NC_01,NI-91907,A10001,20,NI,91907,NC,1,U1BD2A,6,1,6,5,1,4.5,3.75,83.33,NULL,3.75,3.75,100,90-100%,0.75,NULL,0,Not Finished,0.75,5,Not Finished,TEIGA-TMI,0,4,4,0,NULL,0,0,0,0,0,0,NOT APPLY,NULL,NULL,NULL,5,62,NI-10001-06,40,Art. 4.3,23.52,50,NI,00096,Distribucion interna de nitrogeno para area 10001- sexto grupo de subcolectores,No
/A10001-20-NI-91908-U1BD2A-NC_01,NI-91908,A10001,20,NI,91908,NC,1,U1BD2A,4,1,4,3,1,3,2.25,75,NULL,2.25,2.25,100,90-100%,0.75,NULL,0,Not Finished,0.75,5,Not Finished,TEIGA-TMI,0,4,4,0,NULL,0,0,0,0,0,0,NOT APPLY,NULL,NULL,NULL,5,62,NI-10001-06,40,Art. 4.3,23.52,50,NI,00096,Distribucion interna de nitrogeno para area 10001- sexto grupo de subcolectores,No
/A10001-20-NI-91909-U1BD2A-NC_01,NI-91909,A10001,20,NI,91909,NC,1,U1BD2A,4,1,4,3,1,3,2.25,75,NULL,2.25,2.25,100,90-100%,0.75,NULL,0,Not Finished,0.75,5,Not Finished,TEIGA-TMI,0,4,4,0,NULL,0,0,0,0,0,0,NOT APPLY,NULL,NULL,NULL,5,62,NI-10001-06,40,Art. 4.3,23.52,50,NI,00096,Distribucion interna de nitrogeno para area 10001- sexto grupo de subcolectores,No
/A10001-20-NI-91999-U1BD2A-NC_01,NI-91999,A10001,20,NI,91999,NC,1,U1BD2A,18,2,18,15,3,13.75,11.25,81.82,NULL,11.25,11.25,100,90-100%,2.5,NULL,0,Not Finished,2.5,5,Not Finished,TEIGA-TMI,0,4,4,0,NULL,0,0,0,0,0,0,NOT APPLY,NULL,NULL,NULL,5,62,NI-10001-06,40,Art. 4.3,23.52,50,NI,00096,Distribucion interna de nitrogeno para area 10001- sexto grupo de subcolectores,No
/A10001-20-V6-92198-U1CD2B-CC_01,V6-92198,A10001,20,V6,92198,CC,1,U1CD2B,14,4,17,14,3,12,9.75,81.25,NULL,9.75,9.75,100,90-100%,2.25,NULL,0,Not Finished,2.25,49,Not Finished,TECHNIP,100,14,6,100,90-100%,14,6,0,0,0,0,NOT APPLY,NULL,NULL,NULL,5,1017,V6-10001-01,40,Art. 4.3,23.52,50,V6,00119,Distribución interna vapor A10001,Si
/A10001-20-V6-92199-U1CD2B-CC_01,V6-92199,A10001,20,V6,92199,CC,1,U1CD2B,29,3,29,27,2,21.75,20.25,93.1,90-100%,20.25,20.25,100,90-100%,1.5,NULL,0,Not Finished,1.5,6,Not Finished,TECHNIP,100,3,3,100,90-100%,3,3,0,0,0,0,NOT APPLY,NULL,NULL,NULL,5,159,V6-00000-01,40,I,23.52,50,V6,00118,Distribución general vapor,Si
/A10001-250-AR-101903-U1BC2A-NC_01,AR-101903,A10001,250,AR,101903,NC,1,U1BC2A,34,6,40,32,8,263.5,263.5,100,90-100%,203.5,203.5,100,90-100%,60,60,100,90-100%,0,51,11,TECHNIP,100,13,5,100,90-100%,13,5,0,10,3,76.92,NOT APPLY,NULL,NULL,NULL,7,1012|1109,AR-00000-01,93.08,Art. 4.3,15,100,AR,00011,Agua refrigeración (colector),No (PP 20%)
/A10001-250-AR-101903-U1BC2A-NC_02,AR-101903,A10001,250,AR,101903,NC,2,U1BC2A,74,8,83,66,17,234.25,226.25,96.58,90-100%,162.25,162.25,100,90-100%,72,64,88.89,Not Finished,8,43,Not Finished,TECHNIP,100,19,10,100,90-100%,19,10,0,7,3,36.84,NOT APPLY,NULL,NULL,NULL,5,1013,AR-00000-02,77.72,Art. 4.3,15,94.445,AR,00012,"Agua refrigeración 
(subcolectores A10001 alto)",No (PP 28%)
/A10001-250-AR-101904-U1BC2A-NC_01,AR-101904,A10001,250,AR,101904,NC,1,U1BC2A,34,6,39,31,8,269.5,269.5,100,90-100%,199.5,199.5,100,90-100%,70,70,100,90-100%,0,51,20,TECHNIP,100,12,5,100,90-100%,12,5,0,9,2,75,NOT APPLY,NULL,NULL,NULL,7,1012|1109,AR-00000-02,92.5,Art. 4.3,15,100,AR,00012,"Agua refrigeración 
(subcolectores A10001 alto)",No (PP 28%)
/A10001-250-AR-101904-U1BC2A-NC_02,AR-101904,A10001,250,AR,101904,NC,2,U1BC2A,67,8,73,67,6,223.5,223.5,100,90-100%,197.5,197.5,100,90-100%,26,26,100,90-100%,0,43,11,TECHNIP,100,18,10,100,90-100%,18,10,0,13,5,72.22,NOT APPLY,NULL,NULL,NULL,7,1013,AR-00000-02,91.67,Art. 4.3,15,100,AR,00012,"Agua refrigeración 
(subcolectores A10001 alto)",No (PP 28%)
/A10001-250-CIPA-103501-U4BC1B-CC_01,CIPA-103501,A10001,250,CIPA,103501,CC,1,U4BC1B,28,5,35,23,12,231,231,100,90-100%,139,139,100,90-100%,92,92,100,90-100%,0,37,6,TECHNIP,100,8,3,100,90-100%,8,3,0,4,0,50,NOT APPLY,NULL,NULL,NULL,7,19,HMBN-10001-02,85,Art. 4.3,15,100,HMBN,00084,Recipiente evaporación agua,Si
/A10001-250-INC-104154-U4BC1B-CC_01,INC-104154,A10001,250,INC,104154,CC,1,U4BC1B,36,8,41,30,11,246,246,100,90-100%,170.5,170.5,100,90-100%,75.5,75.5,100,90-100%,0,40,51,TECHNIP,90,10,5,90,90-100%,9,4,0,10,5,100,NOT APPLY,NULL,NULL,Ready for Dossier,10,22,HMBI-10001-03,100,II,15,100,HMBI,00074,Evaporador de pelicula fina- condensador- pesados- y lineas asociadas,Traceado
/A10001-250-IPAV-101105-U4BC1B-CC_01,IPAV-101105,A10001,250,IPAV,101105,CC,1,U4BC1B,4,1,5,4,1,40,40,100,90-100%,30,30,100,90-100%,10,10,100,90-100%,0,49,7,NOT APPLY,NULL,0,0,NULL,NULL,0,0,0,0,0,0,NOT APPLY,NULL,NULL,NULL,7,17,CHMB-10001-01,100,II,15,100,CHMB,00043,HMBI crudo A10001 reactor 1,Si
/A10001-250-IPAV-101106-U4BC1B-NC_01,IPAV-101106,A10001,250,IPAV,101106,NC,1,U4BC1B,12,2,14,12,2,126,126,100,90-100%,116,116,100,90-100%,10,10,100,90-100%,0,39,47,TECHNIP,100,7,3,100,90-100%,7,3,0,7,3,100,NOT APPLY,NULL,NULL,Ready for Dossier,10,2024,EFL-10001-03,100,NULL,15,100,EFL,00061,Drenajes abiertos de edificio HMBI,Traceado
/A10001-250-IPAV-101206-U4BC1B-NC_01,IPAV-101206,A10001,250,IPAV,101206,NC,1,U4BC1B,4,1,5,4,1,40,40,100,90-100%,30,30,100,90-100%,10,10,100,90-100%,0,38,7,NOT APPLY,NULL,0,0,NULL,NULL,0,0,0,0,0,0,NOT APPLY,NULL,NULL,NULL,7,18,CHMB-10001-02,100,II,15,100,CHMB,00044,HMBI crudo A10001 reactor 2,Si
/A10001-250-IPAV-101207-U4BC1B-NC_01,IPAV-101207,A10001,250,IPAV,101207,NC,1,U4BC1B,14,2,17,12,5,136,136,100,90-100%,110,110,100,90-100%,26,26,100,90-100%,0,41,51,TECHNIP,87.5,8,3,87.5,NULL,7,2,0,3,0,37.5,NOT APPLY,NULL,NULL,NULL,7,2024,EFL-10001-03,81.25,NULL,15,100,EFL,00061,Drenajes abiertos de edificio HMBI,Traceado
/A10001-25-ACL-101124-U4BC1B-CCTN_01,ACL-101124,A10001,25,ACL,101124,CCTN,1,U4BC1B,8,2,8,7,1,8,8,100,90-100%,7,7,100,90-100%,1,1,100,90-100%,0,41,13,TEIGA-TMI,0,4,4,0,NULL,0,0,0,0,0,0,NOT APPLY,NULL,NULL,NULL,7,1005,ACL-10001-01,70,Art. 4.3,15,100,ACL,00002,Agua caliente de lavados A10001,Traceado
/A10001-25-ACL-101146-U4BC1B-CCTN_01,ACL-101146,A10001,25,ACL,101146,CCTN,1,U4BC1B,24,3,24,22,2,24,24,100,90-100%,22,22,100,90-100%,2,2,100,90-100%,0,45,12,TEIGA-TMI,0,4,4,0,NULL,0,0,0,0,0,0,SPS-054,ENVIADO,1,NULL,7,1005,ACL-10001-01,70,Art. 4.3,15,100,ACL,00002,Agua caliente de lavados A10001,Traceado
/A10001-25-ACL-101147-U4BC1B-CCTN_01,ACL-101147,A10001,25,ACL,101147,CCTN,1,U4BC1B,6,2,6,5,1,6,5,83.33,NULL,5,5,100,90-100%,1,NULL,0,Not Finished,1,44,Not Finished,TEIGA-TMI,0,4,4,0,NULL,0,0,0,0,0,0,NOT APPLY,NULL,NULL,NULL,5,1005,ACL-10001-01,40,Art. 4.3,15,50,ACL,00002,Agua caliente de lavados A10001,Traceado
/A10001-25-ACL-101244-U4BC1B-CCTN_01,ACL-101244,A10001,25,ACL,101244,CCTN,1,U4BC1B,11,2,11,10,1,11,9,81.82,NULL,10,9,90,90-100%,1,NULL,0,Not Finished,2,44,Not Finished,TEIGA-TMI,0,4,4,0,NULL,0,0,0,0,0,0,NOT APPLY,NULL,NULL,NULL,4,1005,ACL-10001-01,36,Art. 4.3,15,45,ACL,00002,Agua caliente de lavados A10001,Traceado
/A10001-25-ACL-101295-U4BC1B-CCTN_01,ACL-101295,A10001,25,ACL,101295,CCTN,1,U4BC1B,14,3,14,12,2,14,10,71.43,NULL,12,9,75,NULL,2,1,50,Not Finished,4,Not Finished,Not Finished,TEIGA-TMI,0,4,4,0,NULL,0,0,0,0,0,0,NOT APPLY,NULL,NULL,NULL,4,1005,ACL-10001-01,45,Art. 4.3,15,62.5,ACL,00002,Agua caliente de lavados A10001,Traceado
/A10001-25-ACL-101325-U4BC1B-CCTN_01,ACL-101325,A10001,25,ACL,101325,CCTN,1,U4BC1B,8,2,8,7,1,8,8,100,90-100%,7,7,100,90-100%,1,1,100,90-100%,0,42,13,TEIGA-TMI,0,4,4,0,NULL,0,0,0,0,0,0,NOT APPLY,NULL,NULL,NULL,7,1005,ACL-10001-01,70,Art. 4.3,15,100,ACL,00002,Agua caliente de lavados A10001,Traceado
/A10001-25-ACL-101326-U4BC1B-CCTN_01,ACL-101326,A10001,25,ACL,101326,CCTN,1,U4BC1B,14,2,14,13,1,14,14,100,90-100%,13,13,100,90-100%,1,1,100,90-100%,0,44,45,TEIGA-TMI,0,4,4,0,NULL,0,0,0,0,0,0,NOT APPLY,NULL,NULL,NULL,7,1005,ACL-10001-01,70,Art. 4.3,15,100,ACL,00002,Agua caliente de lavados A10001,Traceado
/A10001-25-ACL-102228-U4BC1B-CCTN_01,ACL-102228,A10001,25,ACL,102228,CCTN,1,U4BC1B,11,2,13,11,2,12,12,100,90-100%,11,11,100,90-100%,1,1,100,90-100%,0,5,19,TEIGA-TMI,0,4,4,0,NULL,0,0,0,0,0,0,NOT APPLY,NULL,NULL,NULL,7,1005,ACL-10001-01,70,Art. 4.3,15,100,ACL,00002,Agua caliente de lavados A10001,Traceado
/A10001-25-ACL-102229-U4BC1B-CCTN_01,ACL-102229,A10001,25,ACL,102229,CCTN,1,U4BC1B,15,3,15,14,1,14.75,12.75,86.44,NULL,13.75,11.75,85.45,NULL,1,1,100,90-100%,2,Not Finished,45,TEIGA-TMI,0,4,4,0,NULL,0,0,0,0,0,0,NOT APPLY,NULL,NULL,NULL,6,1005,ACL-10001-01,64.18,Art. 4.3,15,92.725,ACL,00002,Agua caliente de lavados A10001,Traceado
/A10001-25-ACL-102324-U4BC1B-CCTN_01,ACL-102324,A10001,25,ACL,102324,CCTN,1,U4BC1B,8,2,8,7,1,8,8,100,90-100%,7,7,100,90-100%,1,1,100,90-100%,0,44,45,TEIGA-TMI,0,4,4,0,NULL,0,0,0,0,0,0,NOT APPLY,NULL,NULL,NULL,7,1005,ACL-10001-01,70,Art. 4.3,15,100,ACL,00002,Agua caliente de lavados A10001,Traceado
/A10001-25-ACL-103193-U4BC1B-CCTN_01,ACL-103193,A10001,25,ACL,103193,CCTN,1,U4BC1B,8,2,8,7,1,8,7,87.5,NULL,7,7,100,90-100%,1,NULL,0,Not Finished,1,42,Not Finished,TEIGA-TMI,0,4,4,0,NULL,0,0,0,0,0,0,NOT APPLY,NULL,NULL,NULL,5,1005,ACL-10001-01,40,Art. 4.3,15,50,ACL,00002,Agua caliente de lavados A10001,Traceado
/A10001-25-ACL-103194-U4BC1B-CCTN_01,ACL-103194,A10001,25,ACL,103194,CCTN,1,U4BC1B,23,2,23,21,2,23,19,82.61,NULL,21,18,85.71,NULL,2,1,50,Not Finished,4,Not Finished,Not Finished,TEIGA-TMI,0,4,4,0,NULL,0,0,0,0,0,0,NOT APPLY,NULL,NULL,NULL,4,1006,ACL-10001-02,49.28,Art. 4.3,15,67.855,ACL,00003,Agua caliente de lavados A10001 (2),Traceado
/A10001-25-ACL-103594-U4BC1B-CCTN_01,ACL-103594,A10001,25,ACL,103594,CCTN,1,U4BC1B,8,2,8,7,1,8,7,87.5,NULL,7,7,100,90-100%,1,NULL,0,Not Finished,1,43,Not Finished,TEIGA-TMI,0,4,4,0,NULL,0,0,0,0,0,0,NOT APPLY,NULL,NULL,NULL,5,1005,ACL-10001-01,40,Art. 4.3,15,50,ACL,00002,Agua caliente de lavados A10001,Traceado
/A10001-25-ACL-103595-U4BC1B-CCTN_01,ACL-103595,A10001,25,ACL,103595,CCTN,1,U4BC1B,14,3,14,12,2,14,12,85.71,NULL,12,10,83.33,NULL,2,2,100,90-100%,2,Not Finished,42,TEIGA-TMI,0,4,4,0,NULL,0,0,0,0,0,0,NOT APPLY,NULL,NULL,NULL,6,1005,ACL-10001-01,63.33,Art. 4.3,15,91.665,ACL,00002,Agua caliente de lavados A10001,Traceado
/A10001-25-ACL-103624-U4BC1B-CCTN_01,ACL-103624,A10001,25,ACL,103624,CCTN,1,U4BC1B,69,14,69,66,3,65,50,76.92,NULL,62.5,49.5,79.2,NULL,2.5,0.5,20,Not Finished,15,Not Finished,Not Finished,TEIGA-TMI,0,4,4,0,NULL,0,0,0,0,0,0,NOT APPLY,NULL,NULL,NULL,4,1005,ACL-10001-01,37.68,Art. 4.3,15,49.6,ACL,00002,Agua caliente de lavados A10001,Traceado
/A10001-25-ACL-103725-U4BC1B-CCTN_01,ACL-103725,A10001,25,ACL,103725,CCTN,1,U4BC1B,10,2,10,9,1,10,10,100,90-100%,9,9,100,90-100%,1,1,100,90-100%,0,45,14,TEIGA-TMI,0,4,4,0,NULL,0,0,0,0,0,0,NOT APPLY,NULL,NULL,NULL,7,1005,ACL-10001-01,70,Art. 4.3,15,100,ACL,00002,Agua caliente de lavados A10001,Traceado
/A10001-25-ACL-103729-U4BC1B-CCTN_01,ACL-103729,A10001,25,ACL,103729,CCTN,1,U4BC1B,10,2,10,9,1,10,9,90,90-100%,9,9,100,90-100%,1,NULL,0,Not Finished,1,45,Not Finished,TEIGA-TMI,0,4,4,0,NULL,0,0,0,0,0,0,NOT APPLY,NULL,NULL,NULL,5,1005,ACL-10001-01,40,Art. 4.3,15,50,ACL,00002,Agua caliente de lavados A10001,Traceado
/A10001-25-ACL-103899-U4BC1B-CCTN_01,ACL-103899,A10001,25,ACL,103899,CCTN,1,U4BC1B,25,2,26,25,1,26,25,96.15,90-100%,25,25,100,90-100%,1,NULL,0,Not Finished,1,5,Not Finished,TEIGA-TMI,0,4,4,0,NULL,0,0,0,0,0,0,NOT APPLY,NULL,NULL,NULL,5,1006,HMBI-10001-02,40,Art. 4.3,15,50,HMBI,00076,Filtro rotativo- recipiente filtrato- recipiente torta- y lineas asociadas,Traceado
/A10001-25-ACL-103992-U4BC1B-CCTN_01,ACL-103992,A10001,25,ACL,103992,CCTN,1,U4BC1B,37,10,48,37,11,46,46,100,90-100%,37,37,100,90-100%,9,9,100,90-100%,0,50,50,TECHNIP/TEIGA-TMI,66.67,12,6,66.67,NULL,8,2,0,0,0,0,NOT APPLY,NULL,NULL,NULL,7,1006,ACL-10001-02,70,Art. 4.3,15,100,ACL,00003,Agua caliente de lavados A10001 (2),Traceado
/A10001-25-ACL-103993-U4BC1B-CCTN_01,ACL-103993,A10001,25,ACL,103993,CCTN,1,U4BC1B,75,12,79,75,4,73.75,70.25,95.25,90-100%,70.25,70.25,100,90-100%,3.5,NULL,0,Not Finished,3.5,7,Not Finished,TEIGA-TMI,0,4,4,0,NULL,0,0,0,0,0,0,NOT APPLY,NULL,NULL,NULL,5,1006,ACL-10001-02,40,Art. 4.3,15,50,ACL,00003,Agua caliente de lavados A10001 (2),Traceado
/A10001-25-ACL-104196-U4BC1B-CCTN_01,ACL-104196,A10001,25,ACL,104196,CCTN,1,U4BC1B,93,12,93,75,18,84,81,96.43,90-100%,66,65,98.48,90-100%,18,16,88.89,Not Finished,3,44,Not Finished,TEIGA-TMI,0,12,12,0,NULL,0,0,0,12,12,100,NOT APPLY,NULL,NULL,NULL,7,1005,ACL-10001-01,96.06,Art. 4.3,15,93.685,ACL,00002,Agua caliente de lavados A10001,Traceado
/A10001-25-ACL-104224-U4BC1B-CCTN_01,ACL-104224,A10001,25,ACL,104224,CCTN,1,U4BC1B,8,2,8,7,1,8,7,87.5,NULL,7,7,100,90-100%,1,NULL,0,Not Finished,1,44,Not Finished,TEIGA-TMI,0,4,4,0,NULL,0,0,0,0,0,0,NOT APPLY,NULL,NULL,NULL,5,1005,ACL-10001-01,40,Art. 4.3,15,50,ACL,00002,Agua caliente de lavados A10001,Traceado
/A10001-25-ACL-104229-U4BC1B-CCTN_01,ACL-104229,A10001,25,ACL,104229,CCTN,1,U4BC1B,7,2,8,7,1,8,8,100,90-100%,7,7,100,90-100%,1,1,100,90-100%,0,44,15,TEIGA-TMI,0,4,4,0,NULL,0,0,0,0,0,0,NOT APPLY,NULL,NULL,NULL,7,1005,ACL-10001-01,70,Art. 4.3,15,100,ACL,00002,Agua caliente de lavados A10001,Traceado
/A10001-25-ACL-104626-U4BC1B-CCTN_01,ACL-104626,A10001,25,ACL,104626,CCTN,1,U4BC1B,7,2,8,7,1,8,8,100,90-100%,7,7,100,90-100%,1,1,100,90-100%,0,45,14,TEIGA-TMI,0,7,7,0,NULL,0,0,0,0,0,0,NOT APPLY,NULL,NULL,NULL,7,1005,ACL-10001-01,70,Art. 4.3,15,100,ACL,00002,Agua caliente de lavados A10001,Traceado
/A10001-25-ACL-104628-U4BC1B-CCTN_01,ACL-104628,A10001,25,ACL,104628,CCTN,1,U4BC1B,9,2,9,7,2,8,8,100,90-100%,6,6,100,90-100%,2,2,100,90-100%,0,43,14,TEIGA-TMI,0,4,4,0,NULL,0,0,0,0,0,0,NOT APPLY,NULL,NULL,NULL,7,1005,ACL-10001-01,70,Art. 4.3,15,100,ACL,00002,Agua caliente de lavados A10001,Traceado
/A10001-25-ACL-108125-U4BC1B-CCTN_01,ACL-108125,A10001,25,ACL,108125,CCTN,1,U4BC1B,35,5,38,28,10,32,31,96.88,90-100%,22,22,100,90-100%,10,9,90,90-100%,1,44,43,TEIGA-TMI,0,4,4,0,NULL,0,0,0,0,0,0,NOT APPLY,NULL,NULL,NULL,5,1005,ACL-10001-01,67,Art. 4.3,15,95,ACL,00002,Agua caliente de lavados A10001,Traceado
/A10001-25-ACL-108636-U4BC1B-CCTN_01,ACL-108636,A10001,25,ACL,108636,CCTN,1,U4BC1B,51,8,51,48,3,51,45,88.24,NULL,48,44,91.67,90-100%,3,1,33.33,Not Finished,6,43,Not Finished,TEIGA-TMI,0,4,4,0,NULL,0,0,0,0,0,0,NOT APPLY,NULL,NULL,NULL,4,1005,ACL-10001-01,46.67,Art. 4.3,15,62.5,ACL,00002,Agua caliente de lavados A10001,Traceado
/A10001-25-ACL-108693-U4BC1B-CCTN_01,ACL-108693,A10001,25,ACL,108693,CCTN,1,U4BC1B,14,2,16,14,2,15.75,14.75,93.65,90-100%,13.75,13.75,100,90-100%,2,1,50,Not Finished,1,5,Not Finished,TEIGA-TMI,0,4,4,0,NULL,0,0,0,0,0,0,NOT APPLY,NULL,NULL,NULL,5,1005,ACL-10001-01,55,Art. 4.3,15,75,ACL,00002,Agua caliente de lavados A10001,Traceado
/A10001-25-ACL-95215-U4BC1B-CCTN_01,ACL-95215,A10001,25,ACL,95215,CCTN,1,U4BC1B,62,8,62,51,11,57.75,55.75,96.54,90-100%,47.75,46.75,97.91,90-100%,10,9,90,90-100%,2,44,44,TEIGA-TMI,0,12,10,0,NULL,0,0,0,12,10,100,NOT APPLY,NULL,NULL,NULL,7,1005,ACL-PR18-01,96.16,Art. 4.3,15,93.955,ACL,00007,Agua caliente de lavados PR18/19,Traceado
/A10001-25-ACL-952503-U4BC1B-CCTN_01,ACL-952503,A10001,25,ACL,952503,CCTN,1,U4BC1B,38,9,38,31,7,38,34,89.47,NULL,31,31,100,90-100%,7,3,42.86,Not Finished,4,45,Not Finished,TEIGA-TMI,0,4,4,0,NULL,0,0,0,0,0,0,NOT APPLY,NULL,NULL,NULL,5,1005,ACL-10001-01,52.86,Art. 4.3,15,71.43,ACL,00002,Agua caliente de lavados A10001,Traceado
/A10001-25-AP-100022-U4AC2A-NC_01,AP-100022,A10001,25,AP,100022,NC,1,U4AC2A,14,2,24,14,10,24.25,13,53.61,NULL,14,13,92.86,90-100%,10.25,NULL,0,Not Finished,11.25,42,Not Finished,TEIGA-TMI,0,4,4,0,NULL,0,0,0,0,0,0,NOT APPLY,NULL,NULL,NULL,4,1007,AP-00000-01,37.14,Art. 4.3,15,46.43,AP,00009,Agua potable (colector),Traceado
/A10001-25-AP-100052-U4AC2A-NC_01,AP-100052,A10001,25,AP,100052,NC,1,U4AC2A,12,1,17,11,6,17.25,14,81.16,NULL,11,10,90.91,90-100%,6.25,4,64,Not Finished,3.25,47,Not Finished,TECHNIP/TEIGA-TMI,33.33,6,5,33.33,NULL,2,1,0,0,0,0,NOT APPLY,NULL,NULL,NULL,4,1007,AP-00000-01,55.56,Art. 4.3,15,77.455,AP,00009,Agua potable (colector),Traceado
/A10001-25-AP-100062-U4AC2A-NC_01,AP-100062,A10001,25,AP,100062,NC,1,U4AC2A,10,1,15,9,6,15.25,13,85.25,NULL,9,9,100,90-100%,6.25,4,64,Not Finished,2.25,48,Not Finished,TECHNIP/TEIGA-TMI,33.33,6,5,33.33,NULL,2,1,0,0,0,0,NOT APPLY,NULL,NULL,NULL,5,1007,AP-00000-01,59.2,Art. 4.3,15,82,AP,00009,Agua potable (colector),Traceado
/A10001-25-AP-100072-U4AC2A-NC_01,AP-100072,A10001,25,AP,100072,NC,1,U4AC2A,8,1,13,7,6,13.25,11,83.02,NULL,7,7,100,90-100%,6.25,4,64,Not Finished,2.25,48,Not Finished,TECHNIP/TEIGA-TMI,33.33,6,5,33.33,NULL,2,1,0,0,0,0,NOT APPLY,NULL,NULL,NULL,5,1007,AP-00000-01,59.2,Art. 4.3,15,82,AP,00009,Agua potable (colector),Traceado
/A10001-25-AP-100082-U4AC2A-NC_01,AP-100082,A10001,25,AP,100082,NC,1,U4AC2A,5,1,11,5,6,11.25,8.25,73.33,NULL,5,3,60,NULL,6.25,5.25,84,Not Finished,3,Not Finished,Not Finished,TEIGA-TMI,0,4,4,0,NULL,0,0,0,0,0,0,NOT APPLY,NULL,NULL,NULL,4,1007,AP-00000-01,49.2,Art. 4.3,15,72,AP,00009,Agua potable (colector),Traceado
/A10001-25-AP-100092-U4AC2A-NC_01,AP-100092,A10001,25,AP,100092,NC,1,U4AC2A,21,4,29,21,8,29.25,21,71.79,NULL,21,21,100,90-100%,8.25,NULL,0,Not Finished,8.25,7,Not Finished,TECHNIP/TEIGA-TMI,69.23,13,9,69.23,NULL,9,5,0,0,0,0,NOT APPLY,NULL,NULL,NULL,5,1007,AP-00000-01,40,Art. 4.3,15,50,AP,00009,Agua potable (colector),Traceado
/A10001-25-AR-101111-U1BC2A-NC_01,AR-101111,A10001,25,AR,101111,NC,1,U1BC2A,27,4,27,25,2,38,35,92.11,90-100%,35,35,100,90-100%,3,NULL,0,Not Finished,3,45,Not Finished,TEIGA-TMI,0,4,4,0,NULL,0,0,0,0,0,0,SPS-054,ENVIADO,1,NULL,5,1013,AR-PR11-01,40,Art. 4.3,15,50,AR,00017,Agua refrigeración PR11,No (PP 38%)
/A10001-25-AR-101181-U1BC2A-NC_01,AR-101181,A10001,25,AR,101181,NC,1,U1BC2A,27,4,27,25,2,38,35,92.11,90-100%,35,35,100,90-100%,3,NULL,0,Not Finished,3,45,Not Finished,TEIGA-TMI,0,4,4,0,NULL,0,0,0,0,0,0,SPS-054,ENVIADO,1,NULL,5,1013,AR-PR11-01,40,Art. 4.3,15,50,AR,00017,Agua refrigeración PR11,No (PP 38%)
/A10001-25-AR-101212-U1BC2A-NC_01,AR-101212,A10001,25,AR,101212,NC,1,U1BC2A,15,2,15,15,0,15,15,100,90-100%,15,15,100,90-100%,0,NULL,NULL,NOT REQUIRED,0,3,NOT REQUIRED,TEIGA-TMI,0,4,4,0,NULL,0,0,0,0,0,0,NOT APPLY,NULL,NULL,NULL,7,1013,AR-PR11-01,0,Art. 4.3,15,100,AR,00017,Agua refrigeración PR11,No (PP 38%)
/A10001-25-AR-101213-U1BC2A-NC_01,AR-101213,A10001,25,AR,101213,NC,1,U1BC2A,17,2,17,16,1,18,16,88.89,NULL,16,16,100,90-100%,2,NULL,0,Not Finished,2,3,Not Finished,TEIGA-TMI,0,4,4,0,NULL,0,0,0,0,0,0,NOT APPLY,NULL,NULL,NULL,5,1013,AR-PR11-01,40,Art. 4.3,15,50,AR,00017,Agua refrigeración PR11,No (PP 38%)
/A10001-25-AR-10195-U1BC2A-NC_01,AR-10195,A10001,25,AR,10195,NC,1,U1BC2A,15,1,15,13,2,14,14,100,90-100%,12,12,100,90-100%,2,2,100,90-100%,0,2,20,TEIGA-TMI,0,4,4,0,NULL,0,0,0,0,0,0,NOT APPLY,NULL,NULL,NULL,7,1012,AR-00000-02,70,Art. 4.3,15,100,AR,00012,"Agua refrigeración 
(subcolectores A10001 alto)",No (PP 28%)
/A10001-25-AR-10196-U1BC2A-NC_01,AR-10196,A10001,25,AR,10196,NC,1,U1BC2A,13,1,13,11,2,12,12,100,90-100%,10,10,100,90-100%,2,2,100,90-100%,0,2,20,TEIGA-TMI,0,4,4,0,NULL,0,0,0,0,0,0,NOT APPLY,NULL,NULL,NULL,7,1012,AR-00000-02,70,Art. 4.3,15,100,AR,00012,"Agua refrigeración 
(subcolectores A10001 alto)",No (PP 28%)
/A10001-25-AR-103123-U1BC2A-NC_01,AR-103123,A10001,25,AR,103123,NC,1,U1BC2A,19,2,19,18,1,18,17,94.44,90-100%,17,17,100,90-100%,1,NULL,0,Not Finished,1,45,Not Finished,TEIGA-TMI,0,4,4,0,NULL,0,0,0,0,0,0,NOT APPLY,NULL,NULL,NULL,5,1013,AR-PR11-01,40,Art. 4.3,15,50,AR,00017,Agua refrigeración PR11,No (PP 38%)
/A10001-25-AR-103129-U1BC2A-NC_01,AR-103129,A10001,25,AR,103129,NC,1,U1BC2A,20,2,21,20,1,20,19,95,90-100%,19,19,100,90-100%,1,NULL,0,Not Finished,1,45,Not Finished,TEIGA-TMI,25,4,4,25,NULL,1,1,0,0,0,0,NOT APPLY,NULL,NULL,NULL,5,1013,AR-PR11-01,40,Art. 4.3,15,50,AR,00017,Agua refrigeración PR11,No (PP 38%)
/A10001-25-AR-103132-U1BC2A-NC_01,AR-103132,A10001,25,AR,103132,NC,1,U1BC2A,21,2,21,20,1,20,19,95,90-100%,19,19,100,90-100%,1,NULL,0,Not Finished,1,45,Not Finished,TEIGA-TMI,25,4,4,25,NULL,1,1,0,0,0,0,NOT APPLY,NULL,NULL,NULL,5,1013,AR-PR11-01,40,Art. 4.3,15,50,AR,00017,Agua refrigeración PR11,No (PP 38%)
/A10001-25-AR-103133-U1BC2A-NC_01,AR-103133,A10001,25,AR,103133,NC,1,U1BC2A,19,2,19,18,1,18,17,94.44,90-100%,17,17,100,90-100%,1,NULL,0,Not Finished,1,45,Not Finished,TEIGA-TMI,75,4,4,75,NULL,3,3,0,0,0,0,NOT APPLY,NULL,NULL,NULL,5,1013,AR-PR11-01,40,Art. 4.3,15,50,AR,00017,Agua refrigeración PR11,No (PP 38%)
/A10001-25-AR-103198-U1BC2A-NC_01,AR-103198,A10001,25,AR,103198,NC,1,U1BC2A,22,4,22,19,3,21.5,18.5,86.05,NULL,18.5,18.5,100,90-100%,3,NULL,0,Not Finished,3,45,Not Finished,TEIGA-TMI,100,4,4,100,90-100%,4,4,0,0,0,0,NOT APPLY,NULL,NULL,NULL,5,1013,HMBN-10001-01,40,Art. 4.3,15,50,HMBN,00083,Reactor neutralización,Traceado (parcial)
/A10001-25-AR-103199-U1BC2A-NC_01,AR-103199,A10001,25,AR,103199,NC,1,U1BC2A,24,4,24,21,3,23.5,20.5,87.23,NULL,20.5,20.5,100,90-100%,3,NULL,0,Not Finished,3,46,Not Finished,TEIGA-TMI,100,1,1,100,90-100%,1,1,0,1,1,100,NOT APPLY,NULL,NULL,NULL,8,1013,AR-PR11-01,70,Art. 4.3,15,50,AR,00017,Agua refrigeración PR11,No (PP 38%)
/A10001-25-AR-10324-U1BC2A-NC_01,AR-10324,A10001,25,AR,10324,NC,1,U1BC2A,19,2,20,19,1,19.75,18.75,94.94,90-100%,18.75,18.75,100,90-100%,1,NULL,0,Not Finished,1,48,Not Finished,TEIGA-TMI,0,1,1,0,NULL,0,0,0,0,0,0,NOT APPLY,NULL,NULL,NULL,5,1012,AR-00000-02,40,Art. 4.3,15,50,AR,00012,"Agua refrigeración 
(subcolectores A10001 alto)",No (PP 28%)
/A10001-25-AR-10325-U1BC2A-NC_01,AR-10325,A10001,25,AR,10325,NC,1,U1BC2A,15,2,16,15,1,15.75,14.75,93.65,90-100%,14.75,14.75,100,90-100%,1,NULL,0,Not Finished,1,50,Not Finished,TEIGA-TMI,0,1,1,0,NULL,0,0,0,0,0,0,NOT APPLY,NULL,NULL,NULL,5,1012,AR-00000-02,40,Art. 4.3,15,50,AR,00012,"Agua refrigeración 
(subcolectores A10001 alto)",No (PP 28%)
/A10001-25-AR-103512-U1BC2A-NC_01,AR-103512,A10001,25,AR,103512,NC,1,U1BC2A,23,3,23,21,2,21.75,21.75,100,90-100%,19.75,19.75,100,90-100%,2,2,100,90-100%,0,10,20,TEIGA-TMI,0,4,4,0,NULL,0,0,0,0,0,0,NOT APPLY,NULL,NULL,NULL,7,1015,AR-00000-01,70,Art. 4.3,15,100,AR,00011,Agua refrigeración (colector),No (PP 20%)
/A10001-25-AR-103513-U1BC2A-NC_01,AR-103513,A10001,25,AR,103513,NC,1,U1BC2A,25,3,29,26,3,28.75,26.75,93.04,90-100%,25.75,25.75,100,90-100%,3,1,33.33,Not Finished,2,9,Not Finished,TEIGA-TMI,0,4,4,0,NULL,0,0,0,0,0,0,NOT APPLY,NULL,NULL,NULL,5,1015,HMBN-10001-02,50,Art. 4.3,15,66.665,HMBN,00084,Recipiente evaporación agua,Si
/A10001-25-AR-103525-U1BC2A-NC_01,AR-103525,A10001,25,AR,103525,NC,1,U1BC2A,23,3,23,19,4,20,19,95,90-100%,16,16,100,90-100%,4,3,75,Not Finished,1,46,Not Finished,TEIGA-TMI,0,4,4,0,NULL,0,0,0,0,0,0,NOT APPLY,NULL,NULL,NULL,5,1013,AR-PR11-01,62.5,Art. 4.3,15,87.5,AR,00017,Agua refrigeración PR11,No (PP 38%)
/A10001-25-AR-103526-U1BC2A-NC_01,AR-103526,A10001,25,AR,103526,NC,1,U1BC2A,26,3,26,21,5,22,21,95.45,90-100%,17,17,100,90-100%,5,4,80,Not Finished,1,46,Not Finished,TEIGA-TMI,0,4,4,0,NULL,0,0,0,0,0,0,NOT APPLY,NULL,NULL,NULL,5,1013,AR-PR11-01,64,Art. 4.3,15,90,AR,00017,Agua refrigeración PR11,No (PP 38%)
/A10001-25-AR-103532-U1BC2A-NC_01,AR-103532,A10001,25,AR,103532,NC,1,U1BC2A,13,2,13,12,1,12.25,11.25,91.84,90-100%,11.25,11.25,100,90-100%,1,NULL,0,Not Finished,1,46,Not Finished,TEIGA-TMI,100,4,4,100,90-100%,4,4,0,0,0,0,NOT APPLY,NULL,NULL,NULL,5,1013,AR-PR11-01,40,Art. 4.3,15,50,AR,00017,Agua refrigeración PR11,No (PP 38%)
/A10001-25-AR-103533-U1BC2A-NC_01,AR-103533,A10001,25,AR,103533,NC,1,U1BC2A,17,2,17,16,1,15.25,14.25,93.44,90-100%,14.25,14.25,100,90-100%,1,NULL,0,Not Finished,1,46,Not Finished,TEIGA-TMI,100,4,4,100,90-100%,4,4,0,0,0,0,NOT APPLY,NULL,NULL,NULL,5,1013,AR-PR11-01,40,Art. 4.3,15,50,AR,00017,Agua refrigeración PR11,No (PP 38%)
/A10001-25-AR-103607-U1BC2A-NC_01,AR-103607,A10001,25,AR,103607,NC,1,U1BC2A,22,3,22,20,2,21.5,19.5,90.7,90-100%,19.5,19.5,100,90-100%,2,NULL,0,Not Finished,2,8,Not Finished,TEIGA-TMI,0,4,4,0,NULL,0,0,0,0,0,0,NOT APPLY,NULL,NULL,NULL,5,1012,AR-00000-02,40,Art. 4.3,15,50,AR,00012,"Agua refrigeración 
(subcolectores A10001 alto)",No (PP 28%)
/A10001-25-AR-103608-U1BC2A-NC_01,AR-103608,A10001,25,AR,103608,NC,1,U1BC2A,17,2,17,17,0,16.5,16.5,100,90-100%,16.5,16.5,100,90-100%,0,NULL,NULL,NOT REQUIRED,0,9,NOT REQUIRED,TEIGA-TMI,0,4,4,0,NULL,0,0,0,0,0,0,NOT APPLY,NULL,NULL,NULL,7,1012,AR-00000-02,0,Art. 4.3,15,100,AR,00012,"Agua refrigeración 
(subcolectores A10001 alto)",No (PP 28%)
/A10001-25-AR-10391-U1BC2A-NC_01,AR-10391,A10001,25,AR,10391,NC,1,U1BC2A,25,4,28,25,3,27.5,27.5,100,90-100%,24.5,24.5,100,90-100%,3,3,100,90-100%,0,49,20,TEIGA-TMI,0,4,4,0,NULL,0,0,0,0,0,0,NOT APPLY,NULL,NULL,NULL,7,1012,AR-00000-02,70,Art. 4.3,15,100,AR,00012,"Agua refrigeración 
(subcolectores A10001 alto)",No (PP 28%)
/A10001-25-AR-10392-U1BC2A-NC_01,AR-10392,A10001,25,AR,10392,NC,1,U1BC2A,28,4,31,27,4,29.5,29.5,100,90-100%,25.5,25.5,100,90-100%,4,4,100,90-100%,0,51,20,TEIGA-TMI,0,4,4,0,NULL,0,0,0,0,0,0,NOT APPLY,NULL,NULL,NULL,7,1012,AR-00000-02,70,Art. 4.3,15,100,AR,00012,"Agua refrigeración 
(subcolectores A10001 alto)",No (PP 28%)
/A10001-25-AR-104111-U1BC2A-NC_01,AR-104111,A10001,25,AR,104111,NC,1,U1BC2A,6,1,6,5,1,6,6,100,90-100%,5,5,100,90-100%,1,1,100,90-100%,0,2,20,TEIGA-TMI,0,4,4,0,NULL,0,0,0,0,0,0,NOT APPLY,NULL,NULL,NULL,7,1012,AR-00000-02,70,Art. 4.3,15,100,AR,00012,"Agua refrigeración 
(subcolectores A10001 alto)",No (PP 28%)
/A10001-25-AR-104112-U1BC2A-NC_01,AR-104112,A10001,25,AR,104112,NC,1,U1BC2A,15,1,15,13,2,13,13,100,90-100%,11,11,100,90-100%,2,2,100,90-100%,0,3,20,TEIGA-TMI,0,4,4,0,NULL,0,0,0,0,0,0,NOT APPLY,NULL,NULL,NULL,7,1012,AR-00000-02,70,Art. 4.3,15,100,AR,00012,"Agua refrigeración 
(subcolectores A10001 alto)",No (PP 28%)
/A10001-25-AR-104232-U1BC2A-NC_01,AR-104232,A10001,25,AR,104232,NC,1,U1BC2A,27,3,27,21,6,25,24,96,90-100%,19,19,100,90-100%,6,5,83.33,Not Finished,1,45,Not Finished,TEIGA-TMI,0,4,4,0,NULL,0,0,0,0,0,0,NOT APPLY,NULL,NULL,NULL,5,1013,AR-PR11-01,65,Art. 4.3,15,91.665,AR,00017,Agua refrigeración PR11,No (PP 38%)
/A10001-25-AR-104233-U1BC2A-NC_01,AR-104233,A10001,25,AR,104233,NC,1,U1BC2A,21,2,21,16,5,20,19,95,90-100%,15,15,100,90-100%,5,4,80,Not Finished,1,46,Not Finished,TEIGA-TMI,100,4,4,100,90-100%,4,4,0,0,0,0,NOT APPLY,NULL,NULL,NULL,5,1013,AR-PR11-01,64,Art. 4.3,15,90,AR,00017,Agua refrigeración PR11,No (PP 38%)
/A10001-25-AR-104298-U1BC2A-NC_01,AR-104298,A10001,25,AR,104298,NC,1,U1BC2A,23,3,23,21,2,22,20,90.91,90-100%,20,20,100,90-100%,2,NULL,0,Not Finished,2,46,Not Finished,TEIGA-TMI,75,4,4,75,NULL,3,3,0,0,0,0,NOT APPLY,NULL,NULL,NULL,5,1013,AR-00000-03,40,Art. 4.3,15,50,AR,00013,"Agua refrigeración 
(subcolectores A10001 bajo)",No
/A10001-25-AR-104299-U1BC2A-NC_01,AR-104299,A10001,25,AR,104299,NC,1,U1BC2A,17,2,17,16,1,16,15,93.75,90-100%,15,15,100,90-100%,1,NULL,0,Not Finished,1,46,Not Finished,TEIGA-TMI,75,4,4,75,NULL,3,3,0,0,0,0,NOT APPLY,NULL,NULL,NULL,5,1013,AR-PR11-01,40,Art. 4.3,15,50,AR,00017,Agua refrigeración PR11,No (PP 38%)
/A10001-25-AR-104632-U1BC2A-NC_01,AR-104632,A10001,25,AR,104632,NC,1,U1BC2A,22,2,22,19,3,19,18,94.74,90-100%,16,16,100,90-100%,3,2,66.67,Not Finished,1,46,Not Finished,TEIGA-TMI,100,4,4,100,90-100%,4,4,0,0,0,0,NOT APPLY,NULL,NULL,NULL,5,1013,AR-PR11-01,60,Art. 4.3,15,83.335,AR,00017,Agua refrigeración PR11,No (PP 38%)
/A10001-25-AR-104633-U1BC2A-NC_01,AR-104633,A10001,25,AR,104633,NC,1,U1BC2A,19,2,19,18,1,18,17,94.44,90-100%,17,17,100,90-100%,1,NULL,0,Not Finished,1,46,Not Finished,TEIGA-TMI,100,4,4,100,90-100%,4,4,0,0,0,0,NOT APPLY,NULL,NULL,NULL,5,1013,AR-PR11-01,40,Art. 4.3,15,50,AR,00017,Agua refrigeración PR11,No (PP 38%)
/A10001-25-AR-104698-U1BC2A-NC_01,AR-104698,A10001,25,AR,104698,NC,1,U1BC2A,27,3,27,25,2,26,24,92.31,90-100%,24,24,100,90-100%,2,NULL,0,Not Finished,2,46,Not Finished,TEIGA-TMI,100,4,4,100,90-100%,4,4,0,0,0,0,NOT APPLY,NULL,NULL,NULL,5,1013,AR-PR11-01,40,Art. 4.3,15,50,AR,00017,Agua refrigeración PR11,No (PP 38%)
/A10001-25-AR-104699-U1BC2A-NC_01,AR-104699,A10001,25,AR,104699,NC,1,U1BC2A,17,2,17,16,1,15.75,15.75,100,90-100%,14.75,14.75,100,90-100%,1,1,100,90-100%,0,46,4,TEIGA-TMI,100,4,4,100,90-100%,4,4,0,0,0,0,NOT APPLY,NULL,NULL,NULL,7,1013,AR-PR11-01,70,Art. 4.3,15,100,AR,00017,Agua refrigeración PR11,No (PP 38%)
/A10001-25-AR-95625-U1BC2A-NC_01,AR-95625,A10001,25,AR,95625,NC,1,U1BC2A,18,2,18,17,1,16.75,16,95.52,90-100%,16,16,100,90-100%,0.75,NULL,0,Not Finished,0.75,45,Not Finished,TEIGA-TMI,100,4,4,100,90-100%,4,4,0,0,0,0,NOT APPLY,NULL,NULL,NULL,5,1013,AR-00000-03,40,Art. 4.3,15,50,AR,00013,"Agua refrigeración 
(subcolectores A10001 bajo)",No
/A10001-25-AR-95626-U1BC2A-NC_01,AR-95626,A10001,25,AR,95626,NC,1,U1BC2A,27,3,27,23,4,24,23,95.83,90-100%,20,20,100,90-100%,4,3,75,Not Finished,1,46,Not Finished,TEIGA-TMI,100,4,4,100,90-100%,4,4,0,0,0,0,NOT APPLY,NULL,NULL,NULL,5,1013,AR-00000-03,62.5,Art. 4.3,15,87.5,AR,00013,"Agua refrigeración 
(subcolectores A10001 bajo)",No
/A10001-25-AR-95632-U1BC2A-NC_01,AR-95632,A10001,25,AR,95632,NC,1,U1BC2A,16,2,17,16,1,16.25,15.25,93.85,90-100%,15.25,15.25,100,90-100%,1,NULL,0,Not Finished,1,48,Not Finished,TEIGA-TMI,75,4,4,75,NULL,3,3,0,0,0,0,NOT APPLY,NULL,NULL,NULL,5,1013,AR-PR11-01,40,Art. 4.3,15,50,AR,00017,Agua refrigeración PR11,No (PP 38%)
/A10001-25-AR-95633-U1BC2A-NC_01,AR-95633,A10001,25,AR,95633,NC,1,U1BC2A,23,2,23,22,1,22,21,95.45,90-100%,21,21,100,90-100%,1,NULL,0,Not Finished,1,45,Not Finished,TEIGA-TMI,100,4,4,100,90-100%,4,4,0,0,0,0,NOT APPLY,NULL,NULL,NULL,5,1013,AR-PR11-01,40,Art. 4.3,15,50,AR,00017,Agua refrigeración PR11,No (PP 38%)
/A10001-25-ARC-108722-U1BC2A-NC_01,ARC-108722,A10001,25,ARC,108722,NC,1,U1BC2A,77,11,77,66,11,70.5,69,97.87,90-100%,60,60,100,90-100%,10.5,9,85.71,Not Finished,1.5,19,Not Finished,TEIGA-TMI,100,7,4,100,90-100%,7,4,0,3,0,42.86,NOT APPLY,NULL,NULL,NULL,5,1010,ARC-10001-01,78.57,Art. 4.3,15,92.855,ARC,00019,Aire de servicio A10001,No
/A10001-25-ARI-101908-U4AC2A-NC_01,ARI-101908,A10001,25,ARI,101908,NC,1,U4AC2A,37,3,39,22,17,33.5,29.5,88.06,NULL,16.75,15.75,94.03,90-100%,16.75,13.75,82.09,Not Finished,4,44,Not Finished,TEIGA-TMI,100,4,4,100,90-100%,4,4,0,0,0,0,NOT APPLY,NULL,NULL,NULL,4,1011,ARI-10001-01,62.24,Art. 4.3,15,88.06,ARI,00028,Aire de instrumentos A10001,No
/A10001-25-ARI-101909-U4AC2A-NC_01,ARI-101909,A10001,25,ARI,101909,NC,1,U4AC2A,46,5,51,40,11,41,41,100,90-100%,30,30,100,90-100%,11,11,100,90-100%,0,13,13,TEIGA-TMI,0,4,4,0,NULL,0,0,0,0,0,0,NOT APPLY,NULL,NULL,NULL,7,1011,ARI-10001-01,70,Art. 4.3,15,100,ARI,00028,Aire de instrumentos A10001,No
/A10001-25-ARI-101981-U4AC2A-NC_01,ARI-101981,A10001,25,ARI,101981,NC,1,U4AC2A,15,3,23,15,8,20.5,20.5,100,90-100%,12.5,12.5,100,90-100%,8,8,100,90-100%,0,13,13,TEIGA-TMI,25,4,4,25,NULL,1,1,0,1,1,25,NOT APPLY,NULL,NULL,NULL,7,1011,ARI-10001-01,77.5,Art. 4.3,15,100,ARI,00028,Aire de instrumentos A10001,No
/A10001-25-ARI-101983-U4AC2A-NC_01,ARI-101983,A10001,25,ARI,101983,NC,1,U4AC2A,13,1,14,13,1,13.5,13.5,100,90-100%,12.5,12.5,100,90-100%,1,1,100,90-100%,0,7,12,TEIGA-TMI,0,4,4,0,NULL,0,0,0,0,0,0,NOT APPLY,NULL,NULL,NULL,7,1011,ARI-10001-01,70,Art. 4.3,15,100,ARI,00028,Aire de instrumentos A10001,No
/A10001-25-ARI-101984-U4AC2A-NC_01,ARI-101984,A10001,25,ARI,101984,NC,1,U4AC2A,17,1,18,13,5,13.5,13.5,100,90-100%,8.5,8.5,100,90-100%,5,5,100,90-100%,0,5,12,TEIGA-TMI,0,1,1,0,NULL,0,0,0,0,0,0,NOT APPLY,NULL,NULL,NULL,7,1011,ARI-10001-01,70,Art. 4.3,15,100,ARI,00028,Aire de instrumentos A10001,No
/A10001-25-ARI-101985-U4AC2A-NC_01,ARI-101985,A10001,25,ARI,101985,NC,1,U4AC2A,12,2,14,12,2,13.5,13.5,100,90-100%,11.5,11.5,100,90-100%,2,2,100,90-100%,0,5,11,TEIGA-TMI,0,4,4,0,NULL,0,0,0,0,0,0,NOT APPLY,NULL,NULL,NULL,7,1011,ARI-10001-01,70,Art. 4.3,15,100,ARI,00028,Aire de instrumentos A10001,No
/A10001-25-ARI-101986-U4AC2A-NC_01,ARI-101986,A10001,25,ARI,101986,NC,1,U4AC2A,11,2,13,9,4,10.75,10.75,100,90-100%,6.75,6.75,100,90-100%,4,4,100,90-100%,0,44,12,TEIGA-TMI,0,4,4,0,NULL,0,0,0,0,0,0,NOT APPLY,NULL,NULL,NULL,7,1011,ARI-10001-01,70,Art. 4.3,15,100,ARI,00028,Aire de instrumentos A10001,No
/A10001-25-ARI-101997-U4AC2A-NC_01,ARI-101997,A10001,25,ARI,101997,NC,1,U4AC2A,15,2,19,13,6,14.75,14.75,100,90-100%,8.75,8.75,100,90-100%,6,6,100,90-100%,0,13,13,TEIGA-TMI,0,4,4,0,NULL,0,0,0,0,0,0,NOT APPLY,NULL,NULL,NULL,7,1011,ARI-10001-01,70,Art. 4.3,15,100,ARI,00028,Aire de instrumentos A10001,No
/A10001-25-ARI-101998-U4AC2A-NC_01,ARI-101998,A10001,25,ARI,101998,NC,1,U4AC2A,15,1,16,15,1,15.5,15.5,100,90-100%,14.5,14.5,100,90-100%,1,1,100,90-100%,0,5,12,TEIGA-TMI,0,4,4,0,NULL,0,0,0,0,0,0,NOT APPLY,NULL,NULL,NULL,7,1011,ARI-10001-01,70,Art. 4.3,15,100,ARI,00028,Aire de instrumentos A10001,No
/A10001-25-ARI-101999-U4AC2A-NC_01,ARI-101999,A10001,25,ARI,101999,NC,1,U4AC2A,36,2,36,27,9,29.25,26.5,90.6,90-100%,20.25,19.5,96.3,90-100%,9,7,77.78,Not Finished,2.75,44,Not Finished,TEIGA-TMI,0,4,4,0,NULL,0,0,0,2,2,50,NOT APPLY,NULL,NULL,NULL,4,1011,ARI-10001-01,76.85,Art. 4.3,15,87.04,ARI,00028,Aire de instrumentos A10001,No
/A10001-25-ARI-103201-U4AC2A-NC_01,ARI-103201,A10001,25,ARI,103201,NC,1,U4AC2A,5,1,7,7,0,6.5,6.5,100,90-100%,6.5,6.5,100,90-100%,0,NULL,NULL,NOT REQUIRED,0,7,NOT REQUIRED,TEIGA-TMI,0,4,4,0,NULL,0,0,0,0,0,0,NOT APPLY,NULL,NULL,NULL,7,1011,ARI-10001-01,0,Art. 4.3,15,100,ARI,00028,Aire de instrumentos A10001,No
/A10001-25-ARI-103991-U4AC2A-NC_01,ARI-103991,A10001,25,ARI,103991,NC,1,U4AC2A,46,7,52,39,13,46,46,100,90-100%,34,34,100,90-100%,12,12,100,90-100%,0,7,16,TEIGA-TMI,0,4,4,0,NULL,0,0,0,1,1,25,NOT APPLY,NULL,NULL,NULL,7,1011,ARI-10001-01,77.5,Art. 4.3,15,100,ARI,00028,Aire de instrumentos A10001,No
/A10001-25-ARI-10498-U4AC2A-NC_01,ARI-10498,A10001,25,ARI,10498,NC,1,U4AC2A,11,3,13,9,4,11,11,100,90-100%,7,7,100,90-100%,4,4,100,90-100%,0,19,19,TEIGA-TMI,0,4,4,0,NULL,0,0,0,0,0,0,NOT APPLY,NULL,NULL,NULL,7,1011,ARI-10001-01,70,Art. 4.3,15,100,ARI,00028,Aire de instrumentos A10001,No
/A10001-25-AT-108205-U4AC2A-CCTN_01,AT-108205,A10001,25,AT,108205,CCTN,1,U4AC2A,30,6,30,22,8,26,26,100,90-100%,20,20,100,90-100%,6,6,100,90-100%,0,43,17,TEIGA-TMI,0,4,4,0,NULL,0,0,0,0,0,0,NOT APPLY,NULL,NULL,NULL,7,1009,AT-00000-01,70,Art. 4.3,15,100,AT,00033,Agua tratada colector,Traceado
/A10001-25-AT-94493-U4AC2A-CCTN_01,AT-94493,A10001,25,AT,94493,CCTN,1,U4AC2A,55,8,60,54,6,58.75,56.75,96.6,90-100%,52.75,52.75,100,90-100%,6,4,66.67,Not Finished,2,15,Not Finished,TEIGA-TMI,0,7,7,0,NULL,0,0,0,7,7,100,NOT APPLY,NULL,NULL,NULL,8,1008,AT-10001-01,90,Art. 4.3,15,83.335,AT,00034,Agua tratada A10001,Traceado
/A10001-25-C6-101185-U1CD2B-PP_01,C6-101185,A10001,25,C6,101185,PP,1,U1CD2B,20,2,20,17,3,20,17,85,NULL,17,17,100,90-100%,3,NULL,0,Not Finished,3,4,Not Finished,TECHNIP,100,2,1,100,90-100%,2,1,0,0,0,0,NOT APPLY,NULL,NULL,NULL,5,1021,EFL-10001-03,40,Art. 4.3,23.52,50,EFL,00061,Drenajes abiertos de edificio HMBI,Traceado
/A10001-25-C6-101296-U1CD2B-PP_01,C6-101296,A10001,25,C6,101296,PP,1,U1CD2B,24,3,26,24,2,26,24,92.31,90-100%,24,24,100,90-100%,2,NULL,0,Not Finished,2,43,Not Finished,TECHNIP,100,4,2,100,90-100%,4,2,0,0,0,0,NOT APPLY,NULL,NULL,NULL,5,1020,EFL-10001-03,40,Art. 4.3,23.52,50,EFL,00061,Drenajes abiertos de edificio HMBI,Traceado
/A10001-25-C6-101357-U1CD2B-CC_01,C6-101357,A10001,25,C6,101357,CC,1,U1CD2B,21,4,24,20,4,21,17.25,82.14,NULL,17.25,17.25,100,90-100%,3.75,NULL,0,Not Finished,3.75,48,Not Finished,TECHNIP,100,21,6,100,90-100%,21,6,0,0,0,0,NOT APPLY,NULL,NULL,NULL,5,1021,C6-10001-03,40,Art. 4.3,23.52,50,C6,00041,Condensados A10001 (2),Si
/A10001-25-C6-101358-U1CD2B-CC_01,C6-101358,A10001,25,C6,101358,CC,1,U1CD2B,18,2,20,17,3,20,17,85,NULL,17,17,100,90-100%,3,NULL,0,Not Finished,3,48,Not Finished,TECHNIP,100,9,5,100,90-100%,9,5,0,0,0,0,NOT APPLY,NULL,NULL,NULL,5,1021,EFL-10001-03,40,Art. 4.3,23.52,50,EFL,00061,Drenajes abiertos de edificio HMBI,Traceado
/A10001-25-C6-102209-U1CD2B-PP_01,C6-102209,A10001,25,C6,102209,PP,1,U1CD2B,23,5,23,22,1,20,19,95,90-100%,19,19,100,90-100%,1,NULL,0,Not Finished,1,46,Not Finished,TECHNIP,100,9,5,100,90-100%,9,5,0,0,0,0,NOT APPLY,NULL,NULL,NULL,5,1021,EFL-10001-03,40,Art. 4.3,23.52,50,EFL,00061,Drenajes abiertos de edificio HMBI,Traceado
/A10001-25-C6-103508-U1CD2B-PP_01,C6-103508,A10001,25,C6,103508,PP,1,U1CD2B,19,2,20,19,1,20,19,95,90-100%,19,19,100,90-100%,1,NULL,0,Not Finished,1,48,Not Finished,TECHNIP,100,5,3,100,90-100%,5,3,0,0,0,0,NOT APPLY,NULL,NULL,NULL,5,1023,EFL-10001-03,40,Art. 4.3,23.52,50,EFL,00061,Drenajes abiertos de edificio HMBI,Traceado
/A10001-25-C6-10396-U1CD2B-CC_01,C6-10396,A10001,25,C6,10396,CC,1,U1CD2B,12,4,16,11,5,16,11,68.75,NULL,11,11,100,90-100%,5,NULL,0,Not Finished,5,49,Not Finished,TECHNIP,75,16,5,75,NULL,12,1,4,1,0,6.25,NOT APPLY,NULL,NULL,NULL,5,1020,C6-10001-01,41.88,Art. 4.3,23.52,50,C6,00039,Condensados A10001,Si
/A10001-25-C6-104197-U1CD2B-PP_01,C6-104197,A10001,25,C6,104197,PP,1,U1CD2B,62,7,62,50,12,62,50,80.65,NULL,50,50,100,90-100%,12,NULL,0,Not Finished,12,46,Not Finished,TECHNIP,100,14,7,100,90-100%,14,7,0,0,0,0,NOT APPLY,NULL,NULL,NULL,5,1020,EFL-10001-03,40,Art. 4.3,23.52,50,EFL,00061,Drenajes abiertos de edificio HMBI,Traceado
/A10001-25-C6-95622-U1CD2B-CC_01,C6-95622,A10001,25,C6,95622,CC,1,U1CD2B,14,4,14,12,2,14,12,85.71,NULL,12,12,100,90-100%,2,NULL,0,Not Finished,2,43,Not Finished,TECHNIP,100,4,2,100,90-100%,4,2,0,0,0,0,NOT APPLY,NULL,NULL,NULL,5,1025,C6-10001-02,40,Art. 4.3,23.52,50,C6,00040,Estabilización condensados antes de exportación,Si
/A10001-25-C6-95623-U1CD2B-PP_01,C6-95623,A10001,25,C6,95623,PP,1,U1CD2B,11,1,11,10,1,12,12,100,90-100%,10,10,100,90-100%,2,2,100,90-100%,0,46,19,TECHNIP,100,3,2,100,90-100%,3,2,0,3,2,100,NOT APPLY,NULL,NULL,Ready for Dossier,10,1025,EFL-10001-03,100,Art. 4.3,23.52,100,EFL,00061,Drenajes abiertos de edificio HMBI,Traceado
/A10001-25-CHMB-101352-U4BC1B-CC_01,CHMB-101352,A10001,25,CHMB,101352,CC,1,U4BC1B,22,4,24,21,3,36,33,91.67,90-100%,33,33,100,90-100%,3,NULL,0,Not Finished,3,7,Not Finished,TECHNIP,100,3,1,100,90-100%,3,1,0,0,0,0,NOT APPLY,NULL,NULL,NULL,5,41,CHMB-10001-04,40,I,15,50,CHMB,00046,Recipiente HMBI bruto,Si
/A10001-25-CIPA-10192-U4BC1B-NC_01,CIPA-10192,A10001,25,CIPA,10192,NC,1,U4BC1B,1,1,2,1,1,2,1,50,NULL,1,1,100,90-100%,1,NULL,0,Not Finished,1,7,Not Finished,NOT APPLY,NULL,0,0,NULL,NULL,0,0,0,0,0,0,NOT APPLY,NULL,NULL,NULL,5,38,INC-10001-03,50,Art. 4.3,15,50,INC,00087,Paquete Z-1019 y lineas asociadas,No
/A10001-25-CIPA-102322-U4BC1B-CC_01,CIPA-102322,A10001,25,CIPA,102322,CC,1,U4BC1B,10,3,10,8,2,10,9,90,90-100%,8,8,100,90-100%,2,1,50,Not Finished,1,45,Not Finished,TECHNIP,100,5,2,100,90-100%,5,2,0,0,0,0,NOT APPLY,NULL,NULL,NULL,5,67,CIPA-10001-01,55,Art. 4.3,15,75,CIPA,00047,Recipiente recolección IPA a destilación,Si
/A10001-25-CIPA-10292-U4BC1B-NC_01,CIPA-10292,A10001,25,CIPA,10292,NC,1,U4BC1B,5,1,6,5,1,6,5,83.33,NULL,5,5,100,90-100%,1,NULL,0,Not Finished,1,7,Not Finished,NOT APPLY,NULL,0,0,NULL,NULL,0,0,0,0,0,0,NOT APPLY,NULL,NULL,NULL,5,38,CIPA-10001-03,50,Art. 4.3,15,50,CIPA,00049,Paquete Z-1049,No
/A10001-25-CIPA-103998-U4BC1B-CCTN_01,CIPA-103998,A10001,25,CIPA,103998,CCTN,1,U4BC1B,13,3,16,13,3,16,15,93.75,90-100%,13,13,100,90-100%,3,2,66.67,Not Finished,1,7,Not Finished,TECHNIP,100,9,4,100,90-100%,9,4,0,0,0,0,NOT APPLY,NULL,NULL,NULL,5,39,HMBI-10001-04,60,Art. 4.3,15,83.335,HMBI,00075,Paquete Z-1032 y lineas asociadas,Traceado
/A10001-25-CIPA-10492-U4BC1B-NC_01,CIPA-10492,A10001,25,CIPA,10492,NC,1,U4BC1B,3,1,4,3,1,4,3,75,NULL,3,3,100,90-100%,1,NULL,0,Not Finished,1,7,Not Finished,NOT APPLY,NULL,0,0,NULL,NULL,0,0,0,0,0,0,NOT APPLY,NULL,NULL,NULL,5,38,CIPA-10001-02,50,Art. 4.3,15,50,CIPA,00048,Paquete Z-1049,No
/A10001-25-EFL-101122-U4BC1B-PP_01,EFL-101122,A10001,25,EFL,101122,PP,1,U4BC1B,8,1,8,8,0,8,8,100,90-100%,8,8,100,90-100%,0,NULL,NULL,NOT REQUIRED,0,44,NOT REQUIRED,TEIGA-TMI,75,4,4,75,NULL,3,3,0,0,0,0,NOT APPLY,NULL,NULL,NULL,7,1,EFL-10001-02,0,Art. 4.3,15,100,EFL,00059,Sistema de drenajes EFL-2,PP
/A10001-25-EFL-101123-U4BC1B-PP_01,EFL-101123,A10001,25,EFL,101123,PP,1,U4BC1B,36,3,36,36,0,36,33,91.67,90-100%,36,33,91.67,90-100%,0,NULL,NULL,NOT REQUIRED,3,45,NOT REQUIRED,TEIGA-TMI,75,4,4,75,NULL,3,3,0,0,0,0,NOT APPLY,NULL,NULL,NULL,6,1,EFL-10001-01,0,Art. 4.3,15,91.67,EFL,00058,Sistema de drenajes EFL-1,Traceado
/A10001-25-EFL-101143-U4BC1B-PP_01,EFL-101143,A10001,25,EFL,101143,PP,1,U4BC1B,44,8,44,41,3,44,40,90.91,90-100%,41,39,95.12,90-100%,3,1,33.33,Not Finished,4,45,Not Finished,TEIGA-TMI,100,4,4,100,90-100%,4,4,0,0,0,0,NOT APPLY,NULL,NULL,NULL,4,23,ACL-10001-01,48.05,Art. 4.3,15,64.225,ACL,00002,Agua caliente de lavados A10001,Traceado
/A10001-25-EFL-101144-U4BC1B-PP_01,EFL-101144,A10001,25,EFL,101144,PP,1,U4BC1B,21,4,22,19,3,22,19,86.36,NULL,19,19,100,90-100%,3,NULL,0,Not Finished,3,44,Not Finished,TEIGA-TMI,100,4,4,100,90-100%,4,4,0,0,0,0,NOT APPLY,NULL,NULL,NULL,5,23,EFL-10001-01,40,Art. 4.3,15,50,EFL,00058,Sistema de drenajes EFL-1,Traceado
/A10001-25-EFL-101145-U4BC1B-PP_01,EFL-101145,A10001,25,EFL,101145,PP,1,U4BC1B,9,3,12,9,3,12,9,75,NULL,9,9,100,90-100%,3,NULL,0,Not Finished,3,44,Not Finished,TEIGA-TMI,0,4,4,0,NULL,0,0,0,0,0,0,NOT APPLY,NULL,NULL,NULL,5,23,EFL-10001-01,40,Art. 4.3,15,50,EFL,00058,Sistema de drenajes EFL-1,Traceado
/A10001-25-EFL-101245-U4BC1B-PP_01,EFL-101245,A10001,25,EFL,101245,PP,1,U4BC1B,22,3,22,21,1,22,20,90.91,90-100%,21,19,90.48,90-100%,1,1,100,90-100%,2,45,45,TEIGA-TMI,0,4,4,0,NULL,0,0,0,0,0,0,NOT APPLY,NULL,NULL,NULL,6,23,EFL-10001-02,66.19,Art. 4.3,15,95.24,EFL,00059,Sistema de drenajes EFL-2,PP
/A10001-25-EFL-101246-U4BC1B-PP_01,EFL-101246,A10001,25,EFL,101246,PP,1,U4BC1B,5,1,6,5,1,6,5,83.33,NULL,5,5,100,90-100%,1,NULL,0,Not Finished,1,6,Not Finished,TEIGA-TMI,0,4,4,0,NULL,0,0,0,0,0,0,NOT APPLY,NULL,NULL,NULL,5,23,EFL-10001-01,40,Art. 4.3,15,50,EFL,00058,Sistema de drenajes EFL-1,Traceado
/A10001-25-EFL-101247-U4BC1B-PP_01,EFL-101247,A10001,25,EFL,101247,PP,1,U4BC1B,8,1,10,6,4,8,5,62.5,NULL,4,3,75,NULL,4,2,50,Not Finished,3,Not Finished,Not Finished,TEIGA-TMI,0,4,4,0,NULL,0,0,0,0,0,0,NOT APPLY,NULL,NULL,NULL,4,23,EFL-10001-01,45,Art. 4.3,15,62.5,EFL,00058,Sistema de drenajes EFL-1,Traceado
/A10001-25-EFL-101322-U4BC1B-PP_01,EFL-101322,A10001,25,EFL,101322,PP,1,U4BC1B,18,1,18,16,2,18,15,83.33,NULL,16,15,93.75,90-100%,2,NULL,0,Not Finished,3,45,Not Finished,TEIGA-TMI,100,4,4,100,90-100%,4,4,0,0,0,0,NOT APPLY,NULL,NULL,NULL,4,5,EFL-10001-01,37.5,Art. 4.3,15,46.875,EFL,00058,Sistema de drenajes EFL-1,Traceado
/A10001-25-EFL-101323-U4BC1B-PP_01,EFL-101323,A10001,25,EFL,101323,PP,1,U4BC1B,41,6,42,39,3,42,39,92.86,90-100%,39,36,92.31,90-100%,3,3,100,90-100%,3,45,45,TEIGA-TMI,50,4,4,50,NULL,2,2,0,0,0,0,NOT APPLY,NULL,NULL,NULL,6,5,EFL-10001-02,66.92,Art. 4.3,15,96.155,EFL,00059,Sistema de drenajes EFL-2,PP
/A10001-25-EFL-101324-U4BC1B-PP_01,EFL-101324,A10001,25,EFL,101324,PP,1,U4BC1B,4,1,4,2,2,4,4,100,90-100%,2,2,100,90-100%,2,2,100,90-100%,0,45,45,TEIGA-TMI,0,4,4,0,NULL,0,0,0,0,0,0,NOT APPLY,NULL,NULL,NULL,7,5,EFL-10001-01,70,Art. 4.3,15,100,EFL,00058,Sistema de drenajes EFL-1,Traceado
/A10001-25-EFL-102223-U4BC1B-PP_01,EFL-102223,A10001,25,EFL,102223,PP,1,U4BC1B,37,5,38,35,3,38,36,94.74,90-100%,35,33,94.29,90-100%,3,3,100,90-100%,2,45,46,TEIGA-TMI,75,4,4,75,NULL,3,3,0,0,0,0,NOT APPLY,NULL,NULL,NULL,6,11,EFL-10001-02,67.72,Art. 4.3,15,97.145,EFL,00059,Sistema de drenajes EFL-2,PP
/A10001-25-EFL-102224-U4BC1B-PP_01,EFL-102224,A10001,25,EFL,102224,PP,1,U4BC1B,0,0,2,2,0,2,1,50,NULL,2,1,50,NULL,0,NULL,NULL,NOT REQUIRED,1,Not Finished,NOT REQUIRED,TEIGA-TMI,0,4,4,0,NULL,0,0,0,0,0,0,NOT APPLY,NULL,NULL,NULL,6,11,EFL-10001-01,0,Art. 4.3,15,50,EFL,00058,Sistema de drenajes EFL-1,Traceado
/A10001-25-EFL-102225-U4BC1B-PP_01,EFL-102225,A10001,25,EFL,102225,PP,1,U4BC1B,21,2,22,19,3,22,20,90.91,90-100%,19,18,94.74,90-100%,3,2,66.67,Not Finished,2,44,Not Finished,TECHNIP/TEIGA-TMI,40,5,5,40,NULL,2,2,0,0,0,0,NOT APPLY,NULL,NULL,NULL,4,11,EFL-10001-01,57.9,Art. 4.3,15,80.705,EFL,00058,Sistema de drenajes EFL-1,Traceado
/A10001-25-EFL-102323-U4BC1B-PP_01,EFL-102323,A10001,25,EFL,102323,PP,1,U4BC1B,30,3,30,28,2,30,29,96.67,90-100%,28,28,100,90-100%,2,1,50,Not Finished,1,43,Not Finished,TEIGA-TMI,0,4,4,0,NULL,0,0,0,0,0,0,NOT APPLY,NULL,NULL,NULL,5,45,EFL-10001-02,55,Art. 4.3,15,75,EFL,00059,Sistema de drenajes EFL-2,PP
/A10001-25-EFL-103127-U4BC1B-PP_01,EFL-103127,A10001,25,EFL,103127,PP,1,U4BC1B,12,2,14,12,2,14,12,85.71,NULL,12,12,100,90-100%,2,NULL,0,Not Finished,2,44,Not Finished,TEIGA-TMI,0,4,4,0,NULL,0,0,0,0,0,0,NOT APPLY,NULL,NULL,NULL,5,9,EFL-10001-02,40,Art. 4.3,15,50,EFL,00059,Sistema de drenajes EFL-2,PP
/A10001-25-EFL-103128-U4BC1B-PP_01,EFL-103128,A10001,25,EFL,103128,PP,1,U4BC1B,30,3,30,28,2,30,30,100,90-100%,28,28,100,90-100%,2,2,100,90-100%,0,45,42,TEIGA-TMI,75,4,4,75,NULL,3,3,0,0,0,0,NOT APPLY,NULL,NULL,NULL,7,8,EFL-10001-02,70,Art. 4.3,15,100,EFL,00059,Sistema de drenajes EFL-2,PP
/A10001-25-EFL-103523-U4BC1B-PP_01,EFL-103523,A10001,25,EFL,103523,PP,1,U4BC1B,32,3,32,30,2,32,30,93.75,90-100%,30,30,100,90-100%,2,NULL,0,Not Finished,2,42,Not Finished,TEIGA-TMI,0,4,4,0,NULL,0,0,0,0,0,0,NOT APPLY,NULL,NULL,NULL,5,10,EFL-10001-02,40,Art. 4.3,15,50,EFL,00059,Sistema de drenajes EFL-2,PP
/A10001-25-EFL-103524-U4BC1B-PP_01,EFL-103524,A10001,25,EFL,103524,PP,1,U4BC1B,15,2,16,15,1,16,14,87.5,NULL,15,14,93.33,90-100%,1,NULL,0,Not Finished,2,44,Not Finished,TEIGA-TMI,0,4,4,0,NULL,0,0,0,0,0,0,NOT APPLY,NULL,NULL,NULL,4,10,EFL-10001-02,37.33,Art. 4.3,15,46.665,EFL,00059,Sistema de drenajes EFL-2,PP
/A10001-25-EFL-103623-U4BC1B-PP_01,EFL-103623,A10001,25,EFL,103623,PP,1,U4BC1B,33,4,34,33,1,34,33,97.06,90-100%,33,33,100,90-100%,1,NULL,0,Not Finished,1,43,Not Finished,TEIGA-TMI,75,4,4,75,NULL,3,3,0,0,0,0,NOT APPLY,NULL,NULL,NULL,5,44,EFL-10001-02,40,Art. 4.3,15,50,EFL,00059,Sistema de drenajes EFL-2,PP
/A10001-25-EFL-103723-U4BC1B-PP_01,EFL-103723,A10001,25,EFL,103723,PP,1,U4BC1B,6,1,6,5,1,6,6,100,90-100%,5,5,100,90-100%,1,1,100,90-100%,0,42,42,TEIGA-TMI,0,4,4,0,NULL,0,0,0,0,0,0,NOT APPLY,NULL,NULL,NULL,7,46,EFL-10001-02,70,Art. 4.3,15,100,EFL,00059,Sistema de drenajes EFL-2,PP
/A10001-25-EFL-103724-U4BC1B-PP_01,EFL-103724,A10001,25,EFL,103724,PP,1,U4BC1B,41,4,42,41,1,42,34,80.95,NULL,41,33,80.49,NULL,1,1,100,90-100%,8,Not Finished,44,TEIGA-TMI,0,4,4,0,NULL,0,0,0,0,0,0,NOT APPLY,NULL,NULL,NULL,6,46,EFL-10001-01,62.2,Art. 4.3,15,90.245,EFL,00058,Sistema de drenajes EFL-1,Traceado
/A10001-25-EFL-103726-U4BC1B-PP_01,EFL-103726,A10001,25,EFL,103726,PP,1,U4BC1B,19,2,20,19,1,20,20,100,90-100%,19,19,100,90-100%,1,1,100,90-100%,0,7,12,TEIGA-TMI,0,4,4,0,NULL,0,0,0,0,0,0,NOT APPLY,NULL,NULL,NULL,7,46,HMBI-10001-02,70,Art. 4.3,15,100,HMBI,00076,Filtro rotativo- recipiente filtrato- recipiente torta- y lineas asociadas,Traceado
/A10001-25-EFL-104223-U4BC1B-PP_01,EFL-104223,A10001,25,EFL,104223,PP,1,U4BC1B,42,5,43,31,12,36,36,100,90-100%,24,24,100,90-100%,12,12,100,90-100%,0,44,44,TEIGA-TMI,100,4,4,100,90-100%,4,4,0,0,0,0,NOT APPLY,NULL,NULL,NULL,7,3,EFL-10001-02,70,Art. 4.3,15,100,EFL,00059,Sistema de drenajes EFL-2,PP
/A10001-25-EFL-104225-U4BC1B-PP_01,EFL-104225,A10001,25,EFL,104225,PP,1,U4BC1B,8,2,8,6,2,8,7,87.5,NULL,6,5,83.33,NULL,2,2,100,90-100%,1,Not Finished,45,TEIGA-TMI,0,4,4,0,NULL,0,0,0,0,0,0,NOT APPLY,NULL,NULL,NULL,6,3,EFL-10001-01,63.33,Art. 4.3,15,91.665,EFL,00058,Sistema de drenajes EFL-1,Traceado
/A10001-25-EFL-104228-U4BC1B-PP_01,EFL-104228,A10001,25,EFL,104228,PP,1,U4BC1B,11,2,12,11,1,12,11,91.67,90-100%,11,11,100,90-100%,1,NULL,0,Not Finished,1,6,Not Finished,TEIGA-TMI,100,4,4,100,90-100%,4,4,0,0,0,0,NOT APPLY,NULL,NULL,NULL,5,3,EFL-10001-01,40,Art. 4.3,15,50,EFL,00058,Sistema de drenajes EFL-1,Traceado
/A10001-25-EFL-104607-U4BC1B-PP_01,EFL-104607,A10001,25,EFL,104607,PP,1,U4BC1B,8,1,8,7,1,8,7,87.5,NULL,7,7,100,90-100%,1,NULL,0,Not Finished,1,42,Not Finished,TEIGA-TMI,100,4,4,100,90-100%,4,4,0,0,0,0,NOT APPLY,NULL,NULL,NULL,5,47,EFL-10001-01,40,Art. 4.3,15,50,EFL,00058,Sistema de drenajes EFL-1,Traceado
/A10001-25-EFL-104624-U4BC1B-PP_01,EFL-104624,A10001,25,EFL,104624,PP,1,U4BC1B,36,5,36,34,2,34,31,91.18,90-100%,32,30,93.75,90-100%,2,1,50,Not Finished,3,44,Not Finished,TEIGA-TMI,100,4,4,100,90-100%,4,4,0,0,0,0,NOT APPLY,NULL,NULL,NULL,4,47,EFL-10001-02,52.5,Art. 4.3,15,71.875,EFL,00059,Sistema de drenajes EFL-2,PP
/A10001-25-EFL-104625-U4BC1B-PP_01,EFL-104625,A10001,25,EFL,104625,PP,1,U4BC1B,0,0,6,5,1,6,5,83.33,NULL,5,5,100,90-100%,1,NULL,0,Not Finished,1,42,Not Finished,TEIGA-TMI,0,4,4,0,NULL,0,0,0,0,0,0,NOT APPLY,NULL,NULL,NULL,5,47,EFL-10001-01,40,Art. 4.3,15,50,EFL,00058,Sistema de drenajes EFL-1,Traceado
/A10001-25-EFL-105582-U4BC1B-CCTN_01,EFL-105582,A10001,25,EFL,105582,CCTN,1,U4BC1B,27,6,33,26,7,32,30,93.75,90-100%,25,25,100,90-100%,7,5,71.43,Not Finished,2,7,Not Finished,TEIGA-TMI,0,4,4,0,NULL,0,0,0,1,1,25,NOT APPLY,NULL,NULL,NULL,5,66,EFL-10003-06,68.93,Art. 4.3,15,85.715,EFL,00055,Segunda columna de destilacion y elementos asociados,Traceado
/A10001-25-EFL-108123-U4BC1B-PP_01,EFL-108123,A10001,25,EFL,108123,PP,1,U4BC1B,36,2,36,31,5,32,30,93.75,90-100%,27,25,92.59,90-100%,5,5,100,90-100%,2,45,5,TEIGA-TMI,0,4,4,0,NULL,0,0,0,0,0,0,NOT APPLY,NULL,NULL,NULL,6,12,EFL-10001-02,67.04,Art. 4.3,15,96.295,EFL,00059,Sistema de drenajes EFL-2,PP
/A10001-25-EFL-108124-U4BC1B-PP_01,EFL-108124,A10001,25,EFL,108124,PP,1,U4BC1B,6,1,6,4,2,6,4,66.67,NULL,4,4,100,90-100%,2,NULL,0,Not Finished,2,42,Not Finished,TEIGA-TMI,0,4,4,0,NULL,0,0,0,0,0,0,NOT APPLY,NULL,NULL,NULL,5,12,EFL-10001-02,40,Art. 4.3,15,50,EFL,00059,Sistema de drenajes EFL-2,PP
/A10001-25-EFL-108553-U4BC1B-PP_01,EFL-108553,A10001,25,EFL,108553,PP,1,U4BC1B,13,4,15,11,4,14,13,92.86,90-100%,11,11,100,90-100%,3,2,66.67,Not Finished,1,42,Not Finished,TEIGA-TMI,0,4,4,0,NULL,0,0,0,0,0,0,NOT APPLY,NULL,NULL,NULL,5,15|156,EFL-10001-01,60,Art. 4.3,15,83.335,EFL,00058,Sistema de drenajes EFL-1,Traceado
/A10001-25-EFL-108609-U4BC1B-PP_01,EFL-108609,A10001,25,EFL,108609,PP,1,U4BC1B,16,4,18,16,2,18,16,88.89,NULL,16,14,87.5,NULL,2,2,100,90-100%,2,Not Finished,44,TEIGA-TMI,0,4,4,0,NULL,0,0,0,0,0,0,NOT APPLY,NULL,NULL,NULL,6,51,EFL-10001-01,65,Art. 4.3,15,93.75,EFL,00058,Sistema de drenajes EFL-1,Traceado
/A10001-25-EFL-108609-U4BC1B-PP_02,EFL-108609,A10001,25,EFL,108609,PP,2,U4BC1B,30,10,38,29,9,38,33,86.84,NULL,29,29,100,90-100%,9,4,44.44,Not Finished,5,44,Not Finished,TEIGA-TMI,0,4,4,0,NULL,0,0,0,0,0,0,NOT APPLY,NULL,NULL,NULL,5,51,EFL-10001-01,53.33,Art. 4.3,15,72.22,EFL,00058,Sistema de drenajes EFL-1,Traceado
/A10001-25-EFL-108609-U4BC1B-PP_03,EFL-108609,A10001,25,EFL,108609,PP,3,U4BC1B,20,4,22,20,2,22,20,90.91,90-100%,20,20,100,90-100%,2,NULL,0,Not Finished,2,7,Not Finished,TEIGA-TMI,0,4,4,0,NULL,0,0,0,0,0,0,NOT APPLY,NULL,NULL,NULL,5,51,EFL-10001-01,40,Art. 4.3,15,50,EFL,00058,Sistema de drenajes EFL-1,Traceado
/A10001-25-EFL-108609-U4BC1B-PP_04,EFL-108609,A10001,25,EFL,108609,PP,4,U4BC1B,18,4,20,18,2,20,20,100,90-100%,18,18,100,90-100%,2,2,100,90-100%,0,6,10,TEIGA-TMI,0,4,4,0,NULL,0,0,0,0,0,0,NOT APPLY,NULL,NULL,NULL,7,51,EFL-10001-01,70,Art. 4.3,15,100,EFL,00058,Sistema de drenajes EFL-1,Traceado
/A10001-25-EFL-108609-U4BC1B-PP_05,EFL-108609,A10001,25,EFL,108609,PP,5,U4BC1B,20,4,20,18,2,20,19,95,90-100%,18,18,100,90-100%,2,1,50,Not Finished,1,44,Not Finished,TEIGA-TMI,0,4,4,0,NULL,0,0,0,0,0,0,NOT APPLY,NULL,NULL,NULL,5,51,EFL-10001-01,55,Art. 4.3,15,75,EFL,00058,Sistema de drenajes EFL-1,Traceado
/A10001-25-EFL-108609-U4BC1B-PP_06,EFL-108609,A10001,25,EFL,108609,PP,6,U4BC1B,26,4,26,24,2,26,25,96.15,90-100%,24,24,100,90-100%,2,1,50,Not Finished,1,44,Not Finished,TEIGA-TMI,0,4,4,0,NULL,0,0,0,0,0,0,NOT APPLY,NULL,NULL,NULL,5,51,EFL-10001-01,55,Art. 4.3,15,75,EFL,00058,Sistema de drenajes EFL-1,Traceado
/A10001-25-EFL-108625-U4BC1B-NC_01,EFL-108625,A10001,25,EFL,108625,NC,1,U4BC1B,12,2,12,12,0,12,12,100,90-100%,12,12,100,90-100%,0,NULL,NULL,NOT REQUIRED,0,7,NOT REQUIRED,TEIGA-TMI,0,4,4,0,NULL,0,0,0,0,0,0,NOT APPLY,NULL,NULL,NULL,7,26,ACL-10001-01,0,Art. 4.3,15,100,ACL,00002,Agua caliente de lavados A10001,Traceado
/A10001-25-EFL-108823-U4BC1B-PP_01,EFL-108823,A10001,25,EFL,108823,PP,1,U4BC1B,16,4,17,13,4,16,11,68.75,NULL,13,9,69.23,NULL,3,2,66.67,Not Finished,5,Not Finished,Not Finished,TEIGA-TMI,0,4,4,0,NULL,0,0,0,0,0,0,NOT APPLY,NULL,NULL,NULL,4,155,EFL-10001-02,47.69,Art. 4.3,15,67.95,EFL,00059,Sistema de drenajes EFL-2,PP
/A10001-25-HMBI-103722-U4BC1B-CC_01,HMBI-103722,A10001,25,HMBI,103722,CC,1,U4BC1B,31,5,31,28,3,30.75,27,87.8,NULL,27.75,24,86.49,NULL,3,3,100,90-100%,3.75,Not Finished,43,TECHNIP,100,12,4,100,90-100%,12,4,0,0,0,0,NOT APPLY,NULL,NULL,NULL,6,1001,HMBI-10001-02,64.6,Art. 4.3,15,93.245,HMBI,00076,Filtro rotativo- recipiente filtrato- recipiente torta- y lineas asociadas,Traceado
/A10001-25-HMBN-103122-U4BC1B-CC_01,HMBN-103122,A10001,25,HMBN,103122,CC,1,U4BC1B,15,5,22,15,7,22,21,95.45,90-100%,15,15,100,90-100%,7,6,85.71,Not Finished,1,45,Not Finished,TECHNIP,100,26,11,100,90-100%,26,11,0,0,0,0,NOT APPLY,NULL,NULL,NULL,5,8,HMBN-10001-01,65.71,Art. 4.3,15,92.855,HMBN,00083,Reactor neutralización,Traceado (parcial)
/A10001-25-HMBN-103522-U4BC1B-CC_01,HMBN-103522,A10001,25,HMBN,103522,CC,1,U4BC1B,8,2,8,6,2,8,5,62.5,NULL,6,5,83.33,NULL,2,NULL,0,Not Finished,3,Not Finished,Not Finished,NOT APPLY,NULL,0,0,NULL,NULL,0,0,0,0,0,0,NOT APPLY,NULL,NULL,NULL,4,10,HMBN-10001-02,41.67,Art. 4.3,15,41.665,HMBN,00084,Recipiente evaporación agua,Si
/A10001-25-INC-101306-U4BC1B-PP_01,INC-101306,A10001,25,INC,101306,PP,1,U4BC1B,7,2,8,7,1,8,7,87.5,NULL,7,7,100,90-100%,1,NULL,0,Not Finished,1,7,Not Finished,NOT APPLY,NULL,0,0,NULL,NULL,0,0,0,0,0,0,NOT APPLY,NULL,NULL,NULL,5,34,CHMB-10001-04,50,Art. 4.3,15,50,CHMB,00046,Recipiente HMBI bruto,Si
/A10001-25-INC-102398-U4BC1B-PP_01,INC-102398,A10001,25,INC,102398,PP,1,U4BC1B,12,3,14,12,2,14,12,85.71,NULL,12,12,100,90-100%,2,NULL,0,Not Finished,2,7,Not Finished,TECHNIP,100,4,1,100,90-100%,4,1,0,0,0,0,NOT APPLY,NULL,NULL,NULL,5,34,CIPA-10001-01,40,I,15,50,CIPA,00047,Recipiente recolección IPA a destilación,Si
/A10001-25-INC-103108-U4BC1B-PP_01,INC-103108,A10001,25,INC,103108,PP,1,U4BC1B,17,3,17,16,1,16.75,15.75,94.03,90-100%,15.75,15.75,100,90-100%,1,NULL,0,Not Finished,1,43,Not Finished,TECHNIP,100,3,2,100,90-100%,3,2,0,0,0,0,NOT APPLY,NULL,NULL,NULL,5,32,HMBN-10001-01,40,Art. 4.3,15,50,HMBN,00083,Reactor neutralización,Traceado (parcial)
/A10001-25-INC-103151-U4BC1B-PP_01,INC-103151,A10001,25,INC,103151,PP,1,U4BC1B,57,10,66,48,18,56,54,96.43,90-100%,39,39,100,90-100%,17,15,88.24,Not Finished,2,9,Not Finished,TECHNIP,100,3,2,100,90-100%,3,2,0,0,0,0,NOT APPLY,NULL,NULL,NULL,5,34,INC-10001-01,66.47,Art. 4.3,15,94.12,INC,00088,Venteos gaseosos con blanketing,PP
/A10001-25-INC-10322-U4BC1B-NC_01,INC-10322,A10001,25,INC,10322,NC,1,U4BC1B,16,3,20,16,4,20,16,80,NULL,16,16,100,90-100%,4,NULL,0,Not Finished,4,7,Not Finished,TECHNIP,100,12,6,100,90-100%,12,6,0,0,0,0,NOT APPLY,NULL,NULL,NULL,5,34,INC-10001-01,40,Art. 4.3,15,50,INC,00088,Venteos gaseosos con blanketing,PP
/A10001-25-INC-103603-U4BC1B-PP_01,INC-103603,A10001,25,INC,103603,PP,1,U4BC1B,46,10,53,46,7,56,53,94.64,90-100%,48,48,100,90-100%,8,5,62.5,Not Finished,3,7,Not Finished,TECHNIP,100,14,8,100,90-100%,14,8,0,0,0,0,NOT APPLY,NULL,NULL,NULL,5,34,INC-10001-01,58.75,I,15,81.25,INC,00088,Venteos gaseosos con blanketing,PP
/A10001-25-INC-103703-U4BC1B-PP_01,INC-103703,A10001,25,INC,103703,PP,1,U4BC1B,25,5,27,25,2,27,25,92.59,90-100%,25,25,100,90-100%,2,NULL,0,Not Finished,2,7,Not Finished,TECHNIP,100,2,2,100,90-100%,2,2,0,0,0,0,NOT APPLY,NULL,NULL,NULL,5,34,HMBI-10001-02,40,Art. 4.3,15,50,HMBI,00076,Filtro rotativo- recipiente filtrato- recipiente torta- y lineas asociadas,Traceado
/A10001-25-IPA-103951-U4BC1B-CC_01,IPA-103951,A10001,25,IPA,103951,CC,1,U4BC1B,50,7,52,48,4,64.75,60.75,93.82,90-100%,58.75,58.75,100,90-100%,6,2,33.33,Not Finished,4,9,Not Finished,TECHNIP,100,10,4,100,90-100%,10,4,0,3,1,30,NOT APPLY,NULL,NULL,NULL,5,30,HMBI-10001-02,59,Art. 4.3,15,66.665,HMBI,00076,Filtro rotativo- recipiente filtrato- recipiente torta- y lineas asociadas,Traceado
/A10001-25-IPA-103952-U4BC1B-CC_01,IPA-103952,A10001,25,IPA,103952,CC,1,U4BC1B,14,2,14,14,0,17,17,100,90-100%,17,17,100,90-100%,0,NULL,NULL,NOT REQUIRED,0,9,NOT REQUIRED,TECHNIP,100,4,1,100,90-100%,4,1,0,0,0,0,NOT APPLY,NULL,NULL,NULL,7,29,IPA-10001-01,0,Art. 4.3,15,100,IPA,00089,Línea IPA hacia filtro S-10390,Si
/A10001-25-IPA-15523-U4BC1B-NC_01,IPA-15523,A10001,25,IPA,15523,NC,1,U4BC1B,31,6,36,32,4,36,36,100,90-100%,32,32,100,90-100%,4,4,100,90-100%,0,43,14,TECHNIP,100,8,5,100,90-100%,8,5,0,2,1,25,SPS-011,ENVIADO,1,NULL,7,29,INC-10001-03,77.5,Art. 4.3,15,100,INC,00087,Paquete Z-1019 y lineas asociadas,No
/A10001-25-IPA-15524-U4BC1B-NC_01,IPA-15524,A10001,25,IPA,15524,NC,1,U4BC1B,38,9,46,39,7,46,44,95.65,90-100%,39,39,100,90-100%,7,5,71.43,Not Finished,2,43,Not Finished,TECHNIP,100,10,7,100,90-100%,10,7,0,1,0,10,SPS-011,ENVIADO,1,NULL,5,29,CIPA-10001-03,64.43,Art. 4.3,15,85.715,CIPA,00049,Paquete Z-1049,No
/A10001-25-IPA-15525-U4BC1B-NC_01,IPA-15525,A10001,25,IPA,15525,NC,1,U4BC1B,15,3,19,16,3,18,17,94.44,90-100%,15,15,100,90-100%,3,2,66.67,Not Finished,1,43,Not Finished,NOT APPLY,NULL,0,0,NULL,NULL,0,0,0,0,0,0,SPS-011,ENVIADO,1,NULL,5,29,IPA-10001-01,83.34,Art. 4.3,15,83.335,IPA,00089,Línea IPA hacia filtro S-10390,Si
/A10001-25-IPA-15527-U4BC1B-NC_01,IPA-15527,A10001,25,IPA,15527,NC,1,U4BC1B,40,6,43,40,3,41.5,41.5,100,90-100%,38.5,38.5,100,90-100%,3,3,100,90-100%,0,43,14,TECHNIP,100,10,6,100,90-100%,10,6,0,0,0,0,SPS-011,ENVIADO,1,NULL,7,29,HMBI-10001-04,70,Art. 4.3,15,100,HMBI,00075,Paquete Z-1032 y lineas asociadas,Traceado
/A10001-25-IPA-15529-U4BC1B-NC_01,IPA-15529,A10001,25,IPA,15529,NC,1,U4BC1B,44,9,52,41,11,48,45,93.75,90-100%,37,37,100,90-100%,11,8,72.73,Not Finished,3,43,Not Finished,TECHNIP,100,12,8,100,90-100%,12,8,0,7,4,58.33,SPS-011,ENVIADO,1,NULL,5,29,CIPA-10001-02,79.32,Art. 4.3,15,86.365,CIPA,00048,Paquete Z-1049,No
/A10001-25-NHOH-103196-U4BN8A-NC_01,NHOH-103196,A10001,25,NHOH,103196,NC,1,U4BN8A,41,7,42,39,3,38,36,94.74,90-100%,35,35,100,90-100%,3,1,33.33,Not Finished,2,45,Not Finished,TECHNIP,100,12,6,100,90-100%,12,6,0,0,0,0,NOT APPLY,NULL,NULL,NULL,5,48,NHOH-PR18-01,50,Art. 4.3,60,66.665,NHOH,00091,Línea solución amoniaco PR18,No
/A10001-25-NI-101193-U1BD2A-NC_01,NI-101193,A10001,25,NI,101193,NC,1,U1BD2A,38,8,46,38,8,45.75,37.75,82.51,NULL,37.75,37.75,100,90-100%,8,NULL,0,Not Finished,8,50,Not Finished,TEIGA-TMI,0,1,1,0,NULL,0,0,0,0,0,0,NOT APPLY,NULL,NULL,NULL,5,161|62,NI-10001-06,40,Art. 4.3,23.52,50,NI,00096,Distribucion interna de nitrogeno para area 10001- sexto grupo de subcolectores,No
/A10001-25-NI-101209-U1BD2A-NC_01,NI-101209,A10001,25,NI,101209,NC,1,U1BD2A,40,9,44,40,4,43,39,90.7,90-100%,39,39,100,90-100%,4,NULL,0,Not Finished,4,49,Not Finished,TEIGA-TMI,0,4,4,0,NULL,0,0,0,0,0,0,NOT APPLY,NULL,NULL,NULL,5,59,NI-10001-01,40,Art. 4.3,23.52,50,NI,00092,Distribucion interna de nitrogeno para area 10001- primer grupo de subcolectores,No
/A10001-25-NI-101307-U1BD2A-NC_01,NI-101307,A10001,25,NI,101307,NC,1,U1BD2A,8,3,9,7,2,8,7,87.5,NULL,6,6,100,90-100%,2,1,50,Not Finished,1,49,Not Finished,TEIGA-TMI,0,4,4,0,NULL,0,0,0,0,0,0,NOT APPLY,NULL,NULL,NULL,5,63,NI-10001-02,55,Art. 4.3,23.52,75,NI,00097,Distribucion interna de nitrogeno para area 10001- segundo grupo de subcolectores,No
/A10001-25-NI-102105-U1BD2A-NC_01,NI-102105,A10001,25,NI,102105,NC,1,U1BD2A,35,7,39,35,4,38.75,34.75,89.68,NULL,34.75,34.75,100,90-100%,4,NULL,0,Not Finished,4,49,Not Finished,TECHNIP/TEIGA-TMI,71.43,14,9,71.43,NULL,10,5,0,0,0,0,NOT APPLY,NULL,NULL,NULL,5,63,NI-10001-02,40,Art. 4.3,23.52,50,NI,00097,Distribucion interna de nitrogeno para area 10001- segundo grupo de subcolectores,No
/A10001-25-NI-102399-U1BD2A-NC_01,NI-102399,A10001,25,NI,102399,NC,1,U1BD2A,20,5,23,20,3,31,26,83.87,NULL,26,26,100,90-100%,5,NULL,0,Not Finished,5,9,Not Finished,TEIGA-TMI,0,4,4,0,NULL,0,0,0,0,0,0,NOT APPLY,NULL,NULL,NULL,5,63,NI-10001-02,40,Art. 4.3,23.52,50,NI,00097,Distribucion interna de nitrogeno para area 10001- segundo grupo de subcolectores,No
/A10001-25-NI-103109-U1BD2A-NC_01,NI-103109,A10001,25,NI,103109,NC,1,U1BD2A,20,4,21,20,1,27.75,25.75,92.79,90-100%,25.75,25.75,100,90-100%,2,NULL,0,Not Finished,2,11,Not Finished,TEIGA-TMI,0,1,1,0,NULL,0,0,0,0,0,0,NOT APPLY,NULL,NULL,NULL,5,64,NI-10001-03,40,Art. 4.3,23.52,50,NI,00098,Distribucion interna de nitrogeno para area 10001- tercer grupo de subcolectores,No
/A10001-25-NI-103606-U1BD2A-NC_01,NI-103606,A10001,25,NI,103606,NC,1,U1BD2A,27,7,32,27,5,48,40,83.33,NULL,40,40,100,90-100%,8,NULL,0,Not Finished,8,50,Not Finished,TEIGA-TMI,0,4,4,0,NULL,0,0,0,0,0,0,NOT APPLY,NULL,NULL,NULL,5,63,NI-10001-02,40,Art. 4.3,23.52,50,NI,00097,Distribucion interna de nitrogeno para area 10001- segundo grupo de subcolectores,No
/A10001-25-NI-103706-U1BD2A-NC_01,NI-103706,A10001,25,NI,103706,NC,1,U1BD2A,13,6,16,13,3,24,19,79.17,NULL,19,19,100,90-100%,5,NULL,0,Not Finished,5,8,Not Finished,TEIGA-TMI,0,4,4,0,NULL,0,0,0,0,0,0,NOT APPLY,NULL,NULL,NULL,5,63,NI-10001-02,40,Art. 4.3,23.52,50,NI,00097,Distribucion interna de nitrogeno para area 10001- segundo grupo de subcolectores,No
/A10001-25-NI-10398-U1BD2A-NC_01,NI-10398,A10001,25,NI,10398,NC,1,U1BD2A,51,9,56,51,5,38,34,89.47,NULL,34,34,100,90-100%,4,NULL,0,Not Finished,4,51,Not Finished,TEIGA-TMI,0,4,4,0,NULL,0,0,0,0,0,0,NOT APPLY,NULL,NULL,NULL,5,61,NI-10001-05,40,Art. 4.3,23.52,50,NI,00095,Distribucion interna de nitrogeno para area 10001- quinto grupo de subcolectores,No
/A10001-25-NI-103995-U1BD2A-NC_01,NI-103995,A10001,25,NI,103995,NC,1,U1BD2A,29,3,30,28,2,34.75,32.75,94.24,90-100%,32.75,32.75,100,90-100%,2,NULL,0,Not Finished,2,49,Not Finished,TEIGA-TMI,0,4,4,0,NULL,0,0,0,0,0,0,NOT APPLY,NULL,NULL,NULL,5,61,HMBI-10001-02,40,Art. 4.3,23.52,50,HMBI,00076,Filtro rotativo- recipiente filtrato- recipiente torta- y lineas asociadas,Traceado
/A10001-25-NI-103997-U1BD2A-NC_01,NI-103997,A10001,25,NI,103997,NC,1,U1BD2A,23,6,28,22,6,28,22,78.57,NULL,22,22,100,90-100%,6,NULL,0,Not Finished,6,50,Not Finished,TEIGA-TMI,0,4,4,0,NULL,0,0,0,0,0,0,NOT APPLY,NULL,NULL,NULL,5,161|61,NI-10001-05,40,Art. 4.3,23.52,50,NI,00095,Distribucion interna de nitrogeno para area 10001- quinto grupo de subcolectores,No
/A10001-25-NI-10399-U1BD2A-NC_01,NI-10399,A10001,25,NI,10399,NC,1,U1BD2A,19,4,24,21,3,33,28,84.85,NULL,28,28,100,90-100%,5,NULL,0,Not Finished,5,48,Not Finished,TEIGA-TMI,0,4,4,0,NULL,0,0,0,0,0,0,NOT APPLY,NULL,NULL,NULL,5,63,NI-10001-02,40,Art. 4.3,23.52,50,NI,00097,Distribucion interna de nitrogeno para area 10001- segundo grupo de subcolectores,No
/A10001-25-NI-104104-U1BD2A-NC_01,NI-104104,A10001,25,NI,104104,NC,1,U1BD2A,30,6,33,30,3,37.25,32.25,86.58,NULL,32.25,32.25,100,90-100%,5,NULL,0,Not Finished,5,49,Not Finished,TEIGA-TMI,0,4,4,0,NULL,0,0,0,0,0,0,NOT APPLY,NULL,NULL,NULL,5,59,NI-10001-01,40,Art. 4.3,23.52,50,NI,00092,Distribucion interna de nitrogeno para area 10001- primer grupo de subcolectores,No
/A10001-25-NI-10497-U1BD2A-NC_01,NI-10497,A10001,25,NI,10497,NC,1,U1BD2A,12,4,14,12,2,14,12,85.71,NULL,12,12,100,90-100%,2,NULL,0,Not Finished,2,49,Not Finished,TEIGA-TMI,0,4,4,0,NULL,0,0,0,0,0,0,NOT APPLY,NULL,NULL,NULL,5,59,NI-10001-01,40,Art. 4.3,23.52,50,NI,00092,Distribucion interna de nitrogeno para area 10001- primer grupo de subcolectores,No
/A10001-25-NI-108698-U1BD2A-NC_01,NI-108698,A10001,25,NI,108698,NC,1,U1BD2A,54,11,54,48,6,54,49,90.74,90-100%,48,48,100,90-100%,6,1,16.67,Not Finished,5,4,Not Finished,TEIGA-TMI,100,4,4,100,90-100%,4,4,0,0,0,0,NOT APPLY,NULL,NULL,NULL,5,64,NI-10001-03,45,Art. 4.3,23.52,58.335,NI,00098,Distribucion interna de nitrogeno para area 10001- tercer grupo de subcolectores,No
/A10001-25-SSAM-103622-U4BC1B-PP_01,SSAM-103622,A10001,25,SSAM,103622,PP,1,U4BC1B,39,7,42,39,3,42.75,36.5,85.38,NULL,39.25,35.5,90.45,90-100%,3.5,1,28.57,Not Finished,6.25,46,Not Finished,TECHNIP,100,7,4,100,90-100%,7,4,0,0,0,0,NOT APPLY,NULL,NULL,NULL,4,124|44,SSAM-10004-01,44.75,Art. 4.3,15,59.51,SSAM,00116,Tanque solución sulfato,Si
/A10001-25-V6-101356-U1CD2B-CC_01,V6-101356,A10001,25,V6,101356,CC,1,U1CD2B,35,4,35,34,1,32,31,96.88,90-100%,31,31,100,90-100%,1,NULL,0,Not Finished,1,49,Not Finished,TECHNIP,100,8,2,100,90-100%,8,2,0,0,0,0,NOT APPLY,NULL,NULL,NULL,5,1021,CHMB-10001-04,40,Art. 4.3,23.52,50,CHMB,00046,Recipiente HMBI bruto,Si
/A10001-25-V6-103505-U1CD2B-CC_01,V6-103505,A10001,25,V6,103505,CC,1,U1CD2B,37,6,39,36,3,37,34,91.89,90-100%,34,34,100,90-100%,3,NULL,0,Not Finished,3,49,Not Finished,TECHNIP,100,16,5,100,90-100%,16,5,0,0,0,0,NOT APPLY,NULL,NULL,NULL,5,1023,HMBN-10001-02,40,Art. 4.3,23.52,50,HMBN,00084,Recipiente evaporación agua,Si
/A10001-25-V6-10397-U1CD2B-CC_01,V6-10397,A10001,25,V6,10397,CC,1,U1CD2B,27,7,33,26,7,32.75,25.75,78.63,NULL,25.75,25.75,100,90-100%,7,NULL,0,Not Finished,7,50,Not Finished,TECHNIP,100,15,7,100,90-100%,15,7,0,0,0,0,NOT APPLY,NULL,NULL,NULL,5,1022,HMBI-10001-02,40,Art. 4.3,23.52,50,HMBI,00076,Filtro rotativo- recipiente filtrato- recipiente torta- y lineas asociadas,Traceado
/A10001-300-HMBH-104204-U4BC1B-NC_01,HMBH-104204,A10001,300,HMBH,104204,NC,1,U4BC1B,13,4,17,12,5,174,174,100,90-100%,126,126,100,90-100%,48,48,100,90-100%,0,41,9,TECHNIP,93.33,15,4,93.33,90-100%,14,3,0,15,4,100,NOT APPLY,NULL,NULL,Ready for Dossier,10,2025,HMBI-10001-03,100,NULL,15,100,HMBI,00074,Evaporador de pelicula fina- condensador- pesados- y lineas asociadas,Traceado
/A10001-32-AP-100011-U4AC2A-CCTN_01,AP-100011,A10001,32,AP,100011,CCTN,1,U4AC2A,23,5,27,23,4,33.75,28.75,85.19,NULL,28.75,28.75,100,90-100%,5,NULL,0,Not Finished,5,44,Not Finished,TECHNIP,0,17,8,0,NULL,0,0,0,0,0,0,NOT APPLY,NULL,NULL,NULL,5,1007,AP-00000-01,40,Art. 4.3,15,50,AP,00009,Agua potable (colector),Traceado
/A10001-32-AP-100021-U4AC2A-CCTN_01,AP-100021,A10001,32,AP,100021,CCTN,1,U4AC2A,15,3,15,14,1,18.75,17.5,93.33,90-100%,17.5,16.25,92.86,90-100%,1.25,1.25,100,90-100%,1.25,42,42,TECHNIP,0,1,1,0,NULL,0,0,0,0,0,0,NOT APPLY,NULL,NULL,NULL,6,1007,AP-00000-01,67.14,Art. 4.3,15,96.43,AP,00009,Agua potable (colector),Traceado
/A10001-32-AP-100031-U4AC2A-CCTN_01,AP-100031,A10001,32,AP,100031,CCTN,1,U4AC2A,29,9,33,27,6,41.25,37.5,90.91,90-100%,33.75,33.75,100,90-100%,7.5,3.75,50,Not Finished,3.75,11,Not Finished,TECHNIP,0,11,9,0,NULL,0,0,0,0,0,0,NOT APPLY,NULL,NULL,NULL,5,1007,AP-00000-01,55,Art. 4.3,15,75,AP,00009,Agua potable (colector),Traceado
/A10001-32-AP-100041-U4AC2A-CCTN_01,AP-100041,A10001,32,AP,100041,CCTN,1,U4AC2A,10,2,10,10,0,12.5,12.5,100,90-100%,12.5,12.5,100,90-100%,0,NULL,NULL,NOT REQUIRED,0,43,NOT REQUIRED,NOT APPLY,NULL,0,0,NULL,NULL,0,0,0,0,0,0,NOT APPLY,NULL,NULL,NULL,7,1007,AP-00000-01,100,Art. 4.3,15,100,AP,00009,Agua potable (colector),Traceado
/A10001-32-AP-100051-U4AC2A-CCTN_01,AP-100051,A10001,32,AP,100051,CCTN,1,U4AC2A,8,2,9,8,1,11.25,10,88.89,NULL,10,10,100,90-100%,1.25,NULL,0,Not Finished,1.25,44,Not Finished,NOT APPLY,NULL,0,0,NULL,NULL,0,0,0,0,0,0,NOT APPLY,NULL,NULL,NULL,5,1007,AP-00000-01,50,Art. 4.3,15,50,AP,00009,Agua potable (colector),Traceado
/A10001-32-AP-100061-U4AC2A-CCTN_01,AP-100061,A10001,32,AP,100061,CCTN,1,U4AC2A,0,0,9,0,9,11.25,10,88.89,NULL,NULL,NULL,NULL,NULL,11.25,10,88.89,Not Finished,1.25,Not Finished,Not Finished,NOT APPLY,NULL,0,0,NULL,NULL,0,0,0,0,0,0,NOT APPLY,NULL,NULL,NULL,4,1007,AP-00000-01,0,Art. 4.3,15,0,AP,00009,Agua potable (colector),Traceado
/A10001-32-AP-100071-U4AC2A-CCTN_01,AP-100071,A10001,32,AP,100071,CCTN,1,U4AC2A,0,0,9,0,9,11.25,0,0,NULL,NULL,NULL,NULL,NULL,11.25,NULL,0,Not Finished,11.25,Not Finished,Not Finished,NOT APPLY,NULL,0,0,NULL,NULL,0,0,0,0,0,0,NOT APPLY,NULL,NULL,NULL,4,1007,AP-00000-01,0,Art. 4.3,15,0,AP,00009,Agua potable (colector),Traceado
/A10001-32-AP-100081-U4AC2A-CCTN_01,AP-100081,A10001,32,AP,100081,CCTN,1,U4AC2A,0,0,9,0,9,11.25,6.25,55.56,NULL,NULL,NULL,NULL,NULL,11.25,6.25,55.56,Not Finished,5,Not Finished,Not Finished,NOT APPLY,NULL,0,0,NULL,NULL,0,0,0,0,0,0,NOT APPLY,NULL,NULL,NULL,4,1007,AP-00000-01,0,Art. 4.3,15,0,AP,00009,Agua potable (colector),Traceado
/A10001-32-AP-100091-U4AC2A-CCTN_01,AP-100091,A10001,32,AP,100091,CCTN,1,U4AC2A,0,0,5,0,5,6.25,5,80,NULL,NULL,NULL,NULL,NULL,6.25,5,80,Not Finished,1.25,Not Finished,Not Finished,NOT APPLY,NULL,0,0,NULL,NULL,0,0,0,0,0,0,NOT APPLY,NULL,NULL,NULL,4,1007,AP-00000-01,0,Art. 4.3,15,0,AP,00009,Agua potable (colector),Traceado
/A10001-32-AP-933298-U4AC2A-CCTN_01,AP-933298,A10001,32,AP,933298,CCTN,1,U4AC2A,22,3,22,19,3,35.75,31.75,88.81,NULL,30.5,28.5,93.44,90-100%,5.25,3.25,61.9,Not Finished,4,43,Not Finished,TECHNIP,45,20,6,45,NULL,9,1,0,0,0,0,NOT APPLY,NULL,NULL,NULL,4,1007,AP-00000-01,55.95,Art. 4.3,15,77.67,AP,00009,Agua potable (colector),Traceado
/A10001-40-AR-103152-U1BC2A-PP_01,AR-103152,A10001,40,AR,103152,PP,1,U1BC2A,66,8,70,57,13,88.5,87,98.31,90-100%,69,69,100,90-100%,19.5,18,92.31,90-100%,1.5,11,20,TECHNIP,100,12,6,100,90-100%,12,6,0,10,4,83.33,NOT APPLY,NULL,NULL,NULL,5,1016,AR-00000-01,92.69,Art. 4.3,15,96.155,AR,00011,Agua refrigeración (colector),No (PP 20%)
/A10001-40-AR-103153-U1BC2A-PP_01,AR-103153,A10001,40,AR,103153,PP,1,U1BC2A,21,5,25,20,5,36.75,36.75,100,90-100%,29.25,29.25,100,90-100%,7.5,7.5,100,90-100%,0,11,20,TECHNIP,100,9,4,100,90-100%,9,4,0,8,3,88.89,NOT APPLY,NULL,NULL,NULL,7,1016,AR-00000-01,96.67,Art. 4.3,15,100,AR,00011,Agua refrigeración (colector),No (PP 20%)
/A10001-40-AR-10495-U1BC2A-NC_01,AR-10495,A10001,40,AR,10495,NC,1,U1BC2A,24,4,27,22,5,35.75,35.75,100,90-100%,28.5,28.5,100,90-100%,7.25,7.25,100,90-100%,0,49,20,NOT APPLY,NULL,0,0,NULL,NULL,0,0,0,0,0,0,NOT APPLY,NULL,NULL,NULL,7,1012,CIPA-10001-02,100,Art. 4.3,15,100,CIPA,00048,Paquete Z-1049,No
/A10001-40-AR-10496-U1BC2A-NC_01,AR-10496,A10001,40,AR,10496,NC,1,U1BC2A,31,4,34,26,8,40.75,39.25,96.32,90-100%,29,29,100,90-100%,11.75,10.25,87.23,Not Finished,1.5,49,Not Finished,TECHNIP,100,3,2,100,90-100%,3,2,0,0,0,0,NOT APPLY,NULL,NULL,NULL,5,1012,AR-00000-02,66.17,Art. 4.3,15,93.615,AR,00012,"Agua refrigeración 
(subcolectores A10001 alto)",No (PP 28%)
/A10001-40-C6-102208-U1CD2B-CC_01,C6-102208,A10001,40,C6,102208,CC,1,U1CD2B,25,4,28,25,3,33,29.25,88.64,NULL,29.25,29.25,100,90-100%,3.75,NULL,0,Not Finished,3.75,48,Not Finished,TECHNIP,84.38,32,12,84.38,NULL,27,7,5,0,0,0,NOT APPLY,NULL,NULL,NULL,5,1021,C6-10001-03,40,Art. 4.3,23.52,50,C6,00041,Condensados A10001 (2),Si
/A10001-40-CHMB-101103-U4BC1B-CC_01,CHMB-101103,A10001,40,CHMB,101103,CC,1,U4BC1B,72,8,73,70,3,115,83.5,72.61,NULL,111.5,82.5,73.99,NULL,3.5,1,28.57,Not Finished,31.5,Not Finished,Not Finished,TECHNIP,100,16,4,100,90-100%,16,4,0,0,0,0,NOT APPLY,NULL,NULL,NULL,4,23,CHMB-10001-01,38.17,I,15,51.28,CHMB,00043,HMBI crudo A10001 reactor 1,Si
/A10001-40-CHMB-101103-U4BC1B-CC_02,CHMB-101103,A10001,40,CHMB,101103,CC,2,U4BC1B,7,1,8,7,1,8,8,100,90-100%,7,7,100,90-100%,1,1,100,90-100%,0,7,12,NOT APPLY,NULL,0,0,NULL,NULL,0,0,0,0,0,0,NOT APPLY,NULL,NULL,NULL,7,23,CHMB-10001-01,100,I,15,100,CHMB,00043,HMBI crudo A10001 reactor 1,Si
/A10001-40-CHMB-101103-U4BC1B-CC_03,CHMB-101103,A10001,40,CHMB,101103,CC,3,U4BC1B,17,2,18,17,1,22,21,95.45,90-100%,21,21,100,90-100%,1,NULL,0,Not Finished,1,10,Not Finished,NOT APPLY,NULL,0,0,NULL,NULL,0,0,0,0,0,0,NOT APPLY,NULL,NULL,NULL,5,23,CHMB-10001-01,50,I,15,50,CHMB,00043,HMBI crudo A10001 reactor 1,Si
/A10001-40-CHMB-101141-U4BC1B-CC_01,CHMB-101141,A10001,40,CHMB,101141,CC,1,U4BC1B,7,1,7,7,0,9,9,100,90-100%,9,9,100,90-100%,0,NULL,NULL,NOT REQUIRED,0,44,NOT REQUIRED,NOT APPLY,NULL,0,0,NULL,NULL,0,0,0,0,0,0,NOT APPLY,NULL,NULL,NULL,7,23,CHMB-10001-01,100,Art. 4.3,15,100,CHMB,00043,HMBI crudo A10001 reactor 1,Si
/A10001-40-CHMB-101241-U4BC1B-CC_01,CHMB-101241,A10001,40,CHMB,101241,CC,1,U4BC1B,7,1,7,7,0,9,9,100,90-100%,9,9,100,90-100%,0,NULL,NULL,NOT REQUIRED,0,44,NOT REQUIRED,NOT APPLY,NULL,0,0,NULL,NULL,0,0,0,0,0,0,NOT APPLY,NULL,NULL,NULL,7,23,CHMB-10001-02,100,Art. 4.3,15,100,CHMB,00044,HMBI crudo A10001 reactor 2,Si
/A10001-40-CHMB-101243-U4BC1B-CC_01,CHMB-101243,A10001,40,CHMB,101243,CC,1,U4BC1B,76,8,77,71,6,120,105.5,87.92,NULL,107,95,88.79,NULL,13,10.5,80.77,Not Finished,14.5,Not Finished,Not Finished,TECHNIP,92.31,13,4,92.31,90-100%,12,3,0,0,0,0,SPS-129,ENVIADO,NULL,NULL,0,23,CHMB-10001-02,59.75,I,15,84.78,CHMB,00044,HMBI crudo A10001 reactor 2,Si
/A10001-40-CHMB-101243-U4BC1B-CC_02,CHMB-101243,A10001,40,CHMB,101243,CC,2,U4BC1B,7,1,8,7,1,8,7,87.5,NULL,7,7,100,90-100%,1,NULL,0,Not Finished,1,43,Not Finished,NOT APPLY,NULL,0,0,NULL,NULL,0,0,0,0,0,0,NOT APPLY,NULL,NULL,NULL,5,23,CHMB-10001-02,50,I,15,50,CHMB,00044,HMBI crudo A10001 reactor 2,Si
/A10001-40-CHMB-101243-U4BC1B-CC_03,CHMB-101243,A10001,40,CHMB,101243,CC,3,U4BC1B,15,2,16,15,1,20,19,95,90-100%,19,19,100,90-100%,1,NULL,0,Not Finished,1,44,Not Finished,NOT APPLY,NULL,0,0,NULL,NULL,0,0,0,0,0,0,NOT APPLY,NULL,NULL,NULL,5,23,CHMB-10001-02,50,I,15,50,CHMB,00044,HMBI crudo A10001 reactor 2,Si
/A10001-40-CHMB-101321-U4BC1B-CC_01,CHMB-101321,A10001,40,CHMB,101321,CC,1,U4BC1B,57,7,57,54,3,87,87,100,90-100%,82,82,100,90-100%,5,5,100,90-100%,0,46,39,TECHNIP,100,11,4,100,90-100%,11,4,0,0,0,0,SPS-016|SPS-013,ENVIADO|ENVIADO,1|1,NULL,7,5,CHMB-10001-04,70,I,15,100,CHMB,00046,Recipiente HMBI bruto,Si
/A10001-40-CHMB-101321-U4BC1B-CC_02,CHMB-101321,A10001,40,CHMB,101321,CC,2,U4BC1B,13,1,13,13,0,12.25,11,89.8,NULL,12.25,11,89.8,NULL,0,NULL,NULL,NOT REQUIRED,1.25,Not Finished,NOT REQUIRED,TECHNIP,100,3,1,100,90-100%,3,1,0,0,0,0,NOT APPLY,NULL,NULL,NULL,6,5,CHMB-10001-04,0,I,15,89.8,CHMB,00046,Recipiente HMBI bruto,Si
/A10001-40-CHMB-101321-U4BC1B-CC_03,CHMB-101321,A10001,40,CHMB,101321,CC,3,U4BC1B,25,2,25,25,0,28.25,28.25,100,90-100%,28.25,28.25,100,90-100%,0,NULL,NULL,NOT REQUIRED,0,44,NOT REQUIRED,TECHNIP,100,3,1,100,90-100%,3,1,0,0,0,0,NOT APPLY,NULL,NULL,NULL,7,5,CHMB-10001-04,0,I,15,100,CHMB,00046,Recipiente HMBI bruto,Si
/A10001-40-CHMB-101331-U4BC1B-CC_01,CHMB-101331,A10001,40,CHMB,101331,CC,1,U4BC1B,23,3,23,22,1,38.5,38.5,100,90-100%,37.5,37.5,100,90-100%,1,1,100,90-100%,0,39,39,TECHNIP,100,5,2,100,90-100%,5,2,0,0,0,0,SPS-014|SPS-015,ENVIADO|ENVIADO,1,NULL,7,5,CHMB-10001-04,70,I,15,100,CHMB,00046,Recipiente HMBI bruto,Si
/A10001-40-CHMB-101351-U4BC1B-CC_01,CHMB-101351,A10001,40,CHMB,101351,CC,1,U4BC1B,81,12,85,81,4,129,105,81.4,NULL,123,105,85.37,NULL,6,NULL,0,Not Finished,24,Not Finished,Not Finished,TECHNIP,100,23,9,100,90-100%,23,9,0,0,0,0,SPS-059,ENVIADO,NULL,NULL,0,41,CHMB-10001-04,34.15,I,15,42.685,CHMB,00046,Recipiente HMBI bruto,Si
/A10001-40-CHMB-101353-U4BC1B-CC_01,CHMB-101353,A10001,40,CHMB,101353,CC,1,U4BC1B,4,1,5,4,1,6.75,5.25,77.78,NULL,5.25,5.25,100,90-100%,1.5,NULL,0,Not Finished,1.5,44,Not Finished,NOT APPLY,NULL,0,0,NULL,NULL,0,0,0,0,0,0,NOT APPLY,NULL,NULL,NULL,5,41,CHMB-10001-04,50,I,15,50,CHMB,00046,Recipiente HMBI bruto,Si
/A10001-40-CIPA-10191-U4BC1B-NC_01,CIPA-10191,A10001,40,CIPA,10191,NC,1,U4BC1B,22,1,22,22,0,30,30,100,90-100%,30,30,100,90-100%,0,NULL,NULL,NOT REQUIRED,0,8,NOT REQUIRED,NOT APPLY,NULL,0,0,NULL,NULL,0,0,0,0,0,0,NOT APPLY,NULL,NULL,NULL,7,38,INC-10001-03,100,Art. 4.3,15,100,INC,00087,Paquete Z-1019 y lineas asociadas,No
/A10001-40-CIPA-10193-U4BC1B-NC_01,CIPA-10193,A10001,40,CIPA,10193,NC,1,U4BC1B,38,5,43,37,6,61.5,50,81.3,NULL,52.5,44,83.81,NULL,9,6,66.67,Not Finished,11.5,Not Finished,Not Finished,TECHNIP,100,10,7,100,90-100%,10,7,0,0,0,0,NOT APPLY,NULL,NULL,NULL,4,38,INC-10001-03,53.53,Art. 4.3,15,75.24,INC,00087,Paquete Z-1019 y lineas asociadas,No
/A10001-40-CIPA-108051-U4BC1B-CCTN_01,CIPA-108051,A10001,40,CIPA,108051,CCTN,1,U4BC1B,48,5,48,40,8,65,63.5,97.69,90-100%,53.5,53.5,100,90-100%,11.5,10,86.96,Not Finished,1.5,44,Not Finished,TECHNIP,100,6,2,100,90-100%,6,2,0,0,0,0,NOT APPLY,NULL,NULL,NULL,5,40,INC-10001-02,66.09,Art. 4.3,15,93.48,INC,00086,Recipiente recogida efluentes gaseosos y lineas asociadas,Traceado
/A10001-40-CIPA-108058-U4BC1B-PP_01,CIPA-108058,A10001,40,CIPA,108058,PP,1,U4BC1B,22,6,26,22,4,41,36.5,89.02,NULL,35,35,100,90-100%,6,1.5,25,Not Finished,4.5,45,Not Finished,TECHNIP,100,11,5,100,90-100%,11,5,0,0,0,0,NOT APPLY,NULL,NULL,NULL,5,40,INC-10001-02,47.5,Art. 4.3,15,62.5,INC,00086,Recipiente recogida efluentes gaseosos y lineas asociadas,Traceado
/A10001-40-CIPA-108121-U4BC1B-PP_01,CIPA-108121,A10001,40,CIPA,108121,PP,1,U4BC1B,77,10,84,60,24,115.5,115.5,100,90-100%,81.5,81.5,100,90-100%,34,34,100,90-100%,0,48,48,TECHNIP,100,18,12,100,90-100%,18,12,0,8,6,44.44,SPS-069|SPS-044,ENVIADO|ENVIADO,1,NULL,7,12,INC-10001-02,83.33,Art. 4.3,15,100,INC,00086,Recipiente recogida efluentes gaseosos y lineas asociadas,Traceado
/A10001-40-CIPA-108122-U4BC1B-NC_01,CIPA-108122,A10001,40,CIPA,108122,NC,1,U4BC1B,17,4,19,17,2,28.5,25.5,89.47,NULL,25.5,25.5,100,90-100%,3,NULL,0,Not Finished,3,7,Not Finished,TECHNIP,100,11,6,100,90-100%,11,6,0,0,0,0,NOT APPLY,NULL,NULL,NULL,5,68,INC-10001-02,40,Art. 4.3,15,50,INC,00086,Recipiente recogida efluentes gaseosos y lineas asociadas,Traceado
/A10001-40-CIPA-108131-U4BC1B-PP_01,CIPA-108131,A10001,40,CIPA,108131,PP,1,U4BC1B,27,2,27,18,9,34.5,33.5,97.1,90-100%,21.5,21.5,100,90-100%,13,12,92.31,90-100%,1,41,48,TECHNIP,100,4,2,100,90-100%,4,2,0,2,1,50,SPS-043|SPS-071,ENVIADO|ENVIADO,1,NULL,5,12,INC-10001-02,82.69,I,15,96.155,INC,00086,Recipiente recogida efluentes gaseosos y lineas asociadas,Traceado
/A10001-40-EFL-103604-U4BC1B-CCTN_01,EFL-103604,A10001,40,EFL,103604,CCTN,1,U4BC1B,34,3,38,28,10,42.5,42.5,100,90-100%,29.5,29.5,100,90-100%,13,13,100,90-100%,0,7,19,TECHNIP,100,8,2,100,90-100%,8,2,0,8,2,100,NOT APPLY,NULL,NULL,Ready for Dossier,10,9,EFL-10001-02,100,I,15,100,EFL,00059,Sistema de drenajes EFL-2,PP
/A10001-40-EFL-103605-U4BC1B-PP_01,EFL-103605,A10001,40,EFL,103605,PP,1,U4BC1B,18,3,19,12,7,23,21.5,93.48,90-100%,12.5,12.5,100,90-100%,10.5,9,85.71,Not Finished,1.5,44,Not Finished,TECHNIP,100,10,3,100,90-100%,10,3,0,8,2,80,NOT APPLY,NULL,NULL,NULL,5,9,EFL-10001-02,89.71,I,15,92.855,EFL,00059,Sistema de drenajes EFL-2,PP
/A10001-40-EFL-104102-U4BC1B-PP_01,EFL-104102,A10001,40,EFL,104102,PP,1,U4BC1B,23,4,26,23,3,39,37.5,96.15,90-100%,34.5,34.5,100,90-100%,4.5,3,66.67,Not Finished,1.5,44,Not Finished,TECHNIP,100,16,6,100,90-100%,16,6,0,8,3,50,NOT APPLY,NULL,NULL,NULL,5,49,EFL-10001-02,75,I,15,83.335,EFL,00059,Sistema de drenajes EFL-2,PP
/A10001-40-EFL-108602-U4BC1B-NC_01,EFL-108602,A10001,40,EFL,108602,NC,1,U4BC1B,19,3,19,16,3,29,26,89.66,NULL,26,23,88.46,NULL,3,3,100,90-100%,3,Not Finished,41,TECHNIP,100,5,3,100,90-100%,5,3,0,3,1,60,NOT APPLY,NULL,NULL,NULL,6,26,EFL-10001-04,83.38,Art. 4.3,15,94.23,EFL,00062,Recipiente enterrado efluentes HMBI y lineas asociadas,No
/A10001-40-EFL-108628-U4BC1B-NC_01,EFL-108628,A10001,40,EFL,108628,NC,1,U4BC1B,18,2,19,17,2,27,20.5,75.93,NULL,24,20.5,85.42,NULL,3,NULL,0,Not Finished,6.5,Not Finished,Not Finished,TECHNIP,100,2,2,100,90-100%,2,2,0,0,0,0,NOT APPLY,NULL,NULL,NULL,4,26,EFL-10001-04,34.17,I,15,42.71,EFL,00062,Recipiente enterrado efluentes HMBI y lineas asociadas,No
/A10001-40-EFL-108633-U4BC1B-NC_01,EFL-108633,A10001,40,EFL,108633,NC,1,U4BC1B,34,4,34,34,0,43.5,43.5,100,90-100%,43.5,43.5,100,90-100%,0,NULL,NULL,NOT REQUIRED,0,9,NOT REQUIRED,TECHNIP,100,3,2,100,90-100%,3,2,0,0,0,0,NOT APPLY,NULL,NULL,NULL,7,26,EFL-10001-04,0,I,15,100,EFL,00062,Recipiente enterrado efluentes HMBI y lineas asociadas,No
/A10001-40-EFL-108727-U4BC1B-NC_01,EFL-108727,A10001,40,EFL,108727,NC,1,U4BC1B,16,3,17,13,4,22.5,22.5,100,90-100%,16.5,16.5,100,90-100%,6,6,100,90-100%,0,44,19,TECHNIP,100,8,4,100,90-100%,8,4,0,0,0,0,NOT APPLY,NULL,NULL,NULL,7,2001|26,EFL-10001-05,70,Art. 4.3,15,100,EFL,00057,Recipiente enterrado efluentes HMBI y lineas asociadas 2,No
/A10001-40-HMBC-102221-U4BC1B-CC_01,HMBC-102221,A10001,40,HMBC,102221,CC,1,U4BC1B,116,11,116,106,10,153.75,131.25,85.37,NULL,143.25,121.75,84.99,NULL,10.5,9.5,90.48,90-100%,22.5,Not Finished,47,TECHNIP,100,21,8,100,90-100%,21,8,0,3,1,14.29,SPS-085|SPS-041,ENVIADO|ENVIADO,1|1,NULL,4,11,HMBC-10001-01,65.43,Art. 4.3,15,87.735,HMBC,00072,Evaporador IPA,Si
/A10001-40-HMBC-102221-U4BC1B-CC_02,HMBC-102221,A10001,40,HMBC,102221,CC,2,U4BC1B,9,1,9,9,0,8.25,6.25,75.76,NULL,8.25,6.25,75.76,NULL,0,NULL,NULL,NOT REQUIRED,2,Not Finished,NOT REQUIRED,NOT APPLY,NULL,0,0,NULL,NULL,0,0,0,0,0,0,NOT APPLY,NULL,NULL,NULL,6,11,HMBC-10001-01,75.76,Art. 4.3,15,75.76,HMBC,00072,Evaporador IPA,Si
/A10001-40-HMBC-102221-U4BC1B-CC_03,HMBC-102221,A10001,40,HMBC,102221,CC,3,U4BC1B,29,2,29,24,5,37.25,37.25,100,90-100%,28.25,28.25,100,90-100%,9,9,100,90-100%,0,43,46,TECHNIP,100,1,1,100,90-100%,1,1,0,0,0,0,NOT APPLY,NULL,NULL,NULL,7,11,HMBC-10001-01,70,Art. 4.3,15,100,HMBC,00072,Evaporador IPA,Si
/A10001-40-HMBC-102222-U4BC1B-CC_01,HMBC-102222,A10001,40,HMBC,102222,CC,1,U4BC1B,22,5,22,20,2,33,28.5,86.36,NULL,30,25.5,85,NULL,3,3,100,90-100%,4.5,Not Finished,43,TECHNIP,100,9,4,100,90-100%,9,4,0,0,0,0,NOT APPLY,NULL,NULL,NULL,6,11,HMBC-10001-01,64,Art. 4.3,15,92.5,HMBC,00072,Evaporador IPA,Si
/A10001-40-HMBC-102231-U4BC1B-CC_01,HMBC-102231,A10001,40,HMBC,102231,CC,1,U4BC1B,30,3,30,24,6,37,23.5,63.51,NULL,29.5,16,54.24,NULL,7.5,7.5,100,90-100%,13.5,Not Finished,49,TECHNIP,100,4,2,100,90-100%,4,2,0,1,0,25,SPS-042,ENVIADO,1,NULL,6,11,HMBC-10001-01,59.2,Art. 4.3,15,77.12,HMBC,00072,Evaporador IPA,Si
/A10001-40-HMBH-104101-U4BC1B-CCTN_01,HMBH-104101,A10001,40,HMBH,104101,CCTN,1,U4BC1B,25,3,25,20,5,40.5,39,96.3,90-100%,33,33,100,90-100%,7.5,6,80,Not Finished,1.5,44,Not Finished,TECHNIP,100,3,1,100,90-100%,3,1,0,0,0,0,NOT APPLY,NULL,NULL,NULL,5,49,HMBI-10001-03,64,Art. 4.3,15,90,HMBI,00074,Evaporador de pelicula fina- condensador- pesados- y lineas asociadas,Traceado
/A10001-40-HMBH-104222-U4BC1B-CC_01,HMBH-104222,A10001,40,HMBH,104222,CC,1,U4BC1B,10,1,10,10,0,15,12,80,NULL,15,12,80,NULL,0,NULL,NULL,NOT REQUIRED,3,Not Finished,NOT REQUIRED,NOT APPLY,NULL,0,0,NULL,NULL,0,0,0,0,0,0,NOT APPLY,NULL,NULL,NULL,6,3,HMBI-10001-03,80,Art. 4.3,15,80,HMBI,00074,Evaporador de pelicula fina- condensador- pesados- y lineas asociadas,Traceado
/A10001-40-HMBH-104242-U4BC1B-CCTN_01,HMBH-104242,A10001,40,HMBH,104242,CCTN,1,U4BC1B,50,10,56,49,7,80,69.5,86.88,NULL,69.5,69.5,100,90-100%,10.5,NULL,0,Not Finished,10.5,7,Not Finished,TECHNIP,100,28,9,100,90-100%,28,9,0,0,0,0,NOT APPLY,NULL,NULL,NULL,5,1001|4,HMBI-10001-03,40,Art. 4.3,15,50,HMBI,00074,Evaporador de pelicula fina- condensador- pesados- y lineas asociadas,Traceado
/A10001-40-HMBH-104262-U4BC1B-CC_01,HMBH-104262,A10001,40,HMBH,104262,CC,1,U4BC1B,46,6,52,51,1,72,69.5,96.53,90-100%,70.5,69.5,98.58,90-100%,1.5,NULL,0,Not Finished,2.5,38,Not Finished,TECHNIP,100,15,7,100,90-100%,15,7,0,0,0,0,NOT APPLY,NULL,NULL,NULL,4,152|4,HMBI-10001-03,39.43,Art. 4.3,15,49.29,HMBI,00074,Evaporador de pelicula fina- condensador- pesados- y lineas asociadas,Traceado
/A10001-40-HMBI-103721-U4BC1B-CC_01,HMBI-103721,A10001,40,HMBI,103721,CC,1,U4BC1B,176,27,181,162,19,256.5,237.5,92.59,90-100%,229.5,226,98.47,90-100%,27,11.5,42.59,Not Finished,19,44,Not Finished,TECHNIP,100,52,21,100,90-100%,52,21,0,4,1,7.69,SPS-001|SPS-038,ENVIADO|ENVIADO,1|1,NULL,4,1001,HMBI-10001-02,54.47,Art. 4.3,15,70.53,HMBI,00076,Filtro rotativo- recipiente filtrato- recipiente torta- y lineas asociadas,Traceado
/A10001-40-HMBI-103721-U4BC1B-CC_02,HMBI-103721,A10001,40,HMBI,103721,CC,2,U4BC1B,7,1,9,7,2,8.25,7,84.85,NULL,7,7,100,90-100%,1.25,NULL,0,Not Finished,1.25,8,Not Finished,NOT APPLY,NULL,0,0,NULL,NULL,0,0,0,0,0,0,NOT APPLY,NULL,NULL,NULL,5,1001,HMBI-10001-02,50,Art. 4.3,15,50,HMBI,00076,Filtro rotativo- recipiente filtrato- recipiente torta- y lineas asociadas,Traceado
/A10001-40-HMBI-103721-U4BC1B-CC_03,HMBI-103721,A10001,40,HMBI,103721,CC,3,U4BC1B,20,2,21,20,1,25,17,68,NULL,24,16,66.67,NULL,1,1,100,90-100%,8,Not Finished,3,TECHNIP,100,2,1,100,90-100%,2,1,0,0,0,0,NOT APPLY,NULL,NULL,NULL,6,1001,HMBI-10001-02,56.67,Art. 4.3,15,83.335,HMBI,00076,Filtro rotativo- recipiente filtrato- recipiente torta- y lineas asociadas,Traceado
/A10001-40-HMBI-103731-U4BC1B-CC_01,HMBI-103731,A10001,40,HMBI,103731,CC,1,U4BC1B,28,3,28,23,5,40.5,37,91.36,90-100%,31.5,28,88.89,NULL,9,9,100,90-100%,3.5,Not Finished,41,TECHNIP,100,6,2,100,90-100%,6,2,0,1,0,16.67,SPS-037|SPS-063,ENVIADO|ENVIADO,1,NULL,6,1001,HMBI-10001-02,70.56,Art. 4.3,15,94.445,HMBI,00076,Filtro rotativo- recipiente filtrato- recipiente torta- y lineas asociadas,Traceado
/A10001-40-HMBI-106122-U4BC1B-CCTN_01,HMBI-106122,A10001,40,HMBI,106122,CCTN,1,U4BC1B,12,2,14,10,4,17,15.5,91.18,90-100%,11,11,100,90-100%,6,4.5,75,Not Finished,1.5,44,Not Finished,TECHNIP,100,5,2,100,90-100%,5,2,0,0,0,0,NOT APPLY,NULL,NULL,NULL,5,1001,HMBI-10001-02,62.5,Art. 4.3,15,87.5,HMBI,00076,Filtro rotativo- recipiente filtrato- recipiente torta- y lineas asociadas,Traceado
/A10001-40-HMBN-103121-U4BC1B-CC_01,HMBN-103121,A10001,40,HMBN,103121,CC,1,U4BC1B,180,18,180,163,17,244.5,221,90.39,90-100%,221,197.5,89.37,NULL,23.5,23.5,100,90-100%,23.5,Not Finished,45,TECHNIP,95.35,43,23,95.35,90-100%,41,21,0,36,17,83.72,SPS-034|SPS-035,ENVIADO|ENVIADO,1|1,NULL,6,8,HMBN-10001-01,90.86,Art. 4.3,15,94.685,HMBN,00083,Reactor neutralización,Traceado (parcial)
/A10001-40-HMBN-103121-U4BC1B-CC_02,HMBN-103121,A10001,40,HMBN,103121,CC,2,U4BC1B,7,1,7,7,0,7,5,71.43,NULL,7,5,71.43,NULL,0,NULL,NULL,NOT REQUIRED,2,Not Finished,NOT REQUIRED,NOT APPLY,NULL,0,0,NULL,NULL,0,0,0,0,0,0,NOT APPLY,NULL,NULL,NULL,6,8,HMBN-10001-01,71.43,Art. 4.3,15,71.43,HMBN,00083,Reactor neutralización,Traceado (parcial)
/A10001-40-HMBN-103121-U4BC1B-CC_03,HMBN-103121,A10001,40,HMBN,103121,CC,3,U4BC1B,15,2,15,15,0,27,26,96.3,90-100%,27,26,96.3,90-100%,0,NULL,NULL,NOT REQUIRED,1,44,NOT REQUIRED,NOT APPLY,NULL,0,0,NULL,NULL,0,0,0,0,0,0,NOT APPLY,NULL,NULL,NULL,6,8,HMBN-10001-01,96.3,Art. 4.3,15,96.3,HMBN,00083,Reactor neutralización,Traceado (parcial)
/A10001-40-HMBN-103131-U4BC1B-CC_01,HMBN-103131,A10001,40,HMBN,103131,CC,1,U4BC1B,22,1,22,21,1,36,36,100,90-100%,35,35,100,90-100%,1,1,100,90-100%,0,44,42,TECHNIP,100,5,2,100,90-100%,5,2,0,5,2,100,SPS-032|SPS-033,ENVIADO|ENVIADO,1|1,Ready for Dossier,10,8,HMBN-10001-01,100,Art. 4.3,15,100,HMBN,00083,Reactor neutralización,Traceado (parcial)
/A10001-40-IPAV-101108-U4BC1B-CC_01,IPAV-101108,A10001,40,IPAV,101108,CC,1,U4BC1B,21,3,21,21,0,30.5,30.5,100,90-100%,30.5,30.5,100,90-100%,0,NULL,NULL,NOT REQUIRED,0,43,NOT REQUIRED,TECHNIP,100,8,2,100,90-100%,8,2,0,0,0,0,NOT APPLY,NULL,NULL,NULL,7,17,CHMB-10001-01,0,I,15,100,CHMB,00043,HMBI crudo A10001 reactor 1,Si
/A10001-40-IPAV-101208-U4BC1B-CC_01,IPAV-101208,A10001,40,IPAV,101208,CC,1,U4BC1B,21,3,22,21,1,32,30.5,95.31,90-100%,30.5,30.5,100,90-100%,1.5,NULL,0,Not Finished,1.5,43,Not Finished,TECHNIP,100,8,2,100,90-100%,8,2,0,0,0,0,NOT APPLY,NULL,NULL,NULL,5,18,CHMB-10001-02,40,I,15,50,CHMB,00044,HMBI crudo A10001 reactor 2,Si
/A10001-40-NI-103514-U1BD2A-NC_01,NI-103514,A10001,40,NI,103514,NC,1,U1BD2A,16,3,18,16,2,24,21,87.5,NULL,21,21,100,90-100%,3,NULL,0,Not Finished,3,51,Not Finished,TECHNIP,100,8,5,100,90-100%,8,5,0,0,0,0,NOT APPLY,NULL,NULL,NULL,5,2026,HMBN-10001-02,40,NULL,23.52,50,HMBN,00084,Recipiente evaporación agua,Si
/A10001-40-SSAM-103601-U4BC1B-PP_01,SSAM-103601,A10001,40,SSAM,103601,PP,1,U4BC1B,45,9,45,39,6,65.5,59.5,90.84,90-100%,56.5,52,92.04,90-100%,9,7.5,83.33,Not Finished,6,42,Not Finished,TECHNIP,100,18,9,100,90-100%,18,9,0,14,7,77.78,SPS-023|SPS-027,ENVIADO|ENVIADO,1|1,NULL,4,44,HMBI-10001-02,85.15,Art. 4.3,15,87.685,HMBI,00076,Filtro rotativo- recipiente filtrato- recipiente torta- y lineas asociadas,Traceado
/A10001-40-SSAM-103602-U4BC1B-PP_01,SSAM-103602,A10001,40,SSAM,103602,PP,1,U4BC1B,19,3,19,19,0,37,37,100,90-100%,37,37,100,90-100%,0,NULL,NULL,NOT REQUIRED,0,40,NOT REQUIRED,TECHNIP,100,4,2,100,90-100%,4,2,0,4,2,100,SPS-022|SPS-024,ENVIADO|ENVIADO,1|1,Ready for Dossier,10,44,HMBI-10001-02,0,Art. 4.3,15,100,HMBI,00076,Filtro rotativo- recipiente filtrato- recipiente torta- y lineas asociadas,Traceado
/A10001-40-SSAM-103621-U4BC1B-PP_01,SSAM-103621,A10001,40,SSAM,103621,PP,1,U4BC1B,69,14,76,60,16,111.5,103.5,92.83,90-100%,87.5,82.5,94.29,90-100%,24,21,87.5,Not Finished,8,43,Not Finished,TECHNIP,100,21,12,100,90-100%,21,12,0,16,9,76.19,SPS-023|SPS-027|SPS-066,ENVIADO|ENVIADO|ENVIADO,1|1,NULL,4,103|44,HMBI-10001-02,86.82,Art. 4.3,15,90.895,HMBI,00076,Filtro rotativo- recipiente filtrato- recipiente torta- y lineas asociadas,Traceado
/A10001-40-SSAM-103631-U4BC1B-PP_01,SSAM-103631,A10001,40,SSAM,103631,PP,1,U4BC1B,24,2,24,23,1,40,40,100,90-100%,38,38,100,90-100%,2,2,100,90-100%,0,40,41,TECHNIP,100,5,2,100,90-100%,5,2,0,5,2,100,SPS-022|SPS-024,ENVIADO|ENVIADO,1|1,Ready for Dossier,10,44,HMBI-10001-02,100,Art. 4.3,15,100,HMBI,00076,Filtro rotativo- recipiente filtrato- recipiente torta- y lineas asociadas,Traceado
/A10001-40-SSAM-103901-U4BC1B-PP_01,SSAM-103901,A10001,40,SSAM,103901,PP,1,U4BC1B,38,4,38,36,2,47,44.5,94.68,90-100%,44.5,44.5,100,90-100%,2.5,NULL,0,Not Finished,2.5,50,Not Finished,NOT APPLY,NULL,0,0,NULL,NULL,0,0,0,0,0,0,NOT APPLY,NULL,NULL,NULL,5,43,HMBI-10001-02,50,I,15,50,HMBI,00076,Filtro rotativo- recipiente filtrato- recipiente torta- y lineas asociadas,Traceado
/A10001-40-SSAM-103904-U4BC1B-PP_01,SSAM-103904,A10001,40,SSAM,103904,PP,1,U4BC1B,12,3,12,11,1,18,12,66.67,NULL,16.5,12,72.73,NULL,1.5,NULL,0,Not Finished,6,Not Finished,Not Finished,TECHNIP,100,4,1,100,90-100%,4,1,0,0,0,0,NOT APPLY,NULL,NULL,NULL,4,14,HMBI-10001-02,29.09,I,15,36.365,HMBI,00076,Filtro rotativo- recipiente filtrato- recipiente torta- y lineas asociadas,Traceado
/A10001-40-V6-101355-U1CD2B-CC_01,V6-101355,A10001,40,V6,101355,CC,1,U1CD2B,96,16,96,89,7,113.25,105,92.72,90-100%,105,105,100,90-100%,8.25,NULL,0,Not Finished,8.25,11,Not Finished,TECHNIP,97.5,40,16,97.5,90-100%,39,15,1,0,0,0,SPS-059,ENVIADO,NULL,NULL,1,1024|159,CHMB-10001-04,40,Art. 4.3,23.52,50,CHMB,00046,Recipiente HMBI bruto,Si
/A10001-40-V6-102207-U1CD2B-CC_01,V6-102207,A10001,40,V6,102207,CC,1,U1CD2B,39,4,39,38,1,46.75,45.25,96.79,90-100%,45.25,45.25,100,90-100%,1.5,NULL,0,Not Finished,1.5,50,Not Finished,TECHNIP,100,10,3,100,90-100%,10,3,0,0,0,0,NOT APPLY,NULL,NULL,NULL,5,1021,HMBC-10001-01,40,Art. 4.3,23.52,50,HMBC,00072,Evaporador IPA,Si
/A10001-40-V6-103507-U1CD2B-CC_01,V6-103507,A10001,40,V6,103507,CC,1,U1CD2B,42,5,43,41,2,55.5,53.25,95.95,90-100%,53.25,53.25,100,90-100%,2.25,NULL,0,Not Finished,2.25,51,Not Finished,TECHNIP,100,11,5,100,90-100%,11,5,0,0,0,0,NOT APPLY,NULL,NULL,NULL,5,1023,HMBN-10001-02,40,Art. 4.3,23.52,50,HMBN,00084,Recipiente evaporación agua,Si
/A10001-40-VE1-104503-U4BC1B-NC_01,VE1-104503,A10001,40,VE1,104503,NC,1,U4BC1B,35,7,35,32,3,51.5,46.5,90.29,90-100%,47,43.5,92.55,90-100%,4.5,3,66.67,Not Finished,5,44,Not Finished,TECHNIP,100,5,3,100,90-100%,5,3,0,0,0,0,NOT APPLY,NULL,NULL,NULL,4,36,HMBI-10001-01,57.02,I,15,79.61,HMBI,00078,Sistema de acumulacion temporal de HMBI y lineas asociadas,No
/A10001-50-AGL-10393-U1BC2A-CF_01,AGL-10393,A10001,50,AGL,10393,CF,1,U1BC2A,12,2,12,10,2,21,17,80.95,NULL,17,17,100,90-100%,4,NULL,0,Not Finished,4,8,Not Finished,TECHNIP,100,3,2,100,90-100%,3,2,0,0,0,0,NOT APPLY,NULL,NULL,NULL,5,7,AGL-10005-01,40,Art. 4.3,15,50,AGL,00008,Agua glicolada y lineas asociadas,Si
/A10001-50-AGL-10394-U1BC2A-CF_01,AGL-10394,A10001,50,AGL,10394,CF,1,U1BC2A,11,1,11,10,1,19,19,100,90-100%,17,17,100,90-100%,2,2,100,90-100%,0,1,14,TECHNIP,100,6,2,100,90-100%,6,2,0,0,0,0,NOT APPLY,NULL,NULL,NULL,7,7,AGL-10005-01,70,Art. 4.3,15,100,AGL,00008,Agua glicolada y lineas asociadas,Si
/A10001-50-AGL-108206-U1BC2A-NC_01,AGL-108206,A10001,50,AGL,108206,NC,1,U1BC2A,10,3,13,9,4,24,18,75,NULL,18,18,100,90-100%,6,NULL,0,Not Finished,6,2,Not Finished,TECHNIP,100,4,2,100,90-100%,4,2,0,0,0,0,NOT APPLY,NULL,NULL,NULL,5,2002,AGL-10005-01,40,Art. 4.3,15,50,AGL,00008,Agua glicolada y lineas asociadas,Si
/A10001-50-AP-933232-U4AC2A-CCTN_01,AP-933232,A10001,50,AP,933232,CCTN,1,U4AC2A,20,4,20,16,4,36.25,0,0,NULL,28.25,NULL,0,NULL,8,NULL,0,Not Finished,36.25,Not Finished,Not Finished,TECHNIP,91.67,12,7,91.67,90-100%,11,6,0,0,0,0,NOT APPLY,NULL,NULL,NULL,4,ANULADA,AP-00000-01,0,Art. 4.3,15,0,AP,00009,Agua potable (colector),Traceado
/A10001-50-AP-933235-U4AC2A-CCTN_01,AP-933235,A10001,50,AP,933235,CCTN,1,U4AC2A,32,7,32,23,9,53.5,47.25,88.32,NULL,39.25,33,84.08,NULL,14.25,14.25,100,90-100%,6.25,Not Finished,44,TECHNIP,100,10,4,100,90-100%,10,4,0,0,0,0,NOT APPLY,NULL,NULL,NULL,6,1007,AP-00000-01,63.63,Art. 4.3,15,92.04,AP,00009,Agua potable (colector),Traceado
/A10001-50-AR-10295-U1BC2A-NC_01,AR-10295,A10001,50,AR,10295,NC,1,U1BC2A,22,2,23,15,8,34,33,97.06,90-100%,19,19,100,90-100%,15,14,93.33,90-100%,1,8,20,TECHNIP,100,3,2,100,90-100%,3,2,0,2,1,66.67,NOT APPLY,NULL,NULL,NULL,5,1012,AR-00000-02,88,Art. 4.3,15,96.665,AR,00012,"Agua refrigeración 
(subcolectores A10001 alto)",No (PP 28%)
/A10001-50-AR-10296-U1BC2A-NC_01,AR-10296,A10001,50,AR,10296,NC,1,U1BC2A,23,3,23,18,5,40,40,100,90-100%,30,30,100,90-100%,10,10,100,90-100%,0,1,20,TECHNIP,100,2,2,100,90-100%,2,2,0,1,1,50,NOT APPLY,NULL,NULL,NULL,7,1012,AR-00000-02,85,Art. 4.3,15,100,AR,00012,"Agua refrigeración 
(subcolectores A10001 alto)",No (PP 28%)
/A10001-50-AR-10328-U1BC2A-NC_01,AR-10328,A10001,50,AR,10328,NC,1,U1BC2A,23,4,23,18,5,39,37,94.87,90-100%,29,29,100,90-100%,10,8,80,Not Finished,2,4,Not Finished,TECHNIP,100,4,3,100,90-100%,4,3,0,2,1,50,NOT APPLY,NULL,NULL,NULL,5,1012,AR-PR11-01,79,Art. 4.3,15,90,AR,00017,Agua refrigeración PR11,No (PP 38%)
/A10001-50-AR-10329-U1BC2A-PP_01,AR-10329,A10001,50,AR,10329,PP,1,U1BC2A,22,3,22,18,4,32.5,32.5,100,90-100%,25.5,25.5,100,90-100%,7,7,100,90-100%,0,8,20,TECHNIP,100,8,4,100,90-100%,8,4,0,0,0,0,NOT APPLY,NULL,NULL,NULL,7,1012,AR-00000-02,70,Art. 4.3,15,100,AR,00012,"Agua refrigeración 
(subcolectores A10001 alto)",No (PP 28%)
/A10001-50-ARC-910063-U1BC2A-NC_01,ARC-910063,A10001,50,ARC,910063,NC,1,U1BC2A,157,25,159,136,23,157.5,153.5,97.46,90-100%,128.75,128.75,100,90-100%,28.75,24.75,86.09,Not Finished,4,43,Not Finished,TECHNIP,96.77,31,17,96.77,90-100%,30,16,0,10,6,32.26,NOT APPLY,NULL,NULL,NULL,5,1010,ARC-10001-01,75.51,Art. 4.3,15,93.045,ARC,00019,Aire de servicio A10001,No
/A10001-50-ARI-101907-U4AC2A-NC_01,ARI-101907,A10001,50,ARI,101907,NC,1,U4AC2A,49,8,54,40,14,95,91,95.79,90-100%,68,64,94.12,90-100%,27,27,100,90-100%,4,44,43,TECHNIP,100,20,13,100,90-100%,20,13,0,8,4,40,SPS-049,ENVIADO,NULL,NULL,2,1011,ARI-10001-01,79.65,Art. 4.3,15,97.06,ARI,00028,Aire de instrumentos A10001,No
/A10001-50-ARI-91631-U4AC2A-NC_01,ARI-91631,A10001,50,ARI,91631,NC,1,U4AC2A,27,6,30,27,3,22.25,21.5,96.63,90-100%,20.25,20.25,100,90-100%,2,1.25,62.5,Not Finished,0.75,44,Not Finished,TECHNIP,100,9,5,100,90-100%,9,5,0,0,0,0,NOT APPLY,NULL,NULL,NULL,5,1103,ARI-00000-01,58.75,Art. 4.3,15,81.25,ARI,00027,Aire de instrumentos colector,No
/A10001-50-ASUN-12721-U4BD8D-CCTN_01,ASUN-12721,A10001,50,ASUN,12721,CCTN,1,U4BD8D,76,13,85,74,11,144.5,122.75,84.95,NULL,124.5,110.75,88.96,NULL,20,12,60,Not Finished,21.75,Not Finished,Not Finished,TECHNIP,97.14,70,21,97.14,90-100%,68,19,0,0,0,0,SPS-096|SPS-095,ENVIADO|ENVIADO,NULL,NULL,0,50,ASUN-PR18-01,53.58,Art. 4.3,24,74.48,ASUN,00032,Ácido sulfúrico PR18,Traceado
/A10001-50-ASUN-12722-U4BD8D-CCTN_01,ASUN-12722,A10001,50,ASUN,12722,CCTN,1,U4BD8D,20,6,22,19,3,39,33,84.62,NULL,33,33,100,90-100%,6,NULL,0,Not Finished,6,11,Not Finished,TECHNIP,92.86,14,4,92.86,90-100%,13,3,0,0,0,0,SPS-095|SPS-057|SPS-096,ENVIADO|ENVIADO|ENVIADO,1,NULL,5,50,ASUN-PR18-01,40,Art. 4.3,24,50,ASUN,00032,Ácido sulfúrico PR18,Traceado
/A10001-50-C6-103506-U1CD2B-CC_01,C6-103506,A10001,50,C6,103506,CC,1,U1CD2B,53,7,58,52,6,63.5,57.5,90.55,90-100%,57.5,57.5,100,90-100%,6,NULL,0,Not Finished,6,51,Not Finished,TECHNIP,92.31,13,5,92.31,90-100%,12,4,0,0,0,0,NOT APPLY,NULL,NULL,NULL,5,65,C6-00000-01,40,Art. 4.3,23.52,50,C6,00038,Condensados general,Si
/A10001-50-C6-95621-U1CD2B-CC_01,C6-95621,A10001,50,C6,95621,CC,1,U1CD2B,108,21,117,93,24,205,195,95.12,90-100%,161,161,100,90-100%,44,34,77.27,Not Finished,10,11,Not Finished,TECHNIP,100,45,14,100,90-100%,45,14,0,37,11,82.22,SPS-017|SPS-018,ENVIADO|ENVIADO,NULL,NULL,1,1025,C6-PR18-01,87.85,Art. 4.3,23.52,88.635,C6,00042,Condensados interconexión,Si
/A10001-50-C6-95624-U1CD2B-PP_01,C6-95624,A10001,50,C6,95624,PP,1,U1CD2B,8,2,10,8,2,20,20,100,90-100%,16,16,100,90-100%,4,4,100,90-100%,0,10,19,TECHNIP,100,4,1,100,90-100%,4,1,0,0,0,0,NOT APPLY,NULL,NULL,NULL,7,1025,EFL-10001-03,70,Art. 4.3,23.52,100,EFL,00061,Drenajes abiertos de edificio HMBI,Traceado
/A10001-50-C6-95631-U1CD2B-CC_01,C6-95631,A10001,50,C6,95631,CC,1,U1CD2B,25,3,25,18,7,36,36,100,90-100%,23,23,100,90-100%,13,13,100,90-100%,0,43,43,TECHNIP,100,4,1,100,90-100%,4,1,0,2,0,50,SPS-019,ENVIADO,NULL,NULL,3,1025,C6-10001-02,85,Art. 4.3,23.52,100,C6,00040,Estabilización condensados antes de exportación,Si
/A10001-50-C6-95643-U1CD2B-CC_01,C6-95643,A10001,50,C6,95643,CC,1,U1CD2B,16,3,18,15,3,29,29,100,90-100%,25,25,100,90-100%,4,4,100,90-100%,0,51,15,TECHNIP,100,6,2,100,90-100%,6,2,0,4,1,66.67,NOT APPLY,NULL,NULL,NULL,7,1026,C6-10001-02,90,Art. 4.3,23.52,100,C6,00040,Estabilización condensados antes de exportación,Si
/A10001-50-CHMB-101102-U4BC1B-CC_01,CHMB-101102,A10001,50,CHMB,101102,CC,1,U4BC1B,27,3,28,24,4,34,30,88.24,NULL,31,28,90.32,90-100%,3,2,66.67,Not Finished,4,45,Not Finished,TECHNIP,100,6,2,100,90-100%,6,2,0,0,0,0,NOT APPLY,NULL,NULL,NULL,4,23,CHMB-10001-01,56.13,I,15,78.495,CHMB,00043,HMBI crudo A10001 reactor 1,Si
/A10001-50-CHMB-101142-U4BC1B-CC_01,CHMB-101142,A10001,50,CHMB,101142,CC,1,U4BC1B,12,2,14,12,2,21,12,57.14,NULL,19,12,63.16,NULL,2,NULL,0,Not Finished,9,Not Finished,Not Finished,TECHNIP,100,4,1,100,90-100%,4,1,0,0,0,0,NOT APPLY,NULL,NULL,NULL,4,23,CHMB-10001-01,25.26,Art. 4.3,15,31.58,CHMB,00043,HMBI crudo A10001 reactor 1,Si
/A10001-50-CHMB-101203-U4BC1B-CC_01,CHMB-101203,A10001,50,CHMB,101203,CC,1,U4BC1B,26,3,27,24,3,34,20,58.82,NULL,32,20,62.5,NULL,2,NULL,0,Not Finished,14,Not Finished,Not Finished,TECHNIP,100,5,2,100,90-100%,5,2,0,0,0,0,NOT APPLY,NULL,NULL,NULL,4,23,CHMB-10001-02,25,I,15,31.25,CHMB,00044,HMBI crudo A10001 reactor 2,Si
/A10001-50-CHMB-101242-U4BC1B-CC_01,CHMB-101242,A10001,50,CHMB,101242,CC,1,U4BC1B,13,2,15,13,2,21,19,90.48,90-100%,19,19,100,90-100%,2,NULL,0,Not Finished,2,11,Not Finished,TECHNIP,100,3,1,100,90-100%,3,1,0,0,0,0,SPS-129,ENVIADO,NULL,NULL,1,23,CHMB-10001-02,40,Art. 4.3,15,50,CHMB,00044,HMBI crudo A10001 reactor 2,Si
/A10001-50-CHMB-101303-U4BC1B-CC_01,CHMB-101303,A10001,50,CHMB,101303,CC,1,U4BC1B,4,1,4,3,1,5,5,100,90-100%,4,4,100,90-100%,1,1,100,90-100%,0,6,10,NOT APPLY,NULL,0,0,NULL,NULL,0,0,0,0,0,0,NOT APPLY,NULL,NULL,NULL,7,53,CHMB-10001-04,100,I,15,100,CHMB,00046,Recipiente HMBI bruto,Si
/A10001-50-CHMB-101354-U4BC1B-NC_01,CHMB-101354,A10001,50,CHMB,101354,NC,1,U4BC1B,20,4,20,17,3,39,36,92.31,90-100%,33,32,96.97,90-100%,6,4,66.67,Not Finished,3,38,Not Finished,TECHNIP,100,9,5,100,90-100%,9,5,0,8,4,88.89,SPS-093,ENVIADO,1,NULL,4,2003,EFL-10001-03,85.46,NULL,15,81.82,EFL,00061,Drenajes abiertos de edificio HMBI,Traceado
/A10001-50-CIPA-102306-U4BC1B-CC_01,CIPA-102306,A10001,50,CIPA,102306,CC,1,U4BC1B,18,4,21,18,3,37,37,100,90-100%,31,31,100,90-100%,6,6,100,90-100%,0,6,11,TECHNIP,100,10,4,100,90-100%,10,4,0,8,3,80,NOT APPLY,NULL,NULL,NULL,7,12,HMBI-10001-04,94,Art. 4.3,15,100,HMBI,00075,Paquete Z-1032 y lineas asociadas,Traceado
/A10001-50-CIPA-102321-U4BC1B-CC_01,CIPA-102321,A10001,50,CIPA,102321,CC,1,U4BC1B,46,5,46,36,10,78,78,100,90-100%,58,58,100,90-100%,20,20,100,90-100%,0,43,43,TECHNIP,100,15,6,100,90-100%,15,6,0,10,2,66.67,SPS-020|SPS-021,ENVIADO|ENVIADO,1|1,NULL,7,67,CIPA-10001-01,90,Art. 4.3,15,100,CIPA,00047,Recipiente recolección IPA a destilación,Si
/A10001-50-CIPA-102331-U4BC1B-CC_01,CIPA-102331,A10001,50,CIPA,102331,CC,1,U4BC1B,28,3,29,23,6,44,38,86.36,NULL,32,28,87.5,NULL,12,10,83.33,Not Finished,6,Not Finished,Not Finished,TECHNIP,100,4,1,100,90-100%,4,1,0,4,1,100,SPS-026,ENVIADO,1,NULL,7,67,CIPA-10001-01,90,Art. 4.3,15,85.415,CIPA,00047,Recipiente recolección IPA a destilación,Si
/A10001-50-CIPA-10291-U4BC1B-NC_01,CIPA-10291,A10001,50,CIPA,10291,NC,1,U4BC1B,21,1,21,20,1,31,30,96.77,90-100%,30,30,100,90-100%,1,NULL,0,Not Finished,1,11,Not Finished,NOT APPLY,NULL,0,0,NULL,NULL,0,0,0,0,0,0,NOT APPLY,NULL,NULL,NULL,5,38,CIPA-10001-03,50,Art. 4.3,15,50,CIPA,00049,Paquete Z-1049,No
/A10001-50-CIPA-10293-U4BC1B-NC_01,CIPA-10293,A10001,50,CIPA,10293,NC,1,U4BC1B,22,5,35,29,6,59,50,84.75,NULL,50,50,100,90-100%,9,NULL,0,Not Finished,9,11,Not Finished,TECHNIP,100,15,8,100,90-100%,15,8,0,0,0,0,SPS-049,ENVIADO,NULL,NULL,1,38,CIPA-10001-03,40,Art. 4.3,15,50,CIPA,00049,Paquete Z-1049,No
/A10001-50-CIPA-103204-U4BC1B-CC_01,CIPA-103204,A10001,50,CIPA,103204,CC,1,U4BC1B,29,6,32,22,10,53.5,36,67.29,NULL,36,30,83.33,NULL,17.5,6,34.29,Not Finished,17.5,Not Finished,Not Finished,TECHNIP,84.62,13,4,84.62,NULL,11,2,0,0,0,0,NOT APPLY,NULL,NULL,NULL,4,Dec-69,HMBI-10001-04,43.62,Art. 4.3,15,58.81,HMBI,00075,Paquete Z-1032 y lineas asociadas,Traceado
/A10001-50-CIPA-10327-U4BC1B-CC_01,CIPA-10327,A10001,50,CIPA,10327,CC,1,U4BC1B,14,4,16,14,2,32,28,87.5,NULL,28,28,100,90-100%,4,NULL,0,Not Finished,4,11,Not Finished,TECHNIP,90.91,11,3,90.91,90-100%,10,2,0,0,0,0,NOT APPLY,NULL,NULL,NULL,5,38,HMBI-10001-04,40,Art. 4.3,15,50,HMBI,00075,Paquete Z-1032 y lineas asociadas,Traceado
/A10001-50-CIPA-103905-U4BC1B-CC_01,CIPA-103905,A10001,50,CIPA,103905,CC,1,U4BC1B,55,9,58,51,7,102,84.5,82.84,NULL,91,81.5,89.56,NULL,11,3,27.27,Not Finished,17.5,Not Finished,Not Finished,TECHNIP,94.74,19,10,94.74,90-100%,18,9,0,0,0,0,NOT APPLY,NULL,NULL,NULL,4,38|70,HMBI-10001-04,44.01,Art. 4.3,15,58.415,HMBI,00075,Paquete Z-1032 y lineas asociadas,Traceado
/A10001-50-CIPA-103989-U4BC1B-CC_01,CIPA-103989,A10001,50,CIPA,103989,CC,1,U4BC1B,16,1,16,16,0,27,27,100,90-100%,27,27,100,90-100%,0,NULL,NULL,NOT REQUIRED,0,6,NOT REQUIRED,NOT APPLY,NULL,0,0,NULL,NULL,0,0,0,0,0,0,NOT APPLY,NULL,NULL,NULL,7,38,HMBI-10001-04,100,I,15,100,HMBI,00075,Paquete Z-1032 y lineas asociadas,Traceado
/A10001-50-CIPA-103999-U4BC1B-CCTN_01,CIPA-103999,A10001,50,CIPA,103999,CCTN,1,U4BC1B,32,3,33,30,3,51,47,92.16,90-100%,47,47,100,90-100%,4,NULL,0,Not Finished,4,10,Not Finished,TECHNIP,100,5,2,100,90-100%,5,2,0,0,0,0,NOT APPLY,NULL,NULL,NULL,5,28,HMBI-10001-04,40,I,15,50,HMBI,00075,Paquete Z-1032 y lineas asociadas,Traceado
/A10001-50-CIPA-10491-U4BC1B-NC_01,CIPA-10491,A10001,50,CIPA,10491,NC,1,U4BC1B,6,1,22,20,2,33,29,87.88,NULL,29,29,100,90-100%,4,NULL,0,Not Finished,4,6,Not Finished,NOT APPLY,NULL,0,0,NULL,NULL,0,0,0,0,0,0,NOT APPLY,NULL,NULL,NULL,5,38,CIPA-10001-02,50,Art. 4.3,15,50,CIPA,00048,Paquete Z-1049,No
/A10001-50-CIPA-10493-U4BC1B-NC_01,CIPA-10493,A10001,50,CIPA,10493,NC,1,U4BC1B,34,6,38,33,5,67,58,86.57,NULL,58,58,100,90-100%,9,NULL,0,Not Finished,9,10,Not Finished,TECHNIP,100,18,7,100,90-100%,18,7,0,8,3,44.44,NOT APPLY,NULL,NULL,NULL,5,38,CIPA-10001-02,53.33,Art. 4.3,15,50,CIPA,00048,Paquete Z-1049,No
/A10001-50-CIPA-108101-U4BC1B-PP_01,CIPA-108101,A10001,50,CIPA,108101,PP,1,U4BC1B,30,4,30,28,2,57,57,100,90-100%,53.5,53.5,100,90-100%,3.5,3.5,100,90-100%,0,42,42,TECHNIP,100,5,2,100,90-100%,5,2,0,1,0,20,SPS-044|SPS-069,ENVIADO|ENVIADO,1,NULL,7,12,INC-10001-02,76,Art. 4.3,15,100,INC,00086,Recipiente recogida efluentes gaseosos y lineas asociadas,Traceado
/A10001-50-CIPA-108102-U4BC1B-PP_01,CIPA-108102,A10001,50,CIPA,108102,PP,1,U4BC1B,16,2,16,15,1,28.5,28.5,100,90-100%,26.5,26.5,100,90-100%,2,2,100,90-100%,0,47,43,TECHNIP,100,5,2,100,90-100%,5,2,0,1,1,20,SPS-043|SPS-071,ENVIADO|ENVIADO,1,NULL,7,12,INC-10001-02,76,I,15,100,INC,00086,Recipiente recogida efluentes gaseosos y lineas asociadas,Traceado
/A10001-50-EFL-103984-U4BC1B-NC_01,EFL-103984,A10001,50,EFL,103984,NC,1,U4BC1B,5,1,6,4,2,12,12,100,90-100%,8,8,100,90-100%,4,4,100,90-100%,0,44,47,TECHNIP,100,2,1,100,90-100%,2,1,0,0,0,0,NOT APPLY,NULL,NULL,NULL,7,2004,EFL-10001-03,70,Art. 4.3,15,100,EFL,00061,Drenajes abiertos de edificio HMBI,Traceado
/A10001-50-EFL-103985-U4BC1B-NC_01,EFL-103985,A10001,50,EFL,103985,NC,1,U4BC1B,4,1,5,3,2,10,10,100,90-100%,6,6,100,90-100%,4,4,100,90-100%,0,43,48,NOT APPLY,NULL,0,0,NULL,NULL,0,0,0,0,0,0,NOT APPLY,NULL,NULL,NULL,7,2004,EFL-10001-03,100,Art. 4.3,15,100,EFL,00061,Drenajes abiertos de edificio HMBI,Traceado
/A10001-50-EFL-103986-U4BC1B-NC_01,EFL-103986,A10001,50,EFL,103986,NC,1,U4BC1B,5,1,6,4,2,12,8,66.67,NULL,8,8,100,90-100%,4,NULL,0,Not Finished,4,6,Not Finished,NOT APPLY,NULL,0,0,NULL,NULL,0,0,0,0,0,0,NOT APPLY,NULL,NULL,NULL,5,2004,EFL-10001-03,50,Art. 4.3,15,50,EFL,00061,Drenajes abiertos de edificio HMBI,Traceado
/A10001-50-EFL-103987-U4BC1B-NC_01,EFL-103987,A10001,50,EFL,103987,NC,1,U4BC1B,4,1,5,3,2,10,6,60,NULL,6,6,100,90-100%,4,NULL,0,Not Finished,4,7,Not Finished,NOT APPLY,NULL,0,0,NULL,NULL,0,0,0,0,0,0,NOT APPLY,NULL,NULL,NULL,5,2004,EFL-10001-03,50,Art. 4.3,15,50,EFL,00061,Drenajes abiertos de edificio HMBI,Traceado
/A10001-50-EFL-103988-U4BC1B-NC_01,EFL-103988,A10001,50,EFL,103988,NC,1,U4BC1B,10,3,14,10,4,28,20,71.43,NULL,20,20,100,90-100%,8,NULL,0,Not Finished,8,6,Not Finished,TECHNIP,100,6,3,100,90-100%,6,3,0,0,0,0,NOT APPLY,NULL,NULL,NULL,5,2004,EFL-10001-03,40,Art. 4.3,15,50,EFL,00061,Drenajes abiertos de edificio HMBI,Traceado
/A10001-50-EFL-104244-U4BC1B-CC_01,EFL-104244,A10001,50,EFL,104244,CC,1,U4BC1B,26,6,26,23,3,52,48,92.31,90-100%,46,46,100,90-100%,6,2,33.33,Not Finished,4,43,Not Finished,TECHNIP,100,4,2,100,90-100%,4,2,0,4,2,100,NOT APPLY,NULL,NULL,NULL,8,4,EFL-10001-02,80,Art. 4.3,15,66.665,EFL,00059,Sistema de drenajes EFL-2,PP
/A10001-50-EFL-104245-U4BC1B-CC_01,EFL-104245,A10001,50,EFL,104245,CC,1,U4BC1B,3,1,3,3,0,6,6,100,90-100%,6,6,100,90-100%,0,NULL,NULL,NOT REQUIRED,0,41,NOT REQUIRED,NOT APPLY,NULL,0,0,NULL,NULL,0,0,0,0,0,0,NOT APPLY,NULL,NULL,NULL,7,2005,EFL-10001-03,100,Art. 4.3,15,100,EFL,00061,Drenajes abiertos de edificio HMBI,Traceado
/A10001-50-EFL-108096-U4BC1B-PP_01,EFL-108096,A10001,50,EFL,108096,PP,1,U4BC1B,31,4,31,22,9,56,48,85.71,NULL,38,34,89.47,NULL,18,14,77.78,Not Finished,8,Not Finished,Not Finished,TECHNIP,76.92,26,7,76.92,NULL,20,1,0,23,4,88.46,NOT APPLY,NULL,NULL,NULL,4,51,EFL-10001-01,85.66,I,15,83.625,EFL,00058,Sistema de drenajes EFL-1,Traceado
/A10001-50-EFL-108601-U4BC1B-NC_01,EFL-108601,A10001,50,EFL,108601,NC,1,U4BC1B,19,3,19,14,5,33,33,100,90-100%,23,23,100,90-100%,10,10,100,90-100%,0,43,42,TECHNIP,100,4,2,100,90-100%,4,2,0,4,2,100,SPS-082,ENVIADO,1,Ready for Dossier,10,26,EFL-10001-04,100,Art. 4.3,15,100,EFL,00062,Recipiente enterrado efluentes HMBI y lineas asociadas,No
/A10001-50-EFL-108697-U4BC1B-PP_01,EFL-108697,A10001,50,EFL,108697,PP,1,U4BC1B,29,4,29,26,3,57,54,94.74,90-100%,51,48,94.12,90-100%,6,6,100,90-100%,3,48,48,TECHNIP,64.71,17,7,64.71,NULL,11,1,0,17,7,100,NOT APPLY,NULL,NULL,NULL,9,51,EFL-10001-02,97.65,I,15,97.06,EFL,00059,Sistema de drenajes EFL-2,PP
/A10001-50-EFL-108702-U4BC1B-NC_01,EFL-108702,A10001,50,EFL,108702,NC,1,U4BC1B,11,2,12,10,2,24,22,91.67,90-100%,20,20,100,90-100%,4,2,50,Not Finished,2,43,Not Finished,TECHNIP,100,6,2,100,90-100%,6,2,0,0,0,0,NOT APPLY,NULL,NULL,NULL,5,2006,EFL-10001-03,55,Art. 4.3,15,75,EFL,00061,Drenajes abiertos de edificio HMBI,Traceado
/A10001-50-EFL-108703-U4BC1B-NC_01,EFL-108703,A10001,50,EFL,108703,NC,1,U4BC1B,7,1,7,6,1,12,12,100,90-100%,10,10,100,90-100%,2,2,100,90-100%,0,5,17,NOT APPLY,NULL,0,0,NULL,NULL,0,0,0,0,0,0,NOT APPLY,NULL,NULL,NULL,7,2007,EFL-10001-03,100,Art. 4.3,15,100,EFL,00061,Drenajes abiertos de edificio HMBI,Traceado
/A10001-50-EFL-108704-U4BC1B-NC_01,EFL-108704,A10001,50,EFL,108704,NC,1,U4BC1B,11,1,12,10,2,22,20,90.91,90-100%,20,20,100,90-100%,2,NULL,0,Not Finished,2,5,Not Finished,TECHNIP,100,6,3,100,90-100%,6,3,0,0,0,0,NOT APPLY,NULL,NULL,NULL,5,2004,EFL-10001-03,40,Art. 4.3,15,50,EFL,00061,Drenajes abiertos de edificio HMBI,Traceado
/A10001-50-EFL-108901-U4BC1B-NC_01,EFL-108901,A10001,50,EFL,108901,NC,1,U4BC1B,23,6,29,23,6,50.5,38.5,76.24,NULL,38.5,38.5,100,90-100%,12,NULL,0,Not Finished,12,9,Not Finished,TECHNIP,100,11,8,100,90-100%,11,8,0,0,0,0,NOT APPLY,NULL,NULL,NULL,5,71,EFL-10003-04,40,Art. 4.3,15,50,EFL,00056,Recipiente enterrado efluentes IPA y lineas asociadas,No
/A10001-50-HMBC-102204-U4BC1B-CC_01,HMBC-102204,A10001,50,HMBC,102204,CC,1,U4BC1B,47,11,48,40,8,98,86,87.76,NULL,82,78,95.12,90-100%,16,8,50,Not Finished,12,46,Not Finished,TECHNIP,93.1,29,10,93.1,90-100%,27,8,0,6,2,20.69,SPS-041|SPS-085,ENVIADO|ENVIADO,1|1,NULL,4,11,HMBC-10001-01,59.26,Art. 4.3,15,72.56,HMBC,00072,Evaporador IPA,Si
/A10001-50-HMBC-102205-U4BC1B-CC_01,HMBC-102205,A10001,50,HMBC,102205,CC,1,U4BC1B,13,1,13,12,1,23,23,100,90-100%,21.5,21.5,100,90-100%,1.5,1.5,100,90-100%,0,43,42,TECHNIP,100,4,2,100,90-100%,4,2,0,1,0,25,SPS-042,ENVIADO,1,NULL,7,11,HMBC-10001-01,77.5,Art. 4.3,15,100,HMBC,00072,Evaporador IPA,Si
/A10001-50-HMBH-104246-U4BC1B-CC_01,HMBH-104246,A10001,50,HMBH,104246,CC,1,U4BC1B,12,1,12,10,2,17,17,100,90-100%,14,14,100,90-100%,3,3,100,90-100%,0,41,41,NOT APPLY,NULL,0,0,NULL,NULL,0,0,0,0,0,0,NOT APPLY,NULL,NULL,NULL,7,54,HMBI-10001-03,100,Art. 4.3,15,100,HMBI,00074,Evaporador de pelicula fina- condensador- pesados- y lineas asociadas,Traceado
/A10001-50-HMBH-104251-U4BC1B-CC_01,HMBH-104251,A10001,50,HMBH,104251,CC,1,U4BC1B,14,1,14,12,2,20,20,100,90-100%,17,17,100,90-100%,3,3,100,90-100%,0,42,42,NOT APPLY,NULL,0,0,NULL,NULL,0,0,0,0,0,0,NOT APPLY,NULL,NULL,NULL,7,54,HMBI-10001-03,100,Art. 4.3,15,100,HMBI,00074,Evaporador de pelicula fina- condensador- pesados- y lineas asociadas,Traceado
/A10001-50-HMBI-103701-U4BC1B-CC_01,HMBI-103701,A10001,50,HMBI,103701,CC,1,U4BC1B,47,7,47,34,13,79,79,100,90-100%,57.5,57.5,100,90-100%,21.5,21.5,100,90-100%,0,47,46,TECHNIP,95,20,7,95,90-100%,19,6,0,10,0,50,SPS-001|SPS-038,ENVIADO|ENVIADO,1|1,NULL,7,1001,HMBI-10001-02,85,Art. 4.3,15,100,HMBI,00076,Filtro rotativo- recipiente filtrato- recipiente torta- y lineas asociadas,Traceado
/A10001-50-HMBI-103702-U4BC1B-CC_01,HMBI-103702,A10001,50,HMBI,103702,CC,1,U4BC1B,15,2,15,13,2,27,27,100,90-100%,23.5,23.5,100,90-100%,3.5,3.5,100,90-100%,0,40,42,TECHNIP,100,5,2,100,90-100%,5,2,0,0,0,0,SPS-037|SPS-063,ENVIADO|ENVIADO,1,NULL,7,1001,HMBI-10001-02,70,Art. 4.3,15,100,HMBI,00076,Filtro rotativo- recipiente filtrato- recipiente torta- y lineas asociadas,Traceado
/A10001-50-HMBI-103908-U4BC1B-CC_01,HMBI-103908,A10001,50,HMBI,103908,CC,1,U4BC1B,42,7,47,38,9,74.75,59.75,79.93,NULL,59.75,59.75,100,90-100%,15,NULL,0,Not Finished,15,11,Not Finished,TECHNIP,88.46,26,6,88.46,NULL,23,3,0,0,0,0,SPS-131,ENVIADO,NULL,NULL,1,1003|14,HMBI-10001-02,40,Art. 4.3,15,50,HMBI,00076,Filtro rotativo- recipiente filtrato- recipiente torta- y lineas asociadas,Traceado
/A10001-50-HMBN-103101-U4BC1B-CC_01,HMBN-103101,A10001,50,HMBN,103101,CC,1,U4BC1B,62,8,62,59,3,100,92,92,90-100%,95.5,87.5,91.62,90-100%,4.5,4.5,100,90-100%,8,42,5,TECHNIP,90,10,4,90,90-100%,9,3,0,1,0,10,SPS-034|SPS-035,ENVIADO|ENVIADO,1|1,NULL,6,8,HMBN-10001-01,69.65,Art. 4.3,15,95.81,HMBN,00083,Reactor neutralización,Traceado (parcial)
/A10001-50-HMBN-103102-U4BC1B-CC_01,HMBN-103102,A10001,50,HMBN,103102,CC,1,U4BC1B,20,3,20,20,0,33,33,100,90-100%,33,33,100,90-100%,0,NULL,NULL,NOT REQUIRED,0,42,NOT REQUIRED,TECHNIP,100,4,2,100,90-100%,4,2,0,0,0,0,SPS-032|SPS-033,ENVIADO|ENVIADO,1|1,NULL,7,8,HMBN-10001-01,0,Art. 4.3,15,100,HMBN,00083,Reactor neutralización,Traceado (parcial)
/A10001-50-HMBN-103502-U4BC1B-CC_01,HMBN-103502,A10001,50,HMBN,103502,CC,1,U4BC1B,51,7,51,37,14,75,63.5,84.67,NULL,49.5,45.5,91.92,90-100%,25.5,18,70.59,Not Finished,11.5,43,Not Finished,TECHNIP,100,9,4,100,90-100%,9,4,0,0,0,0,SPS-040|SPS-064,ENVIADO|ENVIADO,NULL,NULL,0,10,HMBN-10001-02,57.95,Art. 4.3,15,81.255,HMBN,00084,Recipiente evaporación agua,Si
/A10001-50-HMBN-103503-U4BC1B-CC_01,HMBN-103503,A10001,50,HMBN,103503,CC,1,U4BC1B,18,3,18,18,0,30,28.5,95,90-100%,30,28.5,95,90-100%,0,NULL,NULL,NOT REQUIRED,1.5,42,NOT REQUIRED,TECHNIP,100,4,2,100,90-100%,4,2,0,0,0,0,SPS-039|SPS-065,ENVIADO|ENVIADO,NULL,NULL,2,10,HMBN-10001-02,0,Art. 4.3,15,95,HMBN,00084,Recipiente evaporación agua,Si
/A10001-50-HMBN-103521-U4BC1B-CC_01,HMBN-103521,A10001,50,HMBN,103521,CC,1,U4BC1B,112,13,115,111,4,204,168,82.35,NULL,196,166,84.69,NULL,8,2,25,Not Finished,36,Not Finished,Not Finished,TECHNIP,96.88,32,12,96.88,90-100%,31,11,0,0,0,0,SPS-040|SPS-064,ENVIADO|ENVIADO,NULL,NULL,0,10,HMBN-10001-02,41.38,Art. 4.3,15,54.845,HMBN,00084,Recipiente evaporación agua,Si
/A10001-50-HMBN-103521-U4BC1B-CC_02,HMBN-103521,A10001,50,HMBN,103521,CC,2,U4BC1B,13,2,13,13,0,13,11,84.62,NULL,13,11,84.62,NULL,0,NULL,NULL,NOT REQUIRED,2,Not Finished,NOT REQUIRED,NOT APPLY,NULL,0,0,NULL,NULL,0,0,0,0,0,0,NOT APPLY,NULL,NULL,NULL,6,10,HMBN-10001-02,84.62,Art. 4.3,15,84.62,HMBN,00084,Recipiente evaporación agua,Si
/A10001-50-HMBN-103521-U4BC1B-CC_03,HMBN-103521,A10001,50,HMBN,103521,CC,3,U4BC1B,24,2,26,25,1,30,22,73.33,NULL,29,22,75.86,NULL,1,NULL,0,Not Finished,8,Not Finished,Not Finished,TECHNIP,100,1,1,100,90-100%,1,1,0,0,0,0,NOT APPLY,NULL,NULL,NULL,4,10,HMBN-10001-02,30.34,Art. 4.3,15,37.93,HMBN,00084,Recipiente evaporación agua,Si
/A10001-50-HMBN-103531-U4BC1B-CC_01,HMBN-103531,A10001,50,HMBN,103531,CC,1,U4BC1B,22,2,22,19,3,38,34,89.47,NULL,32,32,100,90-100%,6,2,33.33,Not Finished,4,42,Not Finished,TECHNIP,100,5,2,100,90-100%,5,2,0,0,0,0,SPS-039|SPS-065,ENVIADO|ENVIADO,NULL,NULL,1,10,HMBN-10001-02,50,Art. 4.3,15,66.665,HMBN,00084,Recipiente evaporación agua,Si
/A10001-50-INC-101161-U4BC1B-CC_01,INC-101161,A10001,50,INC,101161,CC,1,U4BC1B,87,10,88,87,1,157,155,98.73,90-100%,155,155,100,90-100%,2,NULL,0,Not Finished,2,9,Not Finished,TECHNIP,100,14,5,100,90-100%,14,5,0,1,0,7.14,SPS-126,ENVIADO,NULL,NULL,1,34,CHMB-10001-01,42.14,I,15,50,CHMB,00043,HMBI crudo A10001 reactor 1,Si
/A10001-50-INC-101162-U4BC1B-CC_01,INC-101162,A10001,50,INC,101162,CC,1,U4BC1B,7,3,7,7,0,14,14,100,90-100%,14,14,100,90-100%,0,NULL,NULL,NOT REQUIRED,0,5,NOT REQUIRED,TECHNIP,100,4,1,100,90-100%,4,1,0,0,0,0,NOT APPLY,NULL,NULL,NULL,7,34,CHMB-10001-01,0,I,15,100,CHMB,00043,HMBI crudo A10001 reactor 1,Si
/A10001-50-INC-101261-U4BC1B-CC_01,INC-101261,A10001,50,INC,101261,CC,1,U4BC1B,54,8,55,54,1,97,95,97.94,90-100%,95,95,100,90-100%,2,NULL,0,Not Finished,2,9,Not Finished,TECHNIP,100,7,3,100,90-100%,7,3,0,0,0,0,SPS-126,ENVIADO,NULL,NULL,1,34,CHMB-10001-02,40,I,15,50,CHMB,00044,HMBI crudo A10001 reactor 2,Si
/A10001-50-INC-101262-U4BC1B-CC_01,INC-101262,A10001,50,INC,101262,CC,1,U4BC1B,7,3,7,7,0,14,14,100,90-100%,14,14,100,90-100%,0,NULL,NULL,NOT REQUIRED,0,7,NOT REQUIRED,TECHNIP,100,1,1,100,90-100%,1,1,0,0,0,0,NOT APPLY,NULL,NULL,NULL,7,34,CHMB-10001-02,0,I,15,100,CHMB,00044,HMBI crudo A10001 reactor 2,Si
/A10001-50-INC-101305-U4BC1B-PP_01,INC-101305,A10001,50,INC,101305,PP,1,U4BC1B,57,11,62,50,12,130.25,97.75,75.05,NULL,106.25,95.75,90.12,90-100%,24,2,8.33,Not Finished,32.5,44,Not Finished,TECHNIP,100,28,11,100,90-100%,28,11,0,0,0,0,NOT APPLY,NULL,NULL,NULL,4,34,CHMB-10001-04,38.55,I,15,49.225,CHMB,00046,Recipiente HMBI bruto,Si
/A10001-50-INC-10194-U4BC1B-PP_01,INC-10194,A10001,50,INC,10194,PP,1,U4BC1B,49,7,49,38,11,228,194,85.09,NULL,178,156,87.64,NULL,50,38,76,Not Finished,34,Not Finished,Not Finished,TECHNIP,88.24,34,11,88.24,NULL,30,7,0,12,2,35.29,NOT APPLY,NULL,NULL,NULL,4,34,INC-10001-01,68.44,I,15,81.82,INC,00088,Venteos gaseosos con blanketing,PP
/A10001-50-INC-103103-U4BC1B-PP_01,INC-103103,A10001,50,INC,103103,PP,1,U4BC1B,23,4,26,23,3,44,38,86.36,NULL,38,38,100,90-100%,6,NULL,0,Not Finished,6,9,Not Finished,TECHNIP,100,10,5,100,90-100%,10,5,0,0,0,0,NOT APPLY,NULL,NULL,NULL,5,32,HMBN-10001-01,40,I,15,50,HMBN,00083,Reactor neutralización,Traceado (parcial)
/A10001-50-INC-103104-U4BC1B-PP_01,INC-103104,A10001,50,INC,103104,PP,1,U4BC1B,7,2,9,7,2,17,13,76.47,NULL,13,13,100,90-100%,4,NULL,0,Not Finished,4,6,Not Finished,TECHNIP,100,3,1,100,90-100%,3,1,0,0,0,0,NOT APPLY,NULL,NULL,NULL,5,32,HMBN-10001-01,40,Art. 4.3,15,50,HMBN,00083,Reactor neutralización,Traceado (parcial)
/A10001-50-INC-103907-U4BC1B-PP_01,INC-103907,A10001,50,INC,103907,PP,1,U4BC1B,13,1,13,10,3,18,15,83.33,NULL,15,15,100,90-100%,3,NULL,0,Not Finished,3,8,Not Finished,TECHNIP,100,3,1,100,90-100%,3,1,0,0,0,0,NOT APPLY,NULL,NULL,NULL,5,31,HMBI-10001-04,40,I,15,50,HMBI,00075,Paquete Z-1032 y lineas asociadas,Traceado
/A10001-50-INC-108603-U4BC1B-NC_01,INC-108603,A10001,50,INC,108603,NC,1,U4BC1B,84,17,90,75,15,124,107,86.29,NULL,101,90,89.11,NULL,23,17,73.91,Not Finished,17,Not Finished,Not Finished,TECHNIP,100,19,13,100,90-100%,19,13,0,7,3,36.84,NOT APPLY,NULL,NULL,NULL,4,35,INC-10001-01,68.87,II,15,81.51,INC,00088,Venteos gaseosos con blanketing,PP
/A10001-50-NI-101192-U1BD2A-NC_01,NI-101192,A10001,50,NI,101192,NC,1,U1BD2A,4,1,4,3,1,7.5,7.5,100,90-100%,5.5,5.5,100,90-100%,2,2,100,90-100%,0,10,19,NOT APPLY,NULL,0,0,NULL,NULL,0,0,0,0,0,0,NOT APPLY,NULL,NULL,NULL,7,162,NI-00000-01,100,Art. 4.3,23.52,100,NI,00100,Distribucion general de nitrogeno de baja presion para SPEAR,No
/A10001-50-NI-101196-U1BD2A-NC_01,NI-101196,A10001,50,NI,101196,NC,1,U1BD2A,53,10,53,50,3,68,63,92.65,90-100%,63,63,100,90-100%,5,NULL,0,Not Finished,5,10,Not Finished,TECHNIP,100,14,8,100,90-100%,14,8,0,0,0,0,NOT APPLY,NULL,NULL,NULL,5,59,NI-10001-01,40,Art. 4.3,23.52,50,NI,00092,Distribucion interna de nitrogeno para area 10001- primer grupo de subcolectores,No
/A10001-50-NI-103996-U1BD2A-NC_01,NI-103996,A10001,50,NI,103996,NC,1,U1BD2A,4,1,4,3,1,7,5,71.43,NULL,5,5,100,90-100%,2,NULL,0,Not Finished,2,10,Not Finished,NOT APPLY,NULL,0,0,NULL,NULL,0,0,0,0,0,0,NOT APPLY,NULL,NULL,NULL,5,61,HMBI-10001-02,50,Art. 4.3,23.52,50,HMBI,00076,Filtro rotativo- recipiente filtrato- recipiente torta- y lineas asociadas,Traceado
/A10001-50-NI-91902-U1BD2A-NC_01,NI-91902,A10001,50,NI,91902,NC,1,U1BD2A,39,5,39,32,7,76.75,64.75,84.36,NULL,62.75,62.75,100,90-100%,14,2,14.29,Not Finished,12,46,Not Finished,TECHNIP,100,17,10,100,90-100%,17,10,0,0,0,0,NOT APPLY,NULL,NULL,NULL,5,60,NI-00000-02,44.29,Art. 4.3,23.52,57.145,NI,00094,Distribucion general de nitrogeno de alta presion para SPEAR,No
/A10001-50-VE1-104602-U4BC1B-NC_01,VE1-104602,A10001,50,VE1,104602,NC,1,U4BC1B,29,7,29,27,2,54,36,66.67,NULL,50,36,72,NULL,4,NULL,0,Not Finished,18,Not Finished,Not Finished,TECHNIP,100,7,4,100,90-100%,7,4,0,0,0,0,NOT APPLY,NULL,NULL,NULL,4,36,HMBI-10001-01,28.8,I,15,36,HMBI,00078,Sistema de acumulacion temporal de HMBI y lineas asociadas,No
/A10001-50-VE1-104603-U4BC1B-NC_01,VE1-104603,A10001,50,VE1,104603,NC,1,U4BC1B,16,1,16,13,3,27,19,70.37,NULL,21,15,71.43,NULL,6,4,66.67,Not Finished,8,Not Finished,Not Finished,TECHNIP,100,4,2,100,90-100%,4,2,0,0,0,0,NOT APPLY,NULL,NULL,NULL,4,36,VE1-10001-01,48.57,I,15,69.05,VE1,00120,Venteos gaseosos sin blanketing,No
/A10001-50-VT4-108694-U4BC1B-NC_07,VT4-108694,A10001,50,VT4,108694,NC,7,U4BC1B,4,2,4,4,0,12,12,100,90-100%,12,12,100,90-100%,0,NULL,NULL,NOT REQUIRED,0,9,NOT REQUIRED,NOT APPLY,NULL,0,0,NULL,NULL,0,0,0,0,0,0,NOT APPLY,NULL,NULL,NULL,7,53,EFL-10001-04,100,Art. 4.3,15,100,EFL,00062,Recipiente enterrado efluentes HMBI y lineas asociadas,No
/A10001-50-VT4-108694-U4BC1B-NC_08,VT4-108694,A10001,50,VT4,108694,NC,8,U4BC1B,4,2,4,4,0,12,12,100,90-100%,12,12,100,90-100%,0,NULL,NULL,NOT REQUIRED,0,8,NOT REQUIRED,NOT APPLY,NULL,0,0,NULL,NULL,0,0,0,0,0,0,NOT APPLY,NULL,NULL,NULL,7,53,EFL-10001-04,100,Art. 4.3,15,100,EFL,00062,Recipiente enterrado efluentes HMBI y lineas asociadas,No
/A10001-800-CIPA-102101-U4BC1B-CC_01,CIPA-102101,A10001,800,CIPA,102101,CC,1,U4BC1B,10,1,10,6,4,190,190,100,90-100%,100,100,100,90-100%,90,90,100,90-100%,0,46,50,TECHNIP,100,7,2,100,90-100%,7,2,0,5,1,71.43,NOT APPLY,NULL,NULL,NULL,7,20,INC-10001-04,91.43,Art. 4.3,15,100,INC,00085,Condensacion de IPA en evaporacion IPA/agua,No
/A10001-800-CIPA-102101-U4BC1B-CC_02,CIPA-102101,A10001,800,CIPA,102101,CC,2,U4BC1B,11,5,16,11,5,211,211,100,90-100%,131,131,100,90-100%,80,80,100,90-100%,0,46,51,TECHNIP,100,2,1,100,90-100%,2,1,0,0,0,0,NOT APPLY,NULL,NULL,NULL,7,20,INC-10001-04,70,III,15,100,INC,00085,Condensacion de IPA en evaporacion IPA/agua,No
/A10001-80-AGL-108207-U1BC2A-CF_01,AGL-108207,A10001,80,AGL,108207,CF,1,U1BC2A,3,1,3,3,0,7.5,7.5,100,90-100%,7.5,7.5,100,90-100%,0,NULL,NULL,NOT REQUIRED,0,39,NOT REQUIRED,NOT APPLY,NULL,0,0,NULL,NULL,0,0,0,0,0,0,NOT APPLY,NULL,NULL,NULL,7,57,AGL-10005-01,100,Art. 4.3,15,100,AGL,00008,Agua glicolada y lineas asociadas,Si
/A10001-80-C6-101186-U1CD2B-CC_01,C6-101186,A10001,80,C6,101186,CC,1,U1CD2B,44,7,48,40,8,80,79.25,99.06,90-100%,69.25,69.25,100,90-100%,10.75,10,93.02,90-100%,0.75,52,19,TECHNIP,90.91,22,9,90.91,90-100%,20,7,0,20,8,90.91,SPS-093|SPS-094|SPS-092,ENVIADO|ENVIADO|ENVIADO,1|1|1,NULL,5,1021,C6-10001-03,95.18,Art. 4.3,23.52,96.51,C6,00041,Condensados A10001 (2),Si
/A10001-80-C6-101297-U1CD2B-CC_01,C6-101297,A10001,80,C6,101297,CC,1,U1CD2B,11,2,12,11,1,36,33,91.67,90-100%,33,33,100,90-100%,3,NULL,0,Not Finished,3,39,Not Finished,TECHNIP,100,3,1,100,90-100%,3,1,0,0,0,0,NOT APPLY,NULL,NULL,NULL,5,1021,C6-10001-03,40,Art. 4.3,23.52,50,C6,00041,Condensados A10001 (2),Si
/A10001-80-C6-104107-U1CD2B-CC_01,C6-104107,A10001,80,C6,104107,CC,1,U1CD2B,13,5,20,14,6,57.75,42.75,74.03,NULL,39.75,39.75,100,90-100%,18,3,16.67,Not Finished,15,41,Not Finished,TECHNIP,90,10,3,90,90-100%,9,2,0,0,0,0,NOT APPLY,NULL,NULL,NULL,5,1020,C6-10001-01,45,Art. 4.3,23.52,58.335,C6,00039,Condensados A10001,Si
/A10001-80-C6-104109-U1CD2B-CC_01,C6-104109,A10001,80,C6,104109,CC,1,U1CD2B,6,2,7,6,1,21,18,85.71,NULL,18,18,100,90-100%,3,NULL,0,Not Finished,3,41,Not Finished,TECHNIP,100,3,1,100,90-100%,3,1,0,0,0,0,NOT APPLY,NULL,NULL,NULL,5,1020,C6-10001-01,40,Art. 4.3,23.52,50,C6,00039,Condensados A10001,Si
/A10001-80-C6-104198-U1CD2B-CC_01,C6-104198,A10001,80,C6,104198,CC,1,U1CD2B,4,1,7,6,1,21,18,85.71,NULL,18,18,100,90-100%,3,NULL,0,Not Finished,3,41,Not Finished,NOT APPLY,NULL,0,0,NULL,NULL,0,0,0,0,0,0,NOT APPLY,NULL,NULL,NULL,5,1020,C6-10001-01,50,Art. 4.3,23.52,50,C6,00039,Condensados A10001,Si
/A10001-80-C6-95601-U1CD2B-CC_01,C6-95601,A10001,80,C6,95601,CC,1,U1CD2B,26,5,29,25,4,69,69,100,90-100%,61.5,61.5,100,90-100%,7.5,7.5,100,90-100%,0,4,18,TECHNIP,90.91,11,4,90.91,90-100%,10,3,0,6,1,54.55,SPS-017|SPS-018,ENVIADO|ENVIADO,NULL,NULL,3,1025,C6-10001-02,86.37,Art. 4.3,23.52,100,C6,00040,Estabilización condensados antes de exportación,Si
/A10001-80-C6-95602-U1CD2B-CC_01,C6-95602,A10001,80,C6,95602,CC,1,U1CD2B,15,2,16,15,1,33,33,100,90-100%,31.5,31.5,100,90-100%,1.5,1.5,100,90-100%,0,4,12,TECHNIP,100,3,1,100,90-100%,3,1,0,1,0,33.33,SPS-019,ENVIADO,NULL,NULL,3,1025,C6-10001-02,80,Art. 4.3,23.52,100,C6,00040,Estabilización condensados antes de exportación,Si
/A10001-80-CHMB-101301-U4BC1B-CC_01,CHMB-101301,A10001,80,CHMB,101301,CC,1,U4BC1B,32,8,35,29,6,90,84,93.33,90-100%,75.5,75.5,100,90-100%,14.5,8.5,58.62,Not Finished,6,46,Not Finished,TECHNIP,91.67,12,5,91.67,90-100%,11,4,0,0,0,0,SPS-059|SPS-016|SPS-013,ENVIADO|ENVIADO|ENVIADO,1|1,NULL,5,5,CHMB-10001-04,57.59,I,15,79.31,CHMB,00046,Recipiente HMBI bruto,Si
/A10001-80-CHMB-101302-U4BC1B-CC_01,CHMB-101302,A10001,80,CHMB,101302,CC,1,U4BC1B,13,4,15,13,2,30,25.5,85,NULL,27.5,25.5,92.73,90-100%,2.5,NULL,0,Not Finished,4.5,47,Not Finished,TECHNIP,100,4,2,100,90-100%,4,2,0,0,0,0,SPS-015|SPS-014,ENVIADO|ENVIADO,1,NULL,4,5,CHMB-10001-04,37.09,I,15,46.365,CHMB,00046,Recipiente HMBI bruto,Si
/A10001-80-CHMB-102104-U4BC1B-CC_01,CHMB-102104,A10001,80,CHMB,102104,CC,1,U4BC1B,40,5,43,38,5,103,97,94.17,90-100%,94,94,100,90-100%,9,3,33.33,Not Finished,6,41,Not Finished,TECHNIP,100,10,4,100,90-100%,10,4,0,0,0,0,NOT APPLY,NULL,NULL,NULL,5,11,INC-10001-04,50,Art. 4.3,15,66.665,INC,00085,Condensacion de IPA en evaporacion IPA/agua,No
/A10001-80-CIPA-101164-U4BC1B-CCTN_01,CIPA-101164,A10001,80,CIPA,101164,CCTN,1,U4BC1B,54,9,60,44,16,150,144,96,90-100%,112,112,100,90-100%,38,32,84.21,Not Finished,6,43,Not Finished,TECHNIP,96.55,29,10,96.55,90-100%,28,9,0,18,5,62.07,NOT APPLY,NULL,NULL,NULL,5,17,HMBI-10005-01,83.88,II,15,92.105,HMBI,00077,Almacenamiento de HMBI off-spec y lineas asociadas,Traceado
/A10001-80-CIPA-101165-U4BC1B-CC_01,CIPA-101165,A10001,80,CIPA,101165,CC,1,U4BC1B,15,3,18,5,13,45,45,100,90-100%,9,9,100,90-100%,36,36,100,90-100%,0,37,49,TECHNIP,90.91,11,3,90.91,90-100%,10,2,0,0,0,0,NOT APPLY,NULL,NULL,NULL,7,17,CIPA-10001-01,70,I,15,100,CIPA,00047,Recipiente recolección IPA a destilación,Si
/A10001-80-CIPA-101263-U4BC1B-CCTN_01,CIPA-101263,A10001,80,CIPA,101263,CCTN,1,U4BC1B,67,15,75,60,15,179,179,100,90-100%,148,148,100,90-100%,31,31,100,90-100%,0,50,51,TECHNIP,96.55,29,9,96.55,90-100%,28,8,0,13,0,44.83,SPS-049|SPS-057,ENVIADO|ENVIADO,1,NULL,7,18,CHMB-10001-02,83.45,II,15,100,CHMB,00044,HMBI crudo A10001 reactor 2,Si
/A10001-80-CIPA-101264-U4BC1B-CC_01,CIPA-101264,A10001,80,CIPA,101264,CC,1,U4BC1B,10,3,14,9,5,33,31,93.94,90-100%,20,19,95,90-100%,13,12,92.31,90-100%,2,44,49,TECHNIP,85.71,7,2,85.71,NULL,6,1,0,0,0,0,NOT APPLY,NULL,NULL,NULL,4,18,CIPA-10001-01,65.69,I,15,93.655,CIPA,00047,Recipiente recolección IPA a destilación,Si
/A10001-80-CIPA-102102-U4BC1B-CC_01,CIPA-102102,A10001,80,CIPA,102102,CC,1,U4BC1B,4,1,4,3,1,10.5,10.5,100,90-100%,7.5,7.5,100,90-100%,3,3,100,90-100%,0,51,8,NOT APPLY,NULL,0,0,NULL,NULL,0,0,0,0,0,0,NOT APPLY,NULL,NULL,NULL,7,53,INC-10001-04,100,I,15,100,INC,00085,Condensacion de IPA en evaporacion IPA/agua,No
/A10001-80-CIPA-102202-U4BC1B-CC_01,CIPA-102202,A10001,80,CIPA,102202,CC,1,U4BC1B,4,1,4,3,1,10.5,10.5,100,90-100%,7.5,7.5,100,90-100%,3,3,100,90-100%,0,40,43,NOT APPLY,NULL,0,0,NULL,NULL,0,0,0,0,0,0,NOT APPLY,NULL,NULL,NULL,7,54,HMBC-10001-01,100,I,15,100,HMBC,00072,Evaporador IPA,Si
/A10001-80-CIPA-102252-U4BC1B-CC_01,CIPA-102252,A10001,80,CIPA,102252,CC,1,U4BC1B,26,7,33,23,10,68,67,98.53,90-100%,49,49,100,90-100%,19,18,94.74,90-100%,1,50,49,TECHNIP,100,15,5,100,90-100%,15,5,0,0,0,0,NOT APPLY,NULL,NULL,NULL,5,24,CIPA-10001-01,68.42,Art. 4.3,15,97.37,CIPA,00047,Recipiente recolección IPA a destilación,Si
/A10001-80-CIPA-102301-U4BC1B-CC_01,CIPA-102301,A10001,80,CIPA,102301,CC,1,U4BC1B,25,6,28,22,6,64,63,98.44,90-100%,54,54,100,90-100%,10,9,90,90-100%,1,50,47,TECHNIP,100,7,2,100,90-100%,7,2,0,5,0,71.43,SPS-020|SPS-021,ENVIADO|ENVIADO,1|1,NULL,5,45,CIPA-10001-01,88.43,Art. 4.3,15,95,CIPA,00047,Recipiente recolección IPA a destilación,Si
/A10001-80-CIPA-102302-U4BC1B-CC_01,CIPA-102302,A10001,80,CIPA,102302,CC,1,U4BC1B,15,3,16,13,3,31,28,90.32,90-100%,25,25,100,90-100%,6,3,50,Not Finished,3,50,Not Finished,TECHNIP,100,4,1,100,90-100%,4,1,0,0,0,0,SPS-026,ENVIADO,1,NULL,5,45,CIPA-10001-01,55,Art. 4.3,15,75,CIPA,00047,Recipiente recolección IPA a destilación,Si
/A10001-80-CIPA-102305-U4BC1B-CC_01,CIPA-102305,A10001,80,CIPA,102305,CC,1,U4BC1B,28,6,33,23,10,67.5,65,96.3,90-100%,44,44,100,90-100%,23.5,21,89.36,Not Finished,2.5,50,Not Finished,TECHNIP,100,5,2,100,90-100%,5,2,0,3,0,60,NOT APPLY,NULL,NULL,NULL,5,12,CIPA-10001-01,84.81,Art. 4.3,15,94.68,CIPA,00047,Recipiente recolección IPA a destilación,Si
/A10001-80-CIPA-103509-U4BC1B-CC_01,CIPA-103509,A10001,80,CIPA,103509,CC,1,U4BC1B,3,1,3,3,0,7.5,7.5,100,90-100%,7.5,7.5,100,90-100%,0,NULL,NULL,NOT REQUIRED,0,43,NOT REQUIRED,NOT APPLY,NULL,0,0,NULL,NULL,0,0,0,0,0,0,NOT APPLY,NULL,NULL,NULL,7,53,HMBN-10001-02,100,Art. 4.3,15,100,HMBN,00084,Recipiente evaporación agua,Si
/A10001-80-CIPA-103598-U4BC1B-NC_01,CIPA-103598,A10001,80,CIPA,103598,NC,1,U4BC1B,30,9,40,28,12,85,78,91.76,90-100%,60,56,93.33,90-100%,25,22,88,Not Finished,7,42,Not Finished,TECHNIP,100,12,6,100,90-100%,12,6,0,8,3,66.67,NOT APPLY,NULL,NULL,NULL,4,2008,EFL-10001-03,83.73,NULL,15,90.665,EFL,00061,Drenajes abiertos de edificio HMBI,Traceado
/A10001-80-CIPA-103906-U4BC1B-PP_01,CIPA-103906,A10001,80,CIPA,103906,PP,1,U4BC1B,47,3,48,46,2,71,67,94.37,90-100%,67,67,100,90-100%,4,NULL,0,Not Finished,4,50,Not Finished,TECHNIP,100,3,1,100,90-100%,3,1,0,0,0,0,NOT APPLY,NULL,NULL,NULL,5,25,HMBI-10001-04,40,Art. 4.3,15,50,HMBI,00075,Paquete Z-1032 y lineas asociadas,Traceado
/A10001-80-CIPA-108104-U4BC1B-PP_01,CIPA-108104,A10001,80,CIPA,108104,PP,1,U4BC1B,3,1,3,3,0,9,9,100,90-100%,9,9,100,90-100%,0,NULL,NULL,NOT REQUIRED,0,42,NOT REQUIRED,NOT APPLY,NULL,0,0,NULL,NULL,0,0,0,0,0,0,NOT APPLY,NULL,NULL,NULL,7,53,INC-10001-02,100,I,15,100,INC,00086,Recipiente recogida efluentes gaseosos y lineas asociadas,Traceado
/A10001-80-EFL-103704-U4BC1B-CCTN_01,EFL-103704,A10001,80,EFL,103704,CCTN,1,U4BC1B,27,7,31,22,9,62,55,88.71,NULL,41,40,97.56,90-100%,21,15,71.43,Not Finished,7,50,Not Finished,TECHNIP,100,8,3,100,90-100%,8,3,0,6,2,75,NOT APPLY,NULL,NULL,NULL,4,27,EFL-10001-01,82.95,I,15,84.495,EFL,00058,Sistema de drenajes EFL-1,Traceado
/A10001-80-EFL-103705-U4BC1B-PP_01,EFL-103705,A10001,80,EFL,103705,PP,1,U4BC1B,15,3,18,10,8,33,30,90.91,90-100%,15,12,80,NULL,18,18,100,90-100%,3,Not Finished,49,TECHNIP,92.86,14,4,92.86,90-100%,13,3,0,9,0,64.29,NOT APPLY,NULL,NULL,NULL,6,27,EFL-10001-01,81.29,I,15,90,EFL,00058,Sistema de drenajes EFL-1,Traceado
/A10001-80-EFL-103909-U4BC1B-PP_01,EFL-103909,A10001,80,EFL,103909,PP,1,U4BC1B,58,8,71,55,16,174,168,96.55,90-100%,133,133,100,90-100%,41,35,85.37,Not Finished,6,47,Not Finished,TECHNIP,90.91,22,8,90.91,90-100%,20,6,0,10,2,45.45,NOT APPLY,NULL,NULL,NULL,5,2004,EFL-10001-03,79.25,I,15,92.685,EFL,00061,Drenajes abiertos de edificio HMBI,Traceado
/A10001-80-EFL-108622-U4BC1B-NC_01,EFL-108622,A10001,80,EFL,108622,NC,1,U4BC1B,43,13,57,41,16,149.25,144,96.48,90-100%,110,110,100,90-100%,39.25,34,86.62,Not Finished,5.25,42,Not Finished,TECHNIP,96,25,16,96,90-100%,24,15,0,19,10,76,NOT APPLY,NULL,NULL,NULL,5,1027|26,EFL-10001-04,88.79,I,15,93.31,EFL,00062,Recipiente enterrado efluentes HMBI y lineas asociadas,No
/A10001-80-EFL-108624-U4BC1B-NC_01,EFL-108624,A10001,80,EFL,108624,NC,1,U4BC1B,41,4,43,36,7,79.25,77.25,97.48,90-100%,66.75,64.75,97,90-100%,12.5,12.5,100,90-100%,2,43,17,TECHNIP,100,2,1,100,90-100%,2,1,0,2,1,100,SPS-088,PINTURA,NULL,NULL,5,26,EFL-10001-04,98.8,Art. 4.3,15,98.5,EFL,00062,Recipiente enterrado efluentes HMBI y lineas asociadas,No
/A10001-80-EFL-108631-U4BC1B-NC_01,EFL-108631,A10001,80,EFL,108631,NC,1,U4BC1B,35,5,37,29,8,61.25,56.25,91.84,90-100%,49,49,100,90-100%,12.25,7.25,59.18,Not Finished,5,50,Not Finished,TECHNIP,100,1,1,100,90-100%,1,1,0,1,1,100,SPS-082,ENVIADO,1,NULL,8,26,EFL-10001-05,87.75,Art. 4.3,15,79.59,EFL,00057,Recipiente enterrado efluentes HMBI y lineas asociadas 2,No
/A10001-80-EFL-108701-U4BC1B-NC_01,EFL-108701,A10001,80,EFL,108701,NC,1,U4BC1B,5,1,6,5,1,15,15,100,90-100%,12,12,100,90-100%,3,3,100,90-100%,0,42,15,TECHNIP,100,1,1,100,90-100%,1,1,0,1,1,100,NOT APPLY,NULL,NULL,Ready for Dossier,10,26,EFL-10001-04,100,I,15,100,EFL,00062,Recipiente enterrado efluentes HMBI y lineas asociadas,No
/A10001-80-EFL-108721-U4BC1B-NC_01,EFL-108721,A10001,80,EFL,108721,NC,1,U4BC1B,26,3,26,21,5,58,58,100,90-100%,45,45,100,90-100%,13,13,100,90-100%,0,42,42,TECHNIP,100,5,2,100,90-100%,5,2,0,0,0,0,SPS-081,ENVIADO,NULL,NULL,3,26,EFL-10001-05,70,Art. 4.3,15,100,EFL,00057,Recipiente enterrado efluentes HMBI y lineas asociadas 2,No
/A10001-80-EFL-108724-U4BC1B-NC_01,EFL-108724,A10001,80,EFL,108724,NC,1,U4BC1B,56,6,58,45,13,103.25,102.25,99.03,90-100%,81,81,100,90-100%,22.25,21.25,95.51,90-100%,1,50,17,TECHNIP,100,7,4,100,90-100%,7,4,0,5,2,71.43,SPS-081,ENVIADO,NULL,NULL,1,2009|26,EFL-10001-05,90.08,Art. 4.3,15,97.755,EFL,00057,Recipiente enterrado efluentes HMBI y lineas asociadas 2,No
/A10001-80-EFL-108725-U4BC1B-NC_01,EFL-108725,A10001,80,EFL,108725,NC,1,U4BC1B,39,9,43,39,4,124.5,124.5,100,90-100%,112.5,112.5,100,90-100%,12,12,100,90-100%,0,43,44,TECHNIP,100,13,12,100,90-100%,13,12,0,2,2,15.38,NOT APPLY,NULL,NULL,NULL,7,26|72,EFL-10001-05,74.61,Art. 4.3,15,100,EFL,00057,Recipiente enterrado efluentes HMBI y lineas asociadas 2,No
/A10001-80-HMBC-104504-U4BC1B-CC_01,HMBC-104504,A10001,80,HMBC,104504,CC,1,U4BC1B,3,1,3,2,1,8,8,100,90-100%,6,6,100,90-100%,2,2,100,90-100%,0,4,8,NOT APPLY,NULL,0,0,NULL,NULL,0,0,0,0,0,0,NOT APPLY,NULL,NULL,NULL,7,53,HMBI-10001-01,100,Art. 4.3,15,100,HMBI,00078,Sistema de acumulacion temporal de HMBI y lineas asociadas,No
/A10001-80-HMBH-104221-U4BC1B-CC_01,HMBH-104221,A10001,80,HMBH,104221,CC,1,U4BC1B,69,11,77,52,25,163,154.5,94.79,90-100%,105.5,104.5,99.05,90-100%,57.5,50,86.96,Not Finished,8.5,50,Not Finished,TECHNIP,100,24,5,100,90-100%,24,5,0,24,5,100,SPS-009|SPS-012,ENVIADO|ENVIADO,1|1,NULL,7,3,HMBI-10001-03,95.71,Art. 4.3,15,93.005,HMBI,00074,Evaporador de pelicula fina- condensador- pesados- y lineas asociadas,Traceado
/A10001-80-HMBH-104221-U4BC1B-CC_02,HMBH-104221,A10001,80,HMBH,104221,CC,2,U4BC1B,23,2,24,23,1,28,27,96.43,90-100%,27,27,100,90-100%,1,NULL,0,Not Finished,1,43,Not Finished,TECHNIP,100,10,3,100,90-100%,10,3,0,0,0,0,NOT APPLY,NULL,NULL,NULL,5,3,HMBI-10001-03,40,Art. 4.3,15,50,HMBI,00074,Evaporador de pelicula fina- condensador- pesados- y lineas asociadas,Traceado
/A10001-80-HMBH-104221-U4BC1B-CC_03,HMBH-104221,A10001,80,HMBH,104221,CC,3,U4BC1B,5,1,6,5,1,6,5,83.33,NULL,5,5,100,90-100%,1,NULL,0,Not Finished,1,8,Not Finished,NOT APPLY,NULL,0,0,NULL,NULL,0,0,0,0,0,0,NOT APPLY,NULL,NULL,NULL,5,3,HMBI-10001-03,50,Art. 4.3,15,50,HMBI,00074,Evaporador de pelicula fina- condensador- pesados- y lineas asociadas,Traceado
/A10001-80-HMBH-104231-U4BC1B-CC_01,HMBH-104231,A10001,80,HMBH,104231,CC,1,U4BC1B,22,2,25,17,8,44.25,44.25,100,90-100%,25,25,100,90-100%,19.25,19.25,100,90-100%,0,50,15,TECHNIP,100,4,1,100,90-100%,4,1,0,4,1,100,SPS-010,ENVIADO,1,Ready for Dossier,10,3,HMBI-10001-03,100,Art. 4.3,15,100,HMBI,00074,Evaporador de pelicula fina- condensador- pesados- y lineas asociadas,Traceado
/A10001-80-HMBH-104241-U4BC1B-CC_01,HMBH-104241,A10001,80,HMBH,104241,CC,1,U4BC1B,51,9,55,43,12,139.5,139.5,100,90-100%,113.5,113.5,100,90-100%,26,26,100,90-100%,0,45,48,TECHNIP,100,34,10,100,90-100%,34,10,0,29,6,85.29,SPS-054,ENVIADO,1,NULL,7,4,HMBI-10001-03,95.59,Art. 4.3,15,100,HMBI,00074,Evaporador de pelicula fina- condensador- pesados- y lineas asociadas,Traceado
/A10001-80-HMBH-104243-U4BC1B-CC_01,HMBH-104243,A10001,80,HMBH,104243,CC,1,U4BC1B,11,4,14,10,4,33,32,96.97,90-100%,26,26,100,90-100%,7,6,85.71,Not Finished,1,50,Not Finished,TECHNIP,100,7,1,100,90-100%,7,1,0,0,0,0,NOT APPLY,NULL,NULL,NULL,5,4,HMBI-10001-03,65.71,Art. 4.3,15,92.855,HMBI,00074,Evaporador de pelicula fina- condensador- pesados- y lineas asociadas,Traceado
/A10001-80-HMBH-104261-U4BC1B-CCTN_01,HMBH-104261,A10001,80,HMBH,104261,CCTN,1,U4BC1B,45,9,52,37,15,131.5,131.5,100,90-100%,92.5,92.5,100,90-100%,39,39,100,90-100%,0,50,50,TECHNIP,100,20,7,100,90-100%,20,7,0,9,2,45,NOT APPLY,NULL,NULL,NULL,7,4,CHMB-10001-03,83.5,Art. 4.3,15,100,CHMB,00045,HMBI crudo A10001 reciclo pesados a esterificación,Traceado
/A10001-80-HMBH-104263-U4BC1B-CCTN_01,HMBH-104263,A10001,80,HMBH,104263,CCTN,1,U4BC1B,18,3,27,19,8,60,58,96.67,90-100%,45,45,100,90-100%,15,13,86.67,Not Finished,2,43,Not Finished,TECHNIP,100,8,2,100,90-100%,8,2,0,8,2,100,NOT APPLY,NULL,NULL,NULL,8,4,CHMB-10001-03,96,Art. 4.3,15,93.335,CHMB,00045,HMBI crudo A10001 reciclo pesados a esterificación,Traceado
/A10001-80-HMBI-104151-U4BC1B-CC_01,HMBI-104151,A10001,80,HMBI,104151,CC,1,U4BC1B,51,5,55,35,20,93,87,93.55,90-100%,46,46,100,90-100%,47,41,87.23,Not Finished,6,43,Not Finished,TECHNIP,92.31,13,3,92.31,90-100%,12,2,0,0,0,0,NOT APPLY,NULL,NULL,NULL,5,1004,HMBI-10001-01,66.17,Art. 4.3,15,93.615,HMBI,00078,Sistema de acumulacion temporal de HMBI y lineas asociadas,No
/A10001-80-HMBI-104152-U4BC1B-CC_01,HMBI-104152,A10001,80,HMBI,104152,CC,1,U4BC1B,10,2,10,8,2,21,18,85.71,NULL,15,15,100,90-100%,6,3,50,Not Finished,3,43,Not Finished,TECHNIP,100,6,1,100,90-100%,6,1,0,0,0,0,NOT APPLY,NULL,NULL,NULL,5,1004,HMBI-10001-01,55,Art. 4.3,15,75,HMBI,00078,Sistema de acumulacion temporal de HMBI y lineas asociadas,No
/A10001-80-HMBI-104622-U4BC1B-CC_01,HMBI-104622,A10001,80,HMBI,104622,CC,1,U4BC1B,10,4,11,8,3,33,33,100,90-100%,24,24,100,90-100%,9,9,100,90-100%,0,44,47,TECHNIP,87.5,8,2,87.5,NULL,7,1,0,0,0,0,NOT APPLY,NULL,NULL,NULL,7,1002,HMBI-10001-01,70,Art. 4.3,15,100,HMBI,00078,Sistema de acumulacion temporal de HMBI y lineas asociadas,No
/A10001-80-INC-10494-U4BC1B-NC_01,INC-10494,A10001,80,INC,10494,NC,1,U4BC1B,12,3,16,11,5,43.5,33,75.86,NULL,33,33,100,90-100%,10.5,NULL,0,Not Finished,10.5,41,Not Finished,TECHNIP,100,6,3,100,90-100%,6,3,0,0,0,0,NOT APPLY,NULL,NULL,NULL,5,34,INC-10001-01,40,I,15,50,INC,00088,Venteos gaseosos con blanketing,PP
/A10001-80-IPA-102304-U4BC1B-CC_01,IPA-102304,A10001,80,IPA,102304,CC,1,U4BC1B,28,3,30,27,3,68.5,68.5,100,90-100%,62.5,62.5,100,90-100%,6,6,100,90-100%,0,43,44,TECHNIP,100,4,1,100,90-100%,4,1,0,4,1,100,NOT APPLY,NULL,NULL,Ready for Dossier,10,38,CIPA-10001-01,100,Art. 4.3,15,100,CIPA,00047,Recipiente recolección IPA a destilación,Si
/A10001-80-IPA-15528-U4BC1B-NC_01,IPA-15528,A10001,80,IPA,15528,NC,1,U4BC1B,17,4,19,17,2,47,47,100,90-100%,41,41,100,90-100%,6,6,100,90-100%,0,43,46,TECHNIP,100,6,4,100,90-100%,6,4,0,4,2,66.67,SPS-011,ENVIADO,1,NULL,7,29|73,IPA-10004-01,90,Art. 4.3,15,100,IPA,00090,Tanque IPA,No
/A10001-80-RHO-66522-U4CC1E-CC_01,RHO-66522,A10001,80,RHO,66522,CC,1,U4CC1E,31,6,31,26,5,73,69,94.52,90-100%,57,57,100,90-100%,16,12,75,Not Finished,4,47,Not Finished,TECHNIP,50,2,1,50,NULL,1,0,0,0,0,0,NOT APPLY,NULL,NULL,NULL,5,52,AT97-A6001-01,62.5,Art. 4.3,15,87.5,AT97,00037,Importación AT97,Traceado
/A10001-80-RHO-66597-U4CC1E-CCTN_01,RHO-66597,A10001,80,RHO,66597,CCTN,1,U4CC1E,49,11,51,46,5,125,115,92,90-100%,109,109,100,90-100%,16,6,37.5,Not Finished,10,47,Not Finished,TECHNIP,95.45,22,6,95.45,90-100%,21,5,0,13,2,59.09,NOT APPLY,NULL,NULL,NULL,5,139|52,AT97-A6001-01,68.98,Art. 4.3,15,68.75,AT97,00037,Importación AT97,Traceado
/A10001-80-RIPA-105423-U4BC1B-CC_01,RIPA-105423,A10001,80,RIPA,105423,CC,1,U4BC1B,15,4,19,14,5,48,48,100,90-100%,36,36,100,90-100%,12,12,100,90-100%,0,43,48,TECHNIP,100,11,4,100,90-100%,11,4,0,11,4,100,NOT APPLY,NULL,NULL,Ready for Dossier,10,74,RIPA-10003-01,100,I,15,100,RIPA,00110,Recipiente IPA reciclado y lineas asociadas,PP
/A10001-80-RIPA-105451-U4BC1B-PP_01,RIPA-105451,A10001,80,RIPA,105451,PP,1,U4BC1B,61,11,69,45,24,151,151,100,90-100%,83,83,100,90-100%,68,68,100,90-100%,0,43,52,TECHNIP,100,26,11,100,90-100%,26,11,0,15,6,57.69,NOT APPLY,NULL,NULL,NULL,7,75,RIPA-10001-01,87.31,II,15,100,RIPA,00111,Linea de IPA hacia esterificacion,PP
/A10001-80-RIPA-105452-U4BC1B-PP_01,RIPA-105452,A10001,80,RIPA,105452,PP,1,U4BC1B,39,9,44,35,9,100,100,100,90-100%,79,79,100,90-100%,21,21,100,90-100%,0,42,48,TECHNIP,100,24,7,100,90-100%,24,7,0,14,5,58.33,NOT APPLY,NULL,NULL,NULL,7,75,RIPA-10001-01,87.5,I,15,100,RIPA,00111,Linea de IPA hacia esterificacion,PP
/A10001-80-V6-101187-U1CD2B-CC_01,V6-101187,A10001,80,V6,101187,CC,1,U1CD2B,31,4,32,31,1,58.75,58.75,100,90-100%,58.75,58.75,100,90-100%,0,NULL,NULL,NOT REQUIRED,0,42,NOT REQUIRED,TECHNIP,100,9,3,100,90-100%,9,3,0,5,1,55.56,NOT APPLY,NULL,NULL,NULL,7,1021,CHMB-10001-01,0,Art. 4.3,23.52,100,CHMB,00043,HMBI crudo A10001 reactor 1,Si
/A10001-80-V6-101298-U1CD2B-CC_01,V6-101298,A10001,80,V6,101298,CC,1,U1CD2B,32,4,33,31,2,58.75,58.75,100,90-100%,58.75,58.75,100,90-100%,0,NULL,NULL,NOT REQUIRED,0,51,NOT REQUIRED,TECHNIP,100,9,3,100,90-100%,9,3,0,0,0,0,NOT APPLY,NULL,NULL,NULL,7,1021,CHMB-10001-02,0,Art. 4.3,23.52,100,CHMB,00044,HMBI crudo A10001 reactor 2,Si
/A10001-80-V6-102206-U1CD2B-CC_01,V6-102206,A10001,80,V6,102206,CC,1,U1CD2B,75,12,77,72,5,145.75,133,91.25,90-100%,133,133,100,90-100%,12.75,NULL,0,Not Finished,12.75,45,Not Finished,TECHNIP,100,27,10,100,90-100%,27,10,0,0,0,0,NOT APPLY,NULL,NULL,NULL,5,1018|159,HMBC-10001-01,40,Art. 4.3,23.52,50,HMBC,00072,Evaporador IPA,Si
/A10001-80-V6-103504-U1CD2B-CC_01,V6-103504,A10001,80,V6,103504,CC,1,U1CD2B,112,18,120,108,12,201.75,184,91.2,90-100%,184,184,100,90-100%,17.75,NULL,0,Not Finished,17.75,48,Not Finished,TECHNIP,97.37,38,13,97.37,90-100%,37,12,1,1,0,2.63,NOT APPLY,NULL,NULL,NULL,5,1019|159,V6-00000-01,40.79,Art. 4.3,23.52,50,V6,00118,Distribución general vapor,Si
/A10001-80-V6-104105-U1CD2B-CC_01,V6-104105,A10001,80,V6,104105,CC,1,U1CD2B,88,18,97,85,12,196.25,170.75,87.01,NULL,167.75,167.75,100,90-100%,28.5,3,10.53,Not Finished,25.5,51,Not Finished,TECHNIP,100,32,11,100,90-100%,32,11,0,2,0,6.25,NOT APPLY,NULL,NULL,NULL,5,1020|159,V6-00000-01,45.03,Art. 4.3,23.52,55.265,V6,00118,Distribución general vapor,Si
/A10001-80-V6-104106-U1CD2B-CC_01,V6-104106,A10001,80,V6,104106,CC,1,U1CD2B,43,6,45,41,4,91,82,90.11,90-100%,82,82,100,90-100%,9,NULL,0,Not Finished,9,52,Not Finished,TECHNIP,100,20,5,100,90-100%,20,5,0,0,0,0,NOT APPLY,NULL,NULL,NULL,5,1020,HMBI-10001-03,40,Art. 4.3,23.52,50,HMBI,00074,Evaporador de pelicula fina- condensador- pesados- y lineas asociadas,Traceado
/A10001-80-V6-104108-U1CD2B-CC_01,V6-104108,A10001,80,V6,104108,CC,1,U1CD2B,43,6,47,42,5,91.75,82.75,90.19,90-100%,82.75,82.75,100,90-100%,9,NULL,0,Not Finished,9,52,Not Finished,TECHNIP,100,16,5,100,90-100%,16,5,0,0,0,0,NOT APPLY,NULL,NULL,NULL,5,1020,HMBI-10001-03,40,Art. 4.3,23.52,50,HMBI,00074,Evaporador de pelicula fina- condensador- pesados- y lineas asociadas,Traceado
/A10001-80-V6-104199-U1CD2B-CC_01,V6-104199,A10001,80,V6,104199,CC,1,U1CD2B,43,5,45,41,4,88.75,82.75,93.24,90-100%,79.75,79.75,100,90-100%,9,3,33.33,Not Finished,6,51,Not Finished,TECHNIP,100,15,5,100,90-100%,15,5,0,0,0,0,NOT APPLY,NULL,NULL,NULL,5,1020,HMBI-10001-03,50,Art. 4.3,23.52,66.665,HMBI,00074,Evaporador de pelicula fina- condensador- pesados- y lineas asociadas,Traceado
/A10001-80-V6-95605-U1CD2B-CC_01,V6-95605,A10001,80,V6,95605,CC,1,U1CD2B,4,1,4,4,0,9.5,9.5,100,90-100%,9.5,9.5,100,90-100%,0,NULL,NULL,NOT REQUIRED,0,41,NOT REQUIRED,NOT APPLY,NULL,0,0,NULL,NULL,0,0,0,0,0,0,NOT APPLY,NULL,NULL,NULL,7,56,C6-10001-02,100,Art. 4.3,23.52,100,C6,00040,Estabilización condensados antes de exportación,Si
/A10001-80-VE1-108055-U4BC1B-NC_01,VE1-108055,A10001,80,VE1,108055,NC,1,U4BC1B,7,2,10,6,4,27,24,88.89,NULL,15,15,100,90-100%,12,9,75,Not Finished,3,43,Not Finished,TECHNIP,100,4,1,100,90-100%,4,1,0,3,0,75,NOT APPLY,NULL,NULL,NULL,5,157,VE1-10001-01,85,I,15,87.5,VE1,00120,Venteos gaseosos sin blanketing,No
/A10001-80-VT2-95609-U1CD2B-CC_01,VT2-95609,A10001,80,VT2,95609,CC,1,U1CD2B,2,1,2,2,0,6,6,100,90-100%,6,6,100,90-100%,0,NULL,NULL,NOT REQUIRED,0,42,NOT REQUIRED,NOT APPLY,NULL,0,0,NULL,NULL,0,0,0,0,0,0,NOT APPLY,NULL,NULL,NULL,7,56,C6-10001-02,100,Art. 4.3,23.52,100,C6,00040,Estabilización condensados antes de exportación,Si
/A10001-80-VT4-102106-U4BC1B-CC_03,VT4-102106,A10001,80,VT4,102106,CC,3,U4BC1B,3,1,3,3,0,6,6,100,90-100%,6,6,100,90-100%,0,NULL,NULL,NOT REQUIRED,0,43,NOT REQUIRED,NOT APPLY,NULL,0,0,NULL,NULL,0,0,0,0,0,0,NOT APPLY,NULL,NULL,NULL,7,53,INC-10001-04,100,I,15,100,INC,00085,Condensacion de IPA en evaporacion IPA/agua,No
/A10001-80-VT4-102106-U4BC1B-CC_06,VT4-102106,A10001,80,VT4,102106,CC,6,U4BC1B,3,1,3,3,0,6,6,100,90-100%,6,6,100,90-100%,0,NULL,NULL,NOT REQUIRED,0,43,NOT REQUIRED,NOT APPLY,NULL,0,0,NULL,NULL,0,0,0,0,0,0,NOT APPLY,NULL,NULL,NULL,7,53,INC-10001-04,100,I,15,100,INC,00085,Condensacion de IPA en evaporacion IPA/agua,No
/A10001-80-VT4-102106-U4BC1B-CC_07,VT4-102106,A10001,80,VT4,102106,CC,7,U4BC1B,3,1,3,3,0,6,6,100,90-100%,6,6,100,90-100%,0,NULL,NULL,NOT REQUIRED,0,43,NOT REQUIRED,NOT APPLY,NULL,0,0,NULL,NULL,0,0,0,0,0,0,NOT APPLY,NULL,NULL,NULL,7,53,INC-10001-04,100,I,15,100,INC,00085,Condensacion de IPA en evaporacion IPA/agua,No
/A10001-80-VT4-103699-U4BC1B-PP_01,VT4-103699,A10001,80,VT4,103699,PP,1,U4BC1B,2,1,2,2,0,6,6,100,90-100%,6,6,100,90-100%,0,NULL,NULL,NOT REQUIRED,0,37,NOT REQUIRED,NOT APPLY,NULL,0,0,NULL,NULL,0,0,0,0,0,0,NOT APPLY,NULL,NULL,NULL,7,53,HMBI-10001-02,100,I,15,100,HMBI,00076,Filtro rotativo- recipiente filtrato- recipiente torta- y lineas asociadas,Traceado
/A10001-80-VT4-104205-U4BC1B-CC_01,VT4-104205,A10001,80,VT4,104205,CC,1,U4BC1B,2,1,2,2,0,6,6,100,90-100%,6,6,100,90-100%,0,NULL,NULL,NOT REQUIRED,0,37,NOT REQUIRED,NOT APPLY,NULL,0,0,NULL,NULL,0,0,0,0,0,0,NOT APPLY,NULL,NULL,NULL,7,53,HMBI-10001-03,100,Art. 4.3,15,100,HMBI,00074,Evaporador de pelicula fina- condensador- pesados- y lineas asociadas,Traceado
/A10001-80-VT4-104205-U4BC1B-CC_02,VT4-104205,A10001,80,VT4,104205,CC,2,U4BC1B,4,1,4,3,1,9,9,100,90-100%,6,6,100,90-100%,3,3,100,90-100%,0,37,17,NOT APPLY,NULL,0,0,NULL,NULL,0,0,0,0,0,0,NOT APPLY,NULL,NULL,NULL,7,53,HMBI-10001-03,100,Art. 4.3,15,100,HMBI,00074,Evaporador de pelicula fina- condensador- pesados- y lineas asociadas,Traceado
/A10001-80-VT4-104205-U4BC1B-CC_03,VT4-104205,A10001,80,VT4,104205,CC,3,U4BC1B,3,1,3,3,0,9,9,100,90-100%,9,9,100,90-100%,0,NULL,NULL,NOT REQUIRED,0,38,NOT REQUIRED,NOT APPLY,NULL,0,0,NULL,NULL,0,0,0,0,0,0,NOT APPLY,NULL,NULL,NULL,7,53,HMBI-10001-03,100,Art. 4.3,15,100,HMBI,00074,Evaporador de pelicula fina- condensador- pesados- y lineas asociadas,Traceado
/A10001-900-HMBI-104103-U4BC1B-CC_01,HMBI-104103,A10001,900,HMBI,104103,CC,1,U4BC1B,14,2,15,9,6,155,155,100,90-100%,11,11,100,90-100%,144,144,100,90-100%,0,47,8,NOT APPLY,NULL,0,0,NULL,NULL,0,0,0,0,0,0,NOT APPLY,NULL,NULL,NULL,7,1110,HMBI-10001-03,100,Art. 4.3,15,100,HMBI,00074,Evaporador de pelicula fina- condensador- pesados- y lineas asociadas,Traceado
/A10003-100-AR-105453-U1BC2A-PP_01,AR-105453,A10003,100,AR,105453,PP,1,U1BC2A,40,7,44,37,7,120,120,100,90-100%,100,100,100,90-100%,20,20,100,90-100%,0,45,17,TECHNIP,100,6,3,100,90-100%,6,3,0,6,3,100,NOT APPLY,NULL,NULL,Ready for Dossier,10,1037,RIPA-10003-01,100,Art. 4.3,15,100,RIPA,00110,Recipiente IPA reciclado y lineas asociadas,PP
/A10003-100-AR-105454-U1BC2A-PP_01,AR-105454,A10003,100,AR,105454,PP,1,U1BC2A,20,3,22,14,8,44,44,100,90-100%,18,18,100,90-100%,26,26,100,90-100%,0,45,17,TECHNIP,100,4,2,100,90-100%,4,2,0,4,2,100,NOT APPLY,NULL,NULL,Ready for Dossier,10,1037,AR-00000-01,100,Art. 4.3,15,100,AR,00011,Agua refrigeración (colector),No (PP 20%)
/A10003-100-AR-105573-U1BC2A-PP_01,AR-105573,A10003,100,AR,105573,PP,1,U1BC2A,49,7,53,44,9,146,146,100,90-100%,122,122,100,90-100%,24,24,100,90-100%,0,52,17,TECHNIP,100,9,3,100,90-100%,9,3,0,8,2,88.89,NOT APPLY,NULL,NULL,NULL,7,1037,AR-00000-01,96.67,Art. 4.3,15,100,AR,00011,Agua refrigeración (colector),No (PP 20%)
/A10003-100-AR-105574-U1BC2A-PP_01,AR-105574,A10003,100,AR,105574,PP,1,U1BC2A,20,4,23,17,6,48,48,100,90-100%,34,34,100,90-100%,14,14,100,90-100%,0,52,17,TECHNIP,100,6,4,100,90-100%,6,4,0,5,3,83.33,NOT APPLY,NULL,NULL,NULL,7,1037,AR-00000-01,95,Art. 4.3,15,100,AR,00011,Agua refrigeración (colector),No (PP 20%)
/A10003-100-CYH-15552-U4BC1B-CCTN_01,CYH-15552,A10003,100,CYH,15552,CCTN,1,U4BC1B,30,6,32,26,6,101.5,97.5,96.06,90-100%,77.5,73.5,94.84,90-100%,24,24,100,90-100%,4,41,47,NOT APPLY,NULL,0,0,NULL,NULL,0,0,0,0,0,0,NOT APPLY,NULL,NULL,NULL,6,86,CYH-10004-01,97.42,Art. 4.3,15,97.42,CYH,00051,Bomba carga IPA / CYH,Traceado
/A10003-100-EFL-108906-U4BC1B-NC_01,EFL-108906,A10003,100,EFL,108906,NC,1,U4BC1B,7,1,8,5,3,26,26,100,90-100%,20,20,100,90-100%,6,6,100,90-100%,0,39,47,TECHNIP,100,7,1,100,90-100%,7,1,0,7,1,100,NOT APPLY,NULL,NULL,Ready for Dossier,10,87,EFL-10003-04,100,I,15,100,EFL,00056,Recipiente enterrado efluentes IPA y lineas asociadas,No
/A10003-100-EFL-108953-U4BC1B-NC_01,EFL-108953,A10003,100,EFL,108953,NC,1,U4BC1B,3,2,3,3,0,12,12,100,90-100%,12,12,100,90-100%,0,NULL,NULL,NOT REQUIRED,0,44,NOT REQUIRED,TECHNIP,33.33,3,2,33.33,NULL,1,0,0,0,0,0,NOT APPLY,NULL,NULL,NULL,7,2034,EFL-10003-03,0,I,15,100,EFL,00063,Pit drenajes abierto IPA y lineas asociadas,No
/A10003-100-RIPA-105203-U4BC1B-CC_01,RIPA-105203,A10003,100,RIPA,105203,CC,1,U4BC1B,38,7,42,33,9,121.5,121.5,100,90-100%,96.5,96.5,100,90-100%,25,25,100,90-100%,0,42,50,TECHNIP,100,15,4,100,90-100%,15,4,0,5,0,33.33,SPS-083|SPS-084,ENVIADO|ENVIADO,1|1,NULL,7,84,RIPA-10003-02,80,I,15,100,RIPA,00109,Decantador y lineas asociadas,Traceado
/A10003-100-RIPA-105204-U4BC1B-CC_01,RIPA-105204,A10003,100,RIPA,105204,CC,1,U4BC1B,14,2,15,12,3,43,43,100,90-100%,36,36,100,90-100%,7,7,100,90-100%,0,41,48,TECHNIP,100,4,1,100,90-100%,4,1,0,2,0,50,SPS-087,ENVIADO,1,NULL,7,84,RIPA-10003-02,85,I,15,100,RIPA,00109,Decantador y lineas asociadas,Traceado
/A10003-100-RIPA-105208-U4BC1B-NC_01,RIPA-105208,A10003,100,RIPA,105208,NC,1,U4BC1B,7,1,8,7,1,26,26,100,90-100%,26,26,100,90-100%,0,NULL,NULL,NOT REQUIRED,0,42,NOT REQUIRED,TECHNIP,100,12,3,100,90-100%,12,3,0,12,3,100,NOT APPLY,NULL,NULL,Ready for Dossier,10,2037,RIPA-10003-02,0,NULL,15,100,RIPA,00109,Decantador y lineas asociadas,Traceado
/A10003-100-RIPA-105406-U4BC1B-CC_01,RIPA-105406,A10003,100,RIPA,105406,CC,1,U4BC1B,5,1,5,3,2,10,10,100,90-100%,2,2,100,90-100%,8,8,100,90-100%,0,39,8,NOT APPLY,NULL,0,0,NULL,NULL,0,0,0,0,0,0,NOT APPLY,NULL,NULL,NULL,7,111,RIPA-10003-01,100,I,15,100,RIPA,00110,Recipiente IPA reciclado y lineas asociadas,PP
/A10003-100-RIPA-105421-U4BC1B-CC_01,RIPA-105421,A10003,100,RIPA,105421,CC,1,U4BC1B,70,11,81,61,20,221,221,100,90-100%,170,170,100,90-100%,51,51,100,90-100%,0,43,49,TECHNIP,100,29,9,100,90-100%,29,9,0,23,4,79.31,SPS-078|SPS-080,ENVIADO|ENVIADO,1|1,NULL,7,88,RIPA-10003-01,93.79,I,15,100,RIPA,00110,Recipiente IPA reciclado y lineas asociadas,PP
/A10003-100-RIPA-105421-U4BC1B-CC_02,RIPA-105421,A10003,100,RIPA,105421,CC,2,U4BC1B,16,2,18,14,4,16,15,93.75,90-100%,12,12,100,90-100%,4,3,75,Not Finished,1,42,Not Finished,TECHNIP,100,2,1,100,90-100%,2,1,0,1,0,50,NOT APPLY,NULL,NULL,NULL,5,88,RIPA-10003-01,77.5,I,15,87.5,RIPA,00110,Recipiente IPA reciclado y lineas asociadas,PP
/A10003-100-RIPA-105421-U4BC1B-CC_03,RIPA-105421,A10003,100,RIPA,105421,CC,3,U4BC1B,28,2,30,27,3,34,33,97.06,90-100%,31,31,100,90-100%,3,2,66.67,Not Finished,1,46,Not Finished,TECHNIP,100,8,2,100,90-100%,8,2,0,3,0,37.5,NOT APPLY,NULL,NULL,NULL,5,88,RIPA-10003-01,71.25,I,15,83.335,RIPA,00110,Recipiente IPA reciclado y lineas asociadas,PP
/A10003-100-RIPA-105431-U4BC1B-CC_01,RIPA-105431,A10003,100,RIPA,105431,CC,1,U4BC1B,20,2,22,20,2,59,59,100,90-100%,57,57,100,90-100%,2,2,100,90-100%,0,42,6,TECHNIP,100,4,1,100,90-100%,4,1,0,2,0,50,SPS-079,ENVIADO,1,NULL,7,88,RIPA-10003-01,85,I,15,100,RIPA,00110,Recipiente IPA reciclado y lineas asociadas,PP
/A10003-100-RIPA-105503-U4BC1B-CC_01,RIPA-105503,A10003,100,RIPA,105503,CC,1,U4BC1B,16,3,17,13,4,57.5,57.5,100,90-100%,45.5,45.5,100,90-100%,12,12,100,90-100%,0,39,48,TECHNIP,100,6,1,100,90-100%,6,1,0,6,1,100,NOT APPLY,NULL,NULL,Ready for Dossier,10,89,EFL-10003-06,100,I,15,100,EFL,00055,Segunda columna de destilacion y elementos asociados,Traceado
/A10003-100-RIPA-105504-U4BC1B-CC_01,RIPA-105504,A10003,100,RIPA,105504,CC,1,U4BC1B,3,1,3,3,0,10,10,100,90-100%,10,10,100,90-100%,0,NULL,NULL,NOT REQUIRED,0,39,NOT REQUIRED,NOT APPLY,NULL,0,0,NULL,NULL,0,0,0,0,0,0,NOT APPLY,NULL,NULL,NULL,7,111,EFL-10003-06,100,I,15,100,EFL,00055,Segunda columna de destilacion y elementos asociados,Traceado
/A10003-100-RIPA-105563-U4BC1B-PP_01,RIPA-105563,A10003,100,RIPA,105563,PP,1,U4BC1B,30,8,34,24,10,106.5,106.5,100,90-100%,73.75,73.75,100,90-100%,32.75,32.75,100,90-100%,0,43,48,TECHNIP,100,6,3,100,90-100%,6,3,0,6,3,100,NOT APPLY,NULL,NULL,Ready for Dossier,10,90,RIPA-10003-04,100,Art. 4.3,15,100,RIPA,00113,Condensador segunda columna y lineas asociadas,PP
/A10003-100-RIPA-105606-U4BC1B-CC_01,RIPA-105606,A10003,100,RIPA,105606,CC,1,U4BC1B,6,1,6,4,2,11,11,100,90-100%,5.5,5.5,100,90-100%,5.5,5.5,100,90-100%,0,39,12,NOT APPLY,NULL,0,0,NULL,NULL,0,0,0,0,0,0,NOT APPLY,NULL,NULL,NULL,7,111,RIPA-10003-03,100,I,15,100,RIPA,00114,Recipiente reflujo segunda columna y lineas asociadas,PP
/A10003-100-V6-105355-U1CD2B-CC_01,V6-105355,A10003,100,V6,105355,CC,1,U1CD2B,34,5,37,28,9,85.5,81.5,95.32,90-100%,64.75,64.75,100,90-100%,20.75,16.75,80.72,Not Finished,4,45,Not Finished,TECHNIP,100,15,3,100,90-100%,15,3,0,11,1,73.33,NOT APPLY,NULL,NULL,NULL,5,1041,RIPA-10003-05,86.22,Art. 4.3,23.52,90.36,RIPA,00112,Primera columna de destilacion y elementos asociados,PP
/A10003-100-V6-105557-U1CD2B-CC_01,V6-105557,A10003,100,V6,105557,CC,1,U1CD2B,50,8,56,48,8,142,138,97.18,90-100%,128,128,100,90-100%,14,10,71.43,Not Finished,4,45,Not Finished,TECHNIP,92.86,14,4,92.86,90-100%,13,3,0,11,1,78.57,SPS-106,ENVIADO,1,NULL,5,1042|159,V6-00000-01,85,Art. 4.3,23.52,85.715,V6,00118,Distribución general vapor,Si
/A10003-100-V6-105557-U1CD2B-CC_02,V6-105557,A10003,100,V6,105557,CC,2,U1CD2B,24,5,27,23,4,19.5,19.5,100,90-100%,16.5,16.5,100,90-100%,3,3,100,90-100%,0,50,18,TECHNIP,100,8,4,100,90-100%,8,4,0,8,4,100,NOT APPLY,NULL,NULL,Ready for Dossier,10,1042,V6-00000-01,100,Art. 4.3,23.52,100,V6,00118,Distribución general vapor,Si
/A10003-150-C6-105356-U1CD2B-CC_01,C6-105356,A10003,150,C6,105356,CC,1,U1CD2B,16,4,20,15,5,84.25,84.25,100,90-100%,65.5,65.5,100,90-100%,18.75,18.75,100,90-100%,0,11,15,TECHNIP,100,6,2,100,90-100%,6,2,0,6,2,100,SPS-107,ENVIADO,1,Ready for Dossier,10,65,C6-00000-01,100,I,23.52,100,C6,00038,Condensados general,Si
/A10003-150-C6-105356-U1CD2B-CC_02,C6-105356,A10003,150,C6,105356,CC,2,U1CD2B,11,2,13,11,2,9.75,9.75,100,90-100%,8.25,8.25,100,90-100%,1.5,1.5,100,90-100%,0,9,15,TECHNIP,100,5,2,100,90-100%,5,2,0,5,2,100,NOT APPLY,NULL,NULL,Ready for Dossier,10,65,C6-00000-01,100,I,23.52,100,C6,00038,Condensados general,Si
/A10003-150-EFL-105551-U4BC1B-CC_01,EFL-105551,A10003,150,EFL,105551,CC,1,U4BC1B,19,3,19,13,6,90,90,100,90-100%,67,67,100,90-100%,23,23,100,90-100%,0,39,50,TECHNIP,100,1,1,100,90-100%,1,1,0,1,1,100,SPS-068,ENVIADO,1,Ready for Dossier,10,81,EFL-10003-06,100,II,15,100,EFL,00055,Segunda columna de destilacion y elementos asociados,Traceado
/A10003-150-EFL-108903-U4BC1B-PP_01,EFL-108903,A10003,150,EFL,108903,PP,1,U4BC1B,92,9,93,74,19,308.5,294,95.3,90-100%,276,276,100,90-100%,32.5,18,55.38,Not Finished,14.5,42,Not Finished,TECHNIP,100,13,12,100,90-100%,13,12,0,0,0,0,NOT APPLY,NULL,NULL,NULL,5,80,EFL-10003-01,56.61,II,15,77.69,EFL,00054,Sistema de drenajes EFL-3,PP
/A10003-150-EFL-108907-U4BC1B-NC_01,EFL-108907,A10003,150,EFL,108907,NC,1,U4BC1B,33,6,40,32,8,174,174,100,90-100%,138,138,100,90-100%,36,36,100,90-100%,0,39,8,TECHNIP,90.48,21,11,90.48,90-100%,19,9,0,17,7,80.95,NOT APPLY,NULL,NULL,NULL,7,2035,EFL-10003-04,94.29,NULL,15,100,EFL,00056,Recipiente enterrado efluentes IPA y lineas asociadas,No
/A10003-150-RIPA-105317-U4BC1B-CC_01,RIPA-105317,A10003,150,RIPA,105317,CC,1,U4BC1B,2,1,2,2,0,12,12,100,90-100%,12,12,100,90-100%,0,NULL,NULL,NOT REQUIRED,0,40,NOT REQUIRED,NOT APPLY,NULL,0,0,NULL,NULL,0,0,0,0,0,0,NOT APPLY,NULL,NULL,NULL,7,112,RIPA-10003-05,100,II,15,100,RIPA,00112,Primera columna de destilacion y elementos asociados,PP
/A10003-150-RIPA-105321-U4BC1B-CC_01,RIPA-105321,A10003,150,RIPA,105321,CC,1,U4BC1B,117,17,126,102,24,308,300,97.4,90-100%,262.5,258.5,98.48,90-100%,45.5,41.5,91.21,90-100%,8,48,50,TECHNIP,95.45,44,16,95.45,90-100%,42,14,0,27,5,61.36,SPS-067,ENVIADO,1,NULL,4,91,RIPA-10003-05,85.16,II,15,94.845,RIPA,00112,Primera columna de destilacion y elementos asociados,PP
/A10003-150-RIPA-105321-U4BC1B-CC_02,RIPA-105321,A10003,150,RIPA,105321,CC,2,U4BC1B,14,3,17,14,3,16.75,16.75,100,90-100%,13.75,13.75,100,90-100%,3,3,100,90-100%,0,47,47,NOT APPLY,NULL,0,0,NULL,NULL,0,0,0,0,0,0,NOT APPLY,NULL,NULL,NULL,7,91,RIPA-10003-05,100,II,15,100,RIPA,00112,Primera columna de destilacion y elementos asociados,PP
/A10003-150-RIPA-105322-U4BC1B-CC_01,RIPA-105322,A10003,150,RIPA,105322,CC,1,U4BC1B,0,0,8,5,3,42,42,100,90-100%,30,30,100,90-100%,12,12,100,90-100%,0,41,48,NOT APPLY,NULL,0,0,NULL,NULL,0,0,0,0,0,0,NOT APPLY,NULL,NULL,NULL,7,91,RIPA-10003-05,100,II,15,100,RIPA,00112,Primera columna de destilacion y elementos asociados,PP
/A10003-150-RIPA-105331-U4BC1B-CC_01,RIPA-105331,A10003,150,RIPA,105331,CC,1,U4BC1B,18,2,19,15,4,65.5,65.5,100,90-100%,45,45,100,90-100%,20.5,20.5,100,90-100%,0,40,50,TECHNIP,100,4,1,100,90-100%,4,1,0,3,0,75,SPS-062,ENVIADO,1,NULL,7,91,RIPA-10003-05,92.5,II,15,100,RIPA,00112,Primera columna de destilacion y elementos asociados,PP
/A10003-150-RIPA-105362-U4BC1B-CCTN_01,RIPA-105362,A10003,150,RIPA,105362,CCTN,1,U4BC1B,19,2,19,18,1,91,91,100,90-100%,85,85,100,90-100%,6,6,100,90-100%,0,41,45,TECHNIP,100,2,1,100,90-100%,2,1,0,2,1,100,NOT APPLY,NULL,NULL,Ready for Dossier,10,92,RIPA-10003-02,100,Art. 4.3,15,100,RIPA,00109,Decantador y lineas asociadas,Traceado
/A10003-150-RIPA-105363-U4BC1B-CC_01,RIPA-105363,A10003,150,RIPA,105363,CC,1,U4BC1B,22,6,27,15,12,144,144,100,90-100%,78,78,100,90-100%,66,66,100,90-100%,0,40,48,TECHNIP,100,15,5,100,90-100%,15,5,0,13,4,86.67,NOT APPLY,NULL,NULL,NULL,7,92,RIPA-10003-02,96,II,15,100,RIPA,00109,Decantador y lineas asociadas,Traceado
/A10003-150-RIPA-105401-U4BC1B-CC_01,RIPA-105401,A10003,150,RIPA,105401,CC,1,U4BC1B,27,5,29,23,6,133,133,100,90-100%,112,112,100,90-100%,21,21,100,90-100%,0,42,50,TECHNIP,100,7,2,100,90-100%,7,2,0,7,2,100,SPS-080|SPS-078,ENVIADO|ENVIADO,1|1,Ready for Dossier,10,93,RIPA-10003-01,100,II,15,100,RIPA,00110,Recipiente IPA reciclado y lineas asociadas,PP
/A10003-150-RIPA-105402-U4BC1B-CC_01,RIPA-105402,A10003,150,RIPA,105402,CC,1,U4BC1B,13,2,14,12,2,49,49,100,90-100%,43,43,100,90-100%,6,6,100,90-100%,0,41,47,TECHNIP,100,4,1,100,90-100%,4,1,0,4,1,100,SPS-079,ENVIADO,1,Ready for Dossier,10,93,RIPA-10003-01,100,II,15,100,RIPA,00110,Recipiente IPA reciclado y lineas asociadas,PP
/A10003-150-RIPA-105407-U4BC1B-NC_01,RIPA-105407,A10003,150,RIPA,105407,NC,1,U4BC1B,11,5,15,9,6,75,75,100,90-100%,45,45,100,90-100%,30,30,100,90-100%,0,40,10,TECHNIP,100,11,4,100,90-100%,11,4,0,11,4,100,NOT APPLY,NULL,NULL,Ready for Dossier,10,2036,EFL-10003-05,100,NULL,15,100,EFL,00064,Drenajes abiertos de edificio IPA,PP
/A10003-150-RIPA-105408-U4BC1B-NC_01,RIPA-105408,A10003,150,RIPA,105408,NC,1,U4BC1B,20,3,33,30,3,119,119,100,90-100%,101,101,100,90-100%,18,18,100,90-100%,0,41,10,TECHNIP,90.91,11,6,90.91,90-100%,10,5,0,8,3,72.73,NOT APPLY,NULL,NULL,NULL,7,2036,EFL-10003-05,91.82,NULL,15,100,EFL,00064,Drenajes abiertos de edificio IPA,PP
/A10003-150-RIPA-105505-U4BC1B-NC_01,RIPA-105505,A10003,150,RIPA,105505,NC,1,U4BC1B,9,4,12,9,3,63,63,100,90-100%,51,51,100,90-100%,12,12,100,90-100%,0,40,11,TECHNIP,88.89,9,4,88.89,NULL,8,3,0,6,2,66.67,NOT APPLY,NULL,NULL,NULL,7,2038,EFL-10003-06,90,NULL,15,100,EFL,00055,Segunda columna de destilacion y elementos asociados,Traceado
/A10003-150-RIPA-105607-U4BC1B-NC_01,RIPA-105607,A10003,150,RIPA,105607,NC,1,U4BC1B,12,4,16,12,4,87,87,100,90-100%,69,69,100,90-100%,18,18,100,90-100%,0,40,13,TECHNIP,91.67,12,7,91.67,90-100%,11,6,0,7,2,58.33,NOT APPLY,NULL,NULL,NULL,7,2039,RIPA-10003-03,87.5,NULL,15,100,RIPA,00114,Recipiente reflujo segunda columna y lineas asociadas,PP
/A10003-150-V6-105354-U1CD2B-CC_01,V6-105354,A10003,150,V6,105354,CC,1,U1CD2B,48,7,52,43,9,177.5,171.5,96.62,90-100%,141.5,141.5,100,90-100%,36,30,83.33,Not Finished,6,52,Not Finished,TECHNIP,100,13,4,100,90-100%,13,4,0,13,4,100,NOT APPLY,NULL,NULL,NULL,8,117|159,V6-00000-01,95,I,23.52,91.665,V6,00118,Distribución general vapor,Si
/A10003-150-V6-105354-U1CD2B-CC_02,V6-105354,A10003,150,V6,105354,CC,2,U1CD2B,24,3,26,24,2,19.5,18,92.31,90-100%,18,18,100,90-100%,1.5,NULL,0,Not Finished,1.5,46,Not Finished,TECHNIP,100,6,2,100,90-100%,6,2,0,0,0,0,NOT APPLY,NULL,NULL,NULL,5,117,V6-00000-01,40,I,23.52,50,V6,00118,Distribución general vapor,Si
/A10003-15-ARC-105527-U1BC2A-NC_01,ARC-105527,A10003,15,ARC,105527,NC,1,U1BC2A,20,3,23,17,6,10.5,10.5,100,90-100%,7.5,7.5,100,90-100%,3,3,100,90-100%,0,46,20,TEIGA-TMI,0,3,3,0,NULL,0,0,0,0,0,0,NOT APPLY,NULL,NULL,NULL,7,1035,ARC-00000-01,70,Art. 4.3,15,100,ARC,00018,Aire de servicio (colector),No
/A10003-15-ARC-105534-U1BC2A-NC_01,ARC-105534,A10003,15,ARC,105534,NC,1,U1BC2A,18,3,22,17,5,11,11,100,90-100%,8.5,8.5,100,90-100%,2.5,2.5,100,90-100%,0,46,20,TEIGA-TMI,0,3,3,0,NULL,0,0,0,0,0,0,NOT APPLY,NULL,NULL,NULL,7,1035,ARC-00000-01,70,Art. 4.3,15,100,ARC,00018,Aire de servicio (colector),No
/A10003-15-ARC-108965-U1BC2A-NC_01,ARC-108965,A10003,15,ARC,108965,NC,1,U1BC2A,18,3,21,17,4,10.5,10.5,100,90-100%,8.5,8.5,100,90-100%,2,2,100,90-100%,0,46,20,TEIGA-TMI,0,3,3,0,NULL,0,0,0,0,0,0,NOT APPLY,NULL,NULL,NULL,7,1035,ARC-00000-01,70,Art. 4.3,15,100,ARC,00018,Aire de servicio (colector),No
/A10003-15-NI-108964-U1BD2A-NC_01,NI-108964,A10003,15,NI,108964,NC,1,U1BD2A,37,7,43,36,7,21.5,18,83.72,NULL,18,18,100,90-100%,3.5,NULL,0,Not Finished,3.5,46,Not Finished,TEIGA-TMI,0,3,3,0,NULL,0,0,0,0,0,0,NOT APPLY,NULL,NULL,NULL,5,161,EFL-10003-04,40,Art. 4.3,23.52,50,EFL,00056,Recipiente enterrado efluentes IPA y lineas asociadas,No
/A10003-200-AR-105364-U1BC2A-PP_01,AR-105364,A10003,200,AR,105364,PP,1,U1BC2A,24,4,27,18,9,108,108,100,90-100%,64,64,100,90-100%,44,44,100,90-100%,0,44,19,TECHNIP,100,5,3,100,90-100%,5,3,0,5,3,100,NOT APPLY,NULL,NULL,Ready for Dossier,10,1037,RIPA-10003-05,100,Art. 4.3,15,100,RIPA,00112,Primera columna de destilacion y elementos asociados,PP
/A10003-200-AR-105365-U1BC2A-PP_01,AR-105365,A10003,200,AR,105365,PP,1,U1BC2A,57,7,58,48,10,308,300,97.4,90-100%,243,243,100,90-100%,65,57,87.69,Not Finished,8,44,Not Finished,TECHNIP,100,10,4,100,90-100%,10,4,0,8,2,80,NOT APPLY,NULL,NULL,NULL,5,1037,AR-00000-01,90.31,Art. 4.3,15,93.845,AR,00011,Agua refrigeración (colector),No (PP 20%)
/A10003-200-EFL-105553-U4BC1B-NC_01,EFL-105553,A10003,200,EFL,105553,NC,1,U4BC1B,11,3,14,10,4,95,95,100,90-100%,71,71,100,90-100%,24,24,100,90-100%,0,40,40,TECHNIP,90.48,21,8,90.48,90-100%,19,6,0,17,4,80.95,NOT APPLY,NULL,NULL,NULL,7,2040,EFL-10003-06,94.29,NULL,15,100,EFL,00055,Segunda columna de destilacion y elementos asociados,Traceado
/A10003-200-RIPA-105302-U4BC1B-CC_01,RIPA-105302,A10003,200,RIPA,105302,CC,1,U4BC1B,31,5,32,25,7,177,177,100,90-100%,136,136,100,90-100%,41,41,100,90-100%,0,48,50,TECHNIP,90.91,11,3,90.91,90-100%,10,2,0,5,0,45.45,SPS-067,ENVIADO,1,NULL,7,91,RIPA-10003-05,83.64,II,15,100,RIPA,00112,Primera columna de destilacion y elementos asociados,PP
/A10003-200-RIPA-105303-U4BC1B-CC_01,RIPA-105303,A10003,200,RIPA,105303,CC,1,U4BC1B,16,2,17,13,4,65,65,100,90-100%,37,37,100,90-100%,28,28,100,90-100%,0,41,50,TECHNIP,100,4,1,100,90-100%,4,1,0,3,0,75,SPS-062,ENVIADO,1,NULL,7,91,RIPA-10003-05,92.5,Art. 4.3,15,100,RIPA,00112,Primera columna de destilacion y elementos asociados,PP
/A10003-20-ACL-108963-U4BC1B-CCTN_01,ACL-108963,A10003,20,ACL,108963,CCTN,1,U4BC1B,11,2,12,10,2,9,7.5,83.33,NULL,7.5,7.5,100,90-100%,1.5,NULL,0,Not Finished,1.5,50,Not Finished,TEIGA-TMI,0,3,3,0,NULL,0,0,0,0,0,0,NOT APPLY,NULL,NULL,NULL,5,1029,ACL-10003-01,40,Art. 4.3,15,50,ACL,00004,Agua caliente de lavados A10003,Traceado
/A10003-20-ACL-95292-U4BC1B-CCTN_01,ACL-95292,A10003,20,ACL,95292,CCTN,1,U4BC1B,9,2,14,12,2,10.5,9,85.71,NULL,9,9,100,90-100%,1.5,NULL,0,Not Finished,1.5,47,Not Finished,TEIGA-TMI,0,3,3,0,NULL,0,0,0,0,0,0,NOT APPLY,NULL,NULL,NULL,5,1029,ACL-10003-01,40,Art. 4.3,15,50,ACL,00004,Agua caliente de lavados A10003,Traceado
/A10003-20-ACL-95293-U4BC1B-CCTN_01,ACL-95293,A10003,20,ACL,95293,CCTN,1,U4BC1B,7,1,8,7,1,6,5.25,87.5,NULL,5.25,5.25,100,90-100%,0.75,NULL,0,Not Finished,0.75,41,Not Finished,TEIGA-TMI,0,3,3,0,NULL,0,0,0,0,0,0,NOT APPLY,NULL,NULL,NULL,5,1029,ACL-10003-01,40,Art. 4.3,15,50,ACL,00004,Agua caliente de lavados A10003,Traceado
/A10003-20-ACL-95294-U4BC1B-CCTN_01,ACL-95294,A10003,20,ACL,95294,CCTN,1,U4BC1B,8,2,12,10,2,10,8.25,82.5,NULL,8.25,8.25,100,90-100%,1.75,NULL,0,Not Finished,1.75,43,Not Finished,TEIGA-TMI,0,3,3,0,NULL,0,0,0,0,0,0,NOT APPLY,NULL,NULL,NULL,5,1029,ACL-10003-01,40,Art. 4.3,15,50,ACL,00004,Agua caliente de lavados A10003,Traceado
/A10003-20-ACL-95295-U4BC1B-CCTN_01,ACL-95295,A10003,20,ACL,95295,CCTN,1,U4BC1B,17,3,20,17,3,15,12.75,85,NULL,12.75,12.75,100,90-100%,2.25,NULL,0,Not Finished,2.25,43,Not Finished,TEIGA-TMI,0,3,3,0,NULL,0,0,0,0,0,0,NOT APPLY,NULL,NULL,NULL,5,1029,ACL-10003-01,40,Art. 4.3,15,50,ACL,00004,Agua caliente de lavados A10003,Traceado
/A10003-20-AR-105398-U1BC2A-NC_01,AR-105398,A10003,20,AR,105398,NC,1,U1BC2A,22,3,30,17,13,22.5,20.25,90,90-100%,12.75,12.75,100,90-100%,9.75,7.5,76.92,Not Finished,2.25,46,Not Finished,TEIGA-TMI,0,3,3,0,NULL,0,0,0,0,0,0,NOT APPLY,NULL,NULL,NULL,5,1038,RIPA-10003-05,63.08,Art. 4.3,15,88.46,RIPA,00112,Primera columna de destilacion y elementos asociados,PP
/A10003-20-AR-105399-U1BC2A-NC_01,AR-105399,A10003,20,AR,105399,NC,1,U1BC2A,20,3,30,18,12,22.5,21,93.33,90-100%,13.5,13.5,100,90-100%,9,7.5,83.33,Not Finished,1.5,46,Not Finished,TEIGA-TMI,0,3,3,0,NULL,0,0,0,0,0,0,NOT APPLY,NULL,NULL,NULL,5,1038,AR-00000-05,65,Art. 4.3,15,91.665,AR,00015,"Agua refrigeración 
(subcolectores A10005)",No (PP 18%)
/A10003-20-AR-105428-U1BC2A-NC_01,AR-105428,A10003,20,AR,105428,NC,1,U1BC2A,12,2,18,11,7,13.5,12.75,94.44,90-100%,8.25,8.25,100,90-100%,5.25,4.5,85.71,Not Finished,0.75,46,Not Finished,TEIGA-TMI,0,3,3,0,NULL,0,0,0,0,0,0,NOT APPLY,NULL,NULL,NULL,5,1038,RIPA-10003-01,65.71,Art. 4.3,15,92.855,RIPA,00110,Recipiente IPA reciclado y lineas asociadas,PP
/A10003-20-AR-105429-U1BC2A-NC_01,AR-105429,A10003,20,AR,105429,NC,1,U1BC2A,18,2,27,15,12,18,16.5,91.67,90-100%,9,9,100,90-100%,9,7.5,83.33,Not Finished,1.5,46,Not Finished,TEIGA-TMI,0,3,3,0,NULL,0,0,0,0,0,0,NOT APPLY,NULL,NULL,NULL,5,1038,AR-00000-05,65,Art. 4.3,15,91.665,AR,00015,"Agua refrigeración 
(subcolectores A10005)",No (PP 18%)
/A10003-20-AR-105525-U1BC2A-NC_01,AR-105525,A10003,20,AR,105525,NC,1,U1BC2A,15,2,20,15,5,15,14.25,95,90-100%,11.25,11.25,100,90-100%,3.75,3,80,Not Finished,0.75,46,Not Finished,TEIGA-TMI,0,3,3,0,NULL,0,0,0,0,0,0,NOT APPLY,NULL,NULL,NULL,5,1038,AR-00000-05,64,Art. 4.3,15,90,AR,00015,"Agua refrigeración 
(subcolectores A10005)",No (PP 18%)
/A10003-20-AR-105526-U1BC2A-NC_01,AR-105526,A10003,20,AR,105526,NC,1,U1BC2A,20,2,29,19,10,21,19.5,92.86,90-100%,13.5,13.5,100,90-100%,7.5,6,80,Not Finished,1.5,46,Not Finished,TEIGA-TMI,0,3,3,0,NULL,0,0,0,0,0,0,NOT APPLY,NULL,NULL,NULL,5,1038,AR-00000-05,64,Art. 4.3,15,90,AR,00015,"Agua refrigeración 
(subcolectores A10005)",No (PP 18%)
/A10003-20-AR-105624-U1BC2A-PP_01,AR-105624,A10003,20,AR,105624,PP,1,U1BC2A,11,2,20,11,9,15,14.25,95,90-100%,8.25,8.25,100,90-100%,6.75,6,88.89,Not Finished,0.75,46,Not Finished,TEIGA-TMI,0,3,3,0,NULL,0,0,0,0,0,0,NOT APPLY,NULL,NULL,NULL,5,1038,AR-00000-05,66.67,Art. 4.3,15,94.445,AR,00015,"Agua refrigeración 
(subcolectores A10005)",No (PP 18%)
/A10003-20-AR-105625-U1BC2A-PP_01,AR-105625,A10003,20,AR,105625,PP,1,U1BC2A,11,2,18,11,7,13.5,12.75,94.44,90-100%,8.25,8.25,100,90-100%,5.25,4.5,85.71,Not Finished,0.75,46,Not Finished,TEIGA-TMI,0,3,3,0,NULL,0,0,0,0,0,0,NOT APPLY,NULL,NULL,NULL,5,1038,RIPA-10003-03,65.71,Art. 4.3,15,92.855,RIPA,00114,Recipiente reflujo segunda columna y lineas asociadas,PP
/A10003-20-ARC-91295-U1BC2A-NC_01,ARC-91295,A10003,20,ARC,91295,NC,1,U1BC2A,16,2,18,12,6,10.5,9.75,92.86,90-100%,6,6,100,90-100%,4.5,3.75,83.33,Not Finished,0.75,46,Not Finished,TEIGA-TMI,0,3,3,0,NULL,0,0,0,0,0,0,NOT APPLY,NULL,NULL,NULL,5,1036,ARC-10003-01,65,Art. 4.3,15,91.665,ARC,00020,Aire de servicio A10003,No
/A10003-20-ARC-91296-U1BC2A-NC_01,ARC-91296,A10003,20,ARC,91296,NC,1,U1BC2A,6,2,11,9,2,8.5,7.75,91.18,90-100%,7,7,100,90-100%,1.5,0.75,50,Not Finished,0.75,46,Not Finished,TEIGA-TMI,0,3,3,0,NULL,0,0,0,0,0,0,NOT APPLY,NULL,NULL,NULL,5,1036,ARC-10003-01,55,Art. 4.3,15,75,ARC,00020,Aire de servicio A10003,No
/A10003-20-ARC-91297-U1BC2A-NC_01,ARC-91297,A10003,20,ARC,91297,NC,1,U1BC2A,7,1,8,7,1,6,6,100,90-100%,5.25,5.25,100,90-100%,0.75,0.75,100,90-100%,0,46,19,TEIGA-TMI,0,3,3,0,NULL,0,0,0,0,0,0,NOT APPLY,NULL,NULL,NULL,7,1036,ARC-10003-01,70,Art. 4.3,15,100,ARC,00020,Aire de servicio A10003,No
/A10003-20-ARC-91298-U1BC2A-NC_01,ARC-91298,A10003,20,ARC,91298,NC,1,U1BC2A,9,2,14,12,2,10.5,9,85.71,NULL,9,9,100,90-100%,1.5,NULL,0,Not Finished,1.5,46,Not Finished,TEIGA-TMI,0,6,6,0,NULL,0,0,0,0,0,0,NOT APPLY,NULL,NULL,NULL,5,1036,ARC-10003-01,40,Art. 4.3,15,50,ARC,00020,Aire de servicio A10003,No
/A10003-20-ARI-91631-U4AC2A-NC_01,ARI-91631,A10003,20,ARI,91631,NC,1,U4AC2A,44,6,48,37,11,30.25,30.25,100,90-100%,22.25,22.25,100,90-100%,8,8,100,90-100%,0,47,20,TEIGA-TMI,100,6,3,100,90-100%,6,3,0,6,3,100,NOT APPLY,NULL,NULL,Ready for Dossier,10,1032,ARI-10003-01,100,Art. 4.3,15,100,ARI,00029,Aire de instrumentos A10003,No
/A10003-20-AT-94476-U4AC2A-CCTN_01,AT-94476,A10003,20,AT,94476,CCTN,1,U4AC2A,14,2,16,12,4,10.5,9.75,92.86,90-100%,7.5,7.5,100,90-100%,3,2.25,75,Not Finished,0.75,43,Not Finished,TEIGA-TMI,0,3,3,0,NULL,0,0,0,0,0,0,NOT APPLY,NULL,NULL,NULL,5,1034,AT-10003-01,62.5,Art. 4.3,15,87.5,AT,00035,Agua tratada A10003,Traceado
/A10003-20-AT-94481-U4AC2A-CCTN_01,AT-94481,A10003,20,AT,94481,CCTN,1,U4AC2A,9,2,14,12,2,10.5,9,85.71,NULL,9,9,100,90-100%,1.5,NULL,0,Not Finished,1.5,50,Not Finished,TEIGA-TMI,0,3,3,0,NULL,0,0,0,0,0,0,NOT APPLY,NULL,NULL,NULL,5,1034,AT-10003-01,40,Art. 4.3,15,50,AT,00035,Agua tratada A10003,Traceado
/A10003-20-AT-94482-U4AC2A-CCTN_01,AT-94482,A10003,20,AT,94482,CCTN,1,U4AC2A,7,1,8,7,1,6,5.25,87.5,NULL,5.25,5.25,100,90-100%,0.75,NULL,0,Not Finished,0.75,42,Not Finished,TEIGA-TMI,0,3,3,0,NULL,0,0,0,0,0,0,NOT APPLY,NULL,NULL,NULL,5,1034,AT-10003-01,40,Art. 4.3,15,50,AT,00035,Agua tratada A10003,Traceado
/A10003-20-AT-94483-U4AC2A-CCTN_01,AT-94483,A10003,20,AT,94483,CCTN,1,U4AC2A,10,2,13,10,3,9.5,8.5,89.47,NULL,7,7,100,90-100%,2.5,1.5,60,Not Finished,1,43,Not Finished,TEIGA-TMI,0,3,3,0,NULL,0,0,0,0,0,0,NOT APPLY,NULL,NULL,NULL,5,1034,AT-10003-01,58,Art. 4.3,15,80,AT,00035,Agua tratada A10003,Traceado
/A10003-20-C6-95608-U1CD2B-CC_01,C6-95608,A10003,20,C6,95608,CC,1,U1CD2B,16,5,23,16,7,17.25,17.25,100,90-100%,12,12,100,90-100%,5.25,5.25,100,90-100%,0,46,18,TECHNIP,100,16,6,100,90-100%,16,6,0,7,3,43.75,NOT APPLY,NULL,NULL,NULL,7,65,C6-00000-01,83.13,I,23.52,100,C6,00038,Condensados general,Si
/A10003-20-EFL-108966-U4BC1B-NC_01,EFL-108966,A10003,20,EFL,108966,NC,1,U4BC1B,12,2,13,11,2,9.5,5.25,55.26,NULL,8.25,5.25,63.64,NULL,1.25,NULL,0,Not Finished,4.25,Not Finished,Not Finished,TEIGA-TMI,0,3,3,0,NULL,0,0,0,0,0,0,NOT APPLY,NULL,NULL,NULL,4,2044|78,EFL-10003-03,25.46,Art. 4.3,15,31.82,EFL,00063,Pit drenajes abierto IPA y lineas asociadas,No
/A10003-20-INC-105603-U4BC1B-PP_01,INC-105603,A10003,20,INC,105603,PP,1,U4BC1B,39,7,42,38,4,31.5,29.25,92.86,90-100%,28.5,28.5,100,90-100%,3,0.75,25,Not Finished,2.25,50,Not Finished,TECHNIP,91.67,12,6,91.67,90-100%,11,5,0,3,1,25,NOT APPLY,NULL,NULL,NULL,5,96,RIPA-10003-03,55,Art. 4.3,15,62.5,RIPA,00114,Recipiente reflujo segunda columna y lineas asociadas,PP
/A10003-20-NI-105605-U1BD2A-NC_01,NI-105605,A10003,20,NI,105605,NC,1,U1BD2A,19,4,21,18,3,15.75,13.5,85.71,NULL,13.5,13.5,100,90-100%,2.25,NULL,0,Not Finished,2.25,47,Not Finished,TEIGA-TMI,0,3,3,0,NULL,0,0,0,0,0,0,NOT APPLY,NULL,NULL,NULL,5,116,NI-10003-02,40,Art. 4.3,23.52,50,NI,00101,Distribucion interna de nitrogeno para area 10003- segundo grupo de subcolectores,No
/A10003-20-NI-91996-U1BD2A-NC_01,NI-91996,A10003,20,NI,91996,NC,1,U1BD2A,7,1,8,7,1,6,5.25,87.5,NULL,5.25,5.25,100,90-100%,0.75,NULL,0,Not Finished,0.75,10,Not Finished,TEIGA-TMI,0,3,3,0,NULL,0,0,0,0,0,0,NOT APPLY,NULL,NULL,NULL,5,113,NI-10003-01,40,Art. 4.3,23.52,50,NI,00099,Distribucion interna de nitrogeno para area 10003- primer grupo de subcolectores,No
/A10003-20-NI-91997-U1BD2A-NC_01,NI-91997,A10003,20,NI,91997,NC,1,U1BD2A,6,2,12,10,2,9.5,8,84.21,NULL,8,8,100,90-100%,1.5,NULL,0,Not Finished,1.5,46,Not Finished,TEIGA-TMI,0,3,3,0,NULL,0,0,0,0,0,0,NOT APPLY,NULL,NULL,NULL,5,113,NI-10003-01,40,Art. 4.3,23.52,50,NI,00099,Distribucion interna de nitrogeno para area 10003- primer grupo de subcolectores,No
/A10003-20-NI-91998-U1BD2A-NC_01,NI-91998,A10003,20,NI,91998,NC,1,U1BD2A,9,2,11,8,3,7.5,6.75,90,90-100%,5.25,5.25,100,90-100%,2.25,1.5,66.67,Not Finished,0.75,46,Not Finished,TEIGA-TMI,0,3,3,0,NULL,0,0,0,0,0,0,NOT APPLY,NULL,NULL,NULL,5,113,NI-10003-01,60,Art. 4.3,23.52,83.335,NI,00099,Distribucion interna de nitrogeno para area 10003- primer grupo de subcolectores,No
/A10003-20-RIPA-105262-U4BC1B-CC_01,RIPA-105262,A10003,20,RIPA,105262,CC,1,U4BC1B,23,4,25,20,5,18,18,100,90-100%,15,15,100,90-100%,3,3,100,90-100%,0,47,49,TECHNIP,100,7,3,100,90-100%,7,3,0,2,0,28.57,NOT APPLY,NULL,NULL,NULL,7,103,RIPA-10003-02,78.57,Art. 4.3,15,100,RIPA,00109,Decantador y lineas asociadas,Traceado
/A10003-20-V6-92199-U1CD2B-CC_01,V6-92199,A10003,20,V6,92199,CC,1,U1CD2B,30,4,33,27,6,22.5,22.5,100,90-100%,18,18,100,90-100%,4.5,4.5,100,90-100%,0,50,18,TECHNIP,100,12,5,100,90-100%,12,5,0,6,2,50,NOT APPLY,NULL,NULL,NULL,7,159,V6-00000-01,85,I,23.52,100,V6,00118,Distribución general vapor,Si
/A10003-250-RIPA-105301-U4BC1B-CC_01,RIPA-105301,A10003,250,RIPA,105301,CC,1,U4BC1B,11,2,11,6,5,81.5,81.5,100,90-100%,60,60,100,90-100%,21.5,21.5,100,90-100%,0,41,46,TECHNIP,100,4,2,100,90-100%,4,2,0,4,2,100,NOT APPLY,NULL,NULL,Ready for Dossier,10,94,RIPA-10003-05,100,II,15,100,RIPA,00112,Primera columna de destilacion y elementos asociados,PP
/A10003-250-RIPA-105352-U4BC1B-CC_01,RIPA-105352,A10003,250,RIPA,105352,CC,1,U4BC1B,0,0,2,2,0,14,14,100,90-100%,14,14,100,90-100%,0,NULL,NULL,NOT REQUIRED,0,44,NOT REQUIRED,NOT APPLY,NULL,0,0,NULL,NULL,0,0,0,0,0,0,NOT APPLY,NULL,NULL,NULL,7,95,RIPA-10003-05,100,II,15,100,RIPA,00112,Primera columna de destilacion y elementos asociados,PP
/A10003-25-ACL-105224-U4BC1B-CCTN_01,ACL-105224,A10003,25,ACL,105224,CCTN,1,U4BC1B,9,2,10,9,1,10,9,90,90-100%,9,9,100,90-100%,1,NULL,0,Not Finished,1,41,Not Finished,TEIGA-TMI,0,3,3,0,NULL,0,0,0,0,0,0,NOT APPLY,NULL,NULL,NULL,5,1029,ACL-10003-01,40,Art. 4.3,15,50,ACL,00004,Agua caliente de lavados A10003,Traceado
/A10003-25-ACL-105264-U4BC1B-CCTN_01,ACL-105264,A10003,25,ACL,105264,CCTN,1,U4BC1B,7,2,8,7,1,8,7,87.5,NULL,7,7,100,90-100%,1,NULL,0,Not Finished,1,49,Not Finished,TEIGA-TMI,0,3,3,0,NULL,0,0,0,0,0,0,NOT APPLY,NULL,NULL,NULL,5,1029,ACL-10003-01,40,Art. 4.3,15,50,ACL,00004,Agua caliente de lavados A10003,Traceado
/A10003-25-ACL-105324-U4BC1B-CCTN_01,ACL-105324,A10003,25,ACL,105324,CCTN,1,U4BC1B,20,5,24,18,6,22,22,100,90-100%,16,16,100,90-100%,6,6,100,90-100%,0,42,17,TEIGA-TMI,0,6,3,0,NULL,0,0,0,6,3,100,SPS-107,ENVIADO,1,Ready for Dossier,10,1030,ACL-00000-01,100,Art. 4.3,15,100,ACL,00001,Distribución agua caliente de lavados,Traceado
/A10003-25-ACL-105425-U4BC1B-CCTN_01,ACL-105425,A10003,25,ACL,105425,CCTN,1,U4BC1B,13,2,14,13,1,14,14,100,90-100%,13,13,100,90-100%,1,1,100,90-100%,0,42,7,TEIGA-TMI,0,3,3,0,NULL,0,0,0,0,0,0,NOT APPLY,NULL,NULL,NULL,7,1029,ACL-10003-01,70,Art. 4.3,15,100,ACL,00004,Agua caliente de lavados A10003,Traceado
/A10003-25-ACL-105427-U4BC1B-CCTN_01,ACL-105427,A10003,25,ACL,105427,CCTN,1,U4BC1B,14,2,15,11,4,12,12,100,90-100%,8,8,100,90-100%,4,4,100,90-100%,0,42,9,TEIGA-TMI,0,3,3,0,NULL,0,0,0,0,0,0,NOT APPLY,NULL,NULL,NULL,7,1029,ACL-10003-01,70,Art. 4.3,15,100,ACL,00004,Agua caliente de lavados A10003,Traceado
/A10003-25-ACL-105523-U4BC1B-CCTN_01,ACL-105523,A10003,25,ACL,105523,CCTN,1,U4BC1B,10,2,11,7,4,8,7,87.5,NULL,4,4,100,90-100%,4,3,75,Not Finished,1,42,Not Finished,NOT APPLY,NULL,0,0,NULL,NULL,0,0,0,0,0,0,NOT APPLY,NULL,NULL,NULL,5,1030,ACL-00000-01,87.5,Art. 4.3,15,87.5,ACL,00001,Distribución agua caliente de lavados,Traceado
/A10003-25-ACL-105628-U4BC1B-CCTN_01,ACL-105628,A10003,25,ACL,105628,CCTN,1,U4BC1B,7,2,8,7,1,8,8,100,90-100%,7,7,100,90-100%,1,1,100,90-100%,0,42,6,TEIGA-TMI,0,3,3,0,NULL,0,0,0,0,0,0,NOT APPLY,NULL,NULL,NULL,7,1029,ACL-10003-01,70,Art. 4.3,15,100,ACL,00004,Agua caliente de lavados A10003,Traceado
/A10003-25-ACL-95215-U4BC1B-CCTN_01,ACL-95215,A10003,25,ACL,95215,CCTN,1,U4BC1B,26,4,30,26,4,30,21,70,NULL,26,21,80.77,NULL,4,NULL,0,Not Finished,9,Not Finished,Not Finished,TEIGA-TMI,0,3,3,0,NULL,0,0,0,0,0,0,NOT APPLY,NULL,NULL,NULL,4,1029,ACL-PR18-01,32.31,Art. 4.3,15,40.385,ACL,00007,Agua caliente de lavados PR18/19,Traceado
/A10003-25-ACL-952504-U4BC1B-CCTN_01,ACL-952504,A10003,25,ACL,952504,CCTN,1,U4BC1B,15,4,21,19,2,20.75,18.75,90.36,90-100%,18.75,18.75,100,90-100%,2,NULL,0,Not Finished,2,47,Not Finished,TEIGA-TMI,0,3,3,0,NULL,0,0,0,0,0,0,NOT APPLY,NULL,NULL,NULL,5,1029,ACL-10003-01,40,Art. 4.3,15,50,ACL,00004,Agua caliente de lavados A10003,Traceado
/A10003-25-AP-100112-U4AC2A-NC_01,AP-100112,A10003,25,AP,100112,NC,1,U4AC2A,18,3,25,21,4,25.25,21,83.17,NULL,21,21,100,90-100%,4.25,NULL,0,Not Finished,4.25,43,Not Finished,TEIGA-TMI,0,3,3,0,NULL,0,0,0,0,0,0,NOT APPLY,NULL,NULL,NULL,5,1031,AP-00000-01,40,Art. 4.3,15,50,AP,00009,Agua potable (colector),Traceado
/A10003-25-AP-100122-U4AC2A-NC_01,AP-100122,A10003,25,AP,100122,NC,1,U4AC2A,10,2,17,13,4,17.25,13,75.36,NULL,13,13,100,90-100%,4.25,NULL,0,Not Finished,4.25,42,Not Finished,TEIGA-TMI,0,3,3,0,NULL,0,0,0,0,0,0,NOT APPLY,NULL,NULL,NULL,5,1031,AP-00000-01,40,Art. 4.3,15,50,AP,00009,Agua potable (colector),Traceado
/A10003-25-AP-100132-U4AC2A-NC_01,AP-100132,A10003,25,AP,100132,NC,1,U4AC2A,26,7,33,26,7,33.25,26,78.2,NULL,26,26,100,90-100%,7.25,NULL,0,Not Finished,7.25,42,Not Finished,TEIGA-TMI,0,3,3,0,NULL,0,0,0,0,0,0,NOT APPLY,NULL,NULL,NULL,5,1031,AP-00000-01,40,Art. 4.3,15,50,AP,00009,Agua potable (colector),Traceado
/A10003-25-AR-105528-U1BC2A-NC_01,AR-105528,A10003,25,AR,105528,NC,1,U1BC2A,21,3,23,19,4,19.25,19.25,100,90-100%,15.25,15.25,100,90-100%,4,4,100,90-100%,0,47,14,TEIGA-TMI,66.67,3,3,66.67,NULL,2,2,0,2,2,66.67,NOT APPLY,NULL,NULL,NULL,7,1038,AR-00000-05,90,Art. 4.3,15,100,AR,00015,"Agua refrigeración 
(subcolectores A10005)",No (PP 18%)
/A10003-25-AR-105529-U1BC2A-NC_01,AR-105529,A10003,25,AR,105529,NC,1,U1BC2A,21,3,23,21,2,22,22,100,90-100%,20,20,100,90-100%,2,2,100,90-100%,0,51,14,TEIGA-TMI,40,5,5,40,NULL,2,2,0,5,5,100,NOT APPLY,NULL,NULL,Ready for Dossier,10,1038,AR-00000-05,100,Art. 4.3,15,100,AR,00015,"Agua refrigeración 
(subcolectores A10005)",No (PP 18%)
/A10003-25-AR-105532-U1BC2A-NC_01,AR-105532,A10003,25,AR,105532,NC,1,U1BC2A,19,3,21,19,2,19.25,19.25,100,90-100%,17.25,17.25,100,90-100%,2,2,100,90-100%,0,51,14,TEIGA-TMI,40,5,5,40,NULL,2,2,0,5,5,100,NOT APPLY,NULL,NULL,Ready for Dossier,10,1038,AR-00000-05,100,Art. 4.3,15,100,AR,00015,"Agua refrigeración 
(subcolectores A10005)",No (PP 18%)
/A10003-25-AR-105533-U1BC2A-NC_01,AR-105533,A10003,25,AR,105533,NC,1,U1BC2A,21,3,23,21,2,22,22,100,90-100%,20,20,100,90-100%,2,2,100,90-100%,0,50,14,TEIGA-TMI,66.67,3,3,66.67,NULL,2,2,0,2,2,66.67,NOT APPLY,NULL,NULL,NULL,7,1038,AR-00000-05,90,Art. 4.3,15,100,AR,00015,"Agua refrigeración 
(subcolectores A10005)",No (PP 18%)
/A10003-25-AR-105598-U1BC2A-NC_01,AR-105598,A10003,25,AR,105598,NC,1,U1BC2A,37,4,40,37,3,39.5,38.5,97.47,90-100%,36.5,36.5,100,90-100%,3,2,66.67,Not Finished,1,50,Not Finished,TEIGA-TMI,83.33,6,6,83.33,NULL,5,5,0,6,6,100,NOT APPLY,NULL,NULL,NULL,8,1038,EFL-10003-06,90,Art. 4.3,15,83.335,EFL,00055,Segunda columna de destilacion y elementos asociados,Traceado
/A10003-25-AR-105599-U1BC2A-NC_01,AR-105599,A10003,25,AR,105599,NC,1,U1BC2A,36,4,40,36,4,39.5,39.5,100,90-100%,35.75,35.75,100,90-100%,3.75,3.75,100,90-100%,0,50,15,TEIGA-TMI,38.46,13,5,38.46,NULL,5,0,0,13,5,100,NOT APPLY,NULL,NULL,Ready for Dossier,10,1038,EFL-10003-06,100,Art. 4.3,15,100,EFL,00055,Segunda columna de destilacion y elementos asociados,Traceado
/A10003-25-ARC-108955-U1BC2A-NC_01,ARC-108955,A10003,25,ARC,108955,NC,1,U1BC2A,14,3,16,14,2,15.75,15.75,100,90-100%,13.75,13.75,100,90-100%,2,2,100,90-100%,0,47,20,TEIGA-TMI,0,3,3,0,NULL,0,0,0,0,0,0,NOT APPLY,NULL,NULL,NULL,7,1035,ARC-00000-01,70,Art. 4.3,15,100,ARC,00018,Aire de servicio (colector),No
/A10003-25-ARC-910065-U1BC2A-NC_01,ARC-910065,A10003,25,ARC,910065,NC,1,U1BC2A,37,8,45,34,11,43.25,42.5,98.27,90-100%,32.75,32.75,100,90-100%,10.5,9.75,92.86,90-100%,0.75,50,20,TEIGA-TMI,0,3,3,0,NULL,0,0,0,0,0,0,NOT APPLY,NULL,NULL,NULL,5,1036,ARC-10003-01,67.86,Art. 4.3,15,96.43,ARC,00020,Aire de servicio A10003,No
/A10003-25-ARI-101987-U4AC2A-NC_01,ARI-101987,A10003,25,ARI,101987,NC,1,U4AC2A,23,4,27,20,7,24.25,24.25,100,90-100%,17.5,17.5,100,90-100%,6.75,6.75,100,90-100%,0,45,17,TEIGA-TMI,0,3,3,0,NULL,0,0,0,0,0,0,NOT APPLY,NULL,NULL,NULL,7,1039,ARI-00000-01,70,Art. 4.3,15,100,ARI,00027,Aire de instrumentos colector,No
/A10003-25-ARI-101993-U4AC2A-NC_01,ARI-101993,A10003,25,ARI,101993,NC,1,U4AC2A,14,2,16,10,6,11.5,11.5,100,90-100%,5.75,5.75,100,90-100%,5.75,5.75,100,90-100%,0,41,15,TEIGA-TMI,0,7,4,0,NULL,0,0,0,7,4,100,NOT APPLY,NULL,NULL,Ready for Dossier,10,1033,ARI-10003-01,100,Art. 4.3,15,100,ARI,00029,Aire de instrumentos A10003,No
/A10003-25-ARI-101994-U4AC2A-NC_01,ARI-101994,A10003,25,ARI,101994,NC,1,U4AC2A,39,4,42,30,12,35.5,35.5,100,90-100%,23.75,23.75,100,90-100%,11.75,11.75,100,90-100%,0,47,20,TEIGA-TMI,0,3,3,0,NULL,0,0,0,0,0,0,NOT APPLY,NULL,NULL,NULL,7,1033,ARI-10003-01,70,Art. 4.3,15,100,ARI,00029,Aire de instrumentos A10003,No
/A10003-25-ARI-101995-U4AC2A-NC_01,ARI-101995,A10003,25,ARI,101995,NC,1,U4AC2A,5,1,6,5,1,5.5,5.5,100,90-100%,4.5,4.5,100,90-100%,1,1,100,90-100%,0,43,15,TEIGA-TMI,0,3,3,0,NULL,0,0,0,0,0,0,NOT APPLY,NULL,NULL,NULL,7,1033,ARI-10003-01,70,Art. 4.3,15,100,ARI,00029,Aire de instrumentos A10003,No
/A10003-25-AT-94485-U4AC2A-CCTN_01,AT-94485,A10003,25,AT,94485,CCTN,1,U4AC2A,33,7,37,33,4,36.75,33.75,91.84,90-100%,32.75,32.75,100,90-100%,4,1,25,Not Finished,3,50,Not Finished,TEIGA-TMI,0,10,5,0,NULL,0,0,0,10,5,100,NOT APPLY,NULL,NULL,NULL,8,1034,AT-10003-01,77.5,Art. 4.3,15,62.5,AT,00035,Agua tratada A10003,Traceado
/A10003-25-C6-105357-U1CD2B-PP_01,C6-105357,A10003,25,C6,105357,PP,1,U1CD2B,19,1,19,15,4,15,15,100,90-100%,11,11,100,90-100%,4,4,100,90-100%,0,47,13,TECHNIP,100,1,1,100,90-100%,1,1,0,0,0,0,NOT APPLY,NULL,NULL,NULL,7,1041,EFL-10003-05,70,Art. 4.3,23.52,100,EFL,00064,Drenajes abiertos de edificio IPA,PP
/A10003-25-C6-105555-U1CD2B-PP_01,C6-105555,A10003,25,C6,105555,PP,1,U1CD2B,11,1,11,11,0,11,11,100,90-100%,11,11,100,90-100%,0,NULL,NULL,NOT REQUIRED,0,47,NOT REQUIRED,TECHNIP,100,1,1,100,90-100%,1,1,0,0,0,0,NOT APPLY,NULL,NULL,NULL,7,1040,EFL-10003-05,0,Art. 4.3,23.52,100,EFL,00064,Drenajes abiertos de edificio IPA,PP
/A10003-25-CYH-105282-U4BC1B-CCTN_01,CYH-105282,A10003,25,CYH,105282,CCTN,1,U4BC1B,70,8,77,65,12,86.75,79.5,91.64,90-100%,74,74,100,90-100%,12.75,5.5,43.14,Not Finished,7.25,42,Not Finished,TECHNIP,100,22,6,100,90-100%,22,6,0,6,1,27.27,NOT APPLY,NULL,NULL,NULL,5,86,CYH-10003-01,61.12,Art. 4.3,15,71.57,CYH,00050,Caseta Ciclohexano,Traceado
/A10003-25-CYH-105283-U4BC1B-CCTN_01,CYH-105283,A10003,25,CYH,105283,CCTN,1,U4BC1B,18,4,19,17,2,21,0,0,NULL,19,NULL,0,NULL,2,NULL,0,Not Finished,21,Not Finished,Not Finished,NOT APPLY,NULL,0,0,NULL,NULL,0,0,0,0,0,0,NOT APPLY,NULL,NULL,NULL,4,107|2061,CYH-10003-01,0,Art. 4.3,15,0,CYH,00050,Caseta Ciclohexano,Traceado
/A10003-25-EFL-105223-U4BC1B-PP_01,EFL-105223,A10003,25,EFL,105223,PP,1,U4BC1B,44,3,44,34,10,36,34,94.44,90-100%,26,26,100,90-100%,10,8,80,Not Finished,2,41,Not Finished,TEIGA-TMI,0,3,3,0,NULL,0,0,0,0,0,0,NOT APPLY,NULL,NULL,NULL,5,84,EFL-10003-01,64,Art. 4.3,15,90,EFL,00054,Sistema de drenajes EFL-3,PP
/A10003-25-EFL-105263-U4BC1B-PP_01,EFL-105263,A10003,25,EFL,105263,PP,1,U4BC1B,44,3,44,31,13,34,31,91.18,90-100%,21,21,100,90-100%,13,10,76.92,Not Finished,3,42,Not Finished,TEIGA-TMI,0,3,3,0,NULL,0,0,0,0,0,0,NOT APPLY,NULL,NULL,NULL,5,103,EFL-10003-01,63.08,Art. 4.3,15,88.46,EFL,00054,Sistema de drenajes EFL-3,PP
/A10003-25-EFL-105325-U4BC1B-PP_01,EFL-105325,A10003,25,EFL,105325,PP,1,U4BC1B,38,3,38,26,12,28,26,92.86,90-100%,16,16,100,90-100%,12,10,83.33,Not Finished,2,42,Not Finished,TEIGA-TMI,0,3,3,0,NULL,0,0,0,0,0,0,NOT APPLY,NULL,NULL,NULL,5,91,EFL-10003-01,65,Art. 4.3,15,91.665,EFL,00054,Sistema de drenajes EFL-3,PP
/A10003-25-EFL-105397-U4BC1B-PP_01,EFL-105397,A10003,25,EFL,105397,PP,1,U4BC1B,35,5,35,32,3,38,35,92.11,90-100%,35,35,100,90-100%,3,NULL,0,Not Finished,3,49,Not Finished,TEIGA-TMI,0,3,3,0,NULL,0,0,0,0,0,0,NOT APPLY,NULL,NULL,NULL,5,99,EFL-10003-01,40,Art. 4.3,15,50,EFL,00054,Sistema de drenajes EFL-3,PP
/A10003-25-EFL-105424-U4BC1B-PP_01,EFL-105424,A10003,25,EFL,105424,PP,1,U4BC1B,39,3,39,32,7,36,36,100,90-100%,29,29,100,90-100%,7,7,100,90-100%,0,46,48,TEIGA-TMI,0,3,3,0,NULL,0,0,0,0,0,0,NOT APPLY,NULL,NULL,NULL,7,88,EFL-10003-01,70,Art. 4.3,15,100,EFL,00054,Sistema de drenajes EFL-3,PP
/A10003-25-EFL-105426-U4BC1B-PP_01,EFL-105426,A10003,25,EFL,105426,PP,1,U4BC1B,11,1,11,9,2,10,9,90,90-100%,8,8,100,90-100%,2,1,50,Not Finished,1,42,Not Finished,TEIGA-TMI,0,3,3,0,NULL,0,0,0,0,0,0,NOT APPLY,NULL,NULL,NULL,5,88,EFL-10003-01,55,Art. 4.3,15,75,EFL,00054,Sistema de drenajes EFL-3,PP
/A10003-25-EFL-105522-U4BC1B-PP_01,EFL-105522,A10003,25,EFL,105522,PP,1,U4BC1B,33,3,33,30,3,32,32,100,90-100%,30,30,100,90-100%,2,2,100,90-100%,0,46,5,TEIGA-TMI,0,3,3,0,NULL,0,0,0,0,0,0,NOT APPLY,NULL,NULL,NULL,7,77,EFL-10003-01,70,Art. 4.3,15,100,EFL,00054,Sistema de drenajes EFL-3,PP
/A10003-25-EFL-105524-U4BC1B-PP_01,EFL-105524,A10003,25,EFL,105524,PP,1,U4BC1B,12,1,12,12,0,12,12,100,90-100%,12,12,100,90-100%,0,NULL,NULL,NOT REQUIRED,0,42,NOT REQUIRED,TEIGA-TMI,0,3,3,0,NULL,0,0,0,0,0,0,NOT APPLY,NULL,NULL,NULL,7,77,EFL-10003-01,0,Art. 4.3,15,100,EFL,00054,Sistema de drenajes EFL-3,PP
/A10003-25-EFL-105582-U4BC1B-CCTN_01,EFL-105582,A10003,25,EFL,105582,CCTN,1,U4BC1B,11,3,14,12,2,14,10,71.43,NULL,12,10,83.33,NULL,2,NULL,0,Not Finished,4,Not Finished,Not Finished,TEIGA-TMI,0,3,3,0,NULL,0,0,0,0,0,0,NOT APPLY,NULL,NULL,NULL,4,109|66,EFL-10003-06,33.33,Art. 4.3,15,41.665,EFL,00055,Segunda columna de destilacion y elementos asociados,Traceado
/A10003-25-EFL-105587-U4BC1B-CC_01,EFL-105587,A10003,25,EFL,105587,CC,1,U4BC1B,66,9,68,66,2,69,67,97.1,90-100%,67,67,100,90-100%,2,NULL,0,Not Finished,2,49,Not Finished,TEIGA-TMI,0,3,3,0,NULL,0,0,0,0,0,0,NOT APPLY,NULL,NULL,NULL,5,109,EFL-10003-02,40,I,15,50,EFL,00053,NEW (last sub-system version),Si
/A10003-25-EFL-105588-U4BC1B-PP_01,EFL-105588,A10003,25,EFL,105588,PP,1,U4BC1B,10,1,10,9,1,10,9,90,90-100%,9,9,100,90-100%,1,NULL,0,Not Finished,1,42,Not Finished,TEIGA-TMI,0,6,6,0,NULL,0,0,0,0,0,0,NOT APPLY,NULL,NULL,NULL,5,109,EFL-10003-01,40,Art. 4.3,15,50,EFL,00054,Sistema de drenajes EFL-3,PP
/A10003-25-EFL-105626-U4BC1B-PP_01,EFL-105626,A10003,25,EFL,105626,PP,1,U4BC1B,16,1,16,13,3,14,13,92.86,90-100%,11,11,100,90-100%,3,2,66.67,Not Finished,1,41,Not Finished,TEIGA-TMI,0,3,3,0,NULL,0,0,0,0,0,0,NOT APPLY,NULL,NULL,NULL,5,102,EFL-10003-01,60,Art. 4.3,15,83.335,EFL,00054,Sistema de drenajes EFL-3,PP
/A10003-25-EFL-105627-U4BC1B-PP_01,EFL-105627,A10003,25,EFL,105627,PP,1,U4BC1B,36,3,36,34,2,36,34,94.44,90-100%,34,34,100,90-100%,2,NULL,0,Not Finished,2,46,Not Finished,TEIGA-TMI,0,3,3,0,NULL,0,0,0,0,0,0,NOT APPLY,NULL,NULL,NULL,5,102,EFL-10003-01,40,Art. 4.3,15,50,EFL,00054,Sistema de drenajes EFL-3,PP
/A10003-25-EFL-15542-U4BC1B-PP_01,EFL-15542,A10003,25,EFL,15542,PP,1,U4BC1B,19,4,22,19,3,21.75,21.75,100,90-100%,18.75,18.75,100,90-100%,3,3,100,90-100%,0,47,14,TEIGA-TMI,0,3,3,0,NULL,0,0,0,0,0,0,NOT APPLY,NULL,NULL,NULL,7,110,EFL-10003-01,70,Art. 4.3,15,100,EFL,00054,Sistema de drenajes EFL-3,PP
/A10003-25-INC-105205-U4BC1B-PP_01,INC-105205,A10003,25,INC,105205,PP,1,U4BC1B,24,5,26,23,3,26,23,88.46,NULL,23,23,100,90-100%,3,NULL,0,Not Finished,3,42,Not Finished,TECHNIP,100,7,3,100,90-100%,7,3,0,0,0,0,NOT APPLY,NULL,NULL,NULL,5,97,RIPA-10003-02,40,Art. 4.3,15,50,RIPA,00109,Decantador y lineas asociadas,Traceado
/A10003-25-INC-105206-U4BC1B-PP_01,INC-105206,A10003,25,INC,105206,PP,1,U4BC1B,27,4,31,27,4,30.75,26.75,86.99,NULL,26.75,26.75,100,90-100%,4,NULL,0,Not Finished,4,46,Not Finished,TECHNIP,100,10,5,100,90-100%,10,5,0,0,0,0,NOT APPLY,NULL,NULL,NULL,5,97,INC-10001-01,40,Art. 4.3,15,50,INC,00088,Venteos gaseosos con blanketing,PP
/A10003-25-INC-105209-U4BC1B-PP_01,INC-105209,A10003,25,INC,105209,PP,1,U4BC1B,16,3,18,15,3,18,15,83.33,NULL,15,15,100,90-100%,3,NULL,0,Not Finished,3,42,Not Finished,TECHNIP,100,8,4,100,90-100%,8,4,0,0,0,0,NOT APPLY,NULL,NULL,NULL,5,98,RIPA-10003-02,40,Art. 4.3,15,50,RIPA,00109,Decantador y lineas asociadas,Traceado
/A10003-25-INC-105315-U4BC1B-PP_01,INC-105315,A10003,25,INC,105315,PP,1,U4BC1B,21,5,26,21,5,25.75,22.75,88.35,NULL,20.75,20.75,100,90-100%,5,2,40,Not Finished,3,47,Not Finished,TECHNIP,100,13,7,100,90-100%,13,7,0,0,0,0,SPS-107,ENVIADO,1,NULL,5,99,INC-10001-01,52,Art. 4.3,15,70,INC,00088,Venteos gaseosos con blanketing,PP
/A10003-25-INC-105361-U4BC1B-PP_01,INC-105361,A10003,25,INC,105361,PP,1,U4BC1B,34,6,36,31,5,36,30,83.33,NULL,31,30,96.77,90-100%,5,NULL,0,Not Finished,6,42,Not Finished,TECHNIP,100,9,4,100,90-100%,9,4,0,0,0,0,NOT APPLY,NULL,NULL,NULL,4,97,INC-10001-01,38.71,Art. 4.3,15,48.385,INC,00088,Venteos gaseosos con blanketing,PP
/A10003-25-INC-105404-U4BC1B-PP_01,INC-105404,A10003,25,INC,105404,PP,1,U4BC1B,6,1,9,9,0,9.5,9.5,100,90-100%,9.5,9.5,100,90-100%,0,NULL,NULL,NOT REQUIRED,0,42,NOT REQUIRED,NOT APPLY,NULL,0,0,NULL,NULL,0,0,0,0,0,0,NOT APPLY,NULL,NULL,NULL,7,96,RIPA-10003-01,100,I,15,100,RIPA,00110,Recipiente IPA reciclado y lineas asociadas,PP
/A10003-25-INC-105572-U4BC1B-PP_01,INC-105572,A10003,25,INC,105572,PP,1,U4BC1B,18,3,21,19,2,21,16,76.19,NULL,19,16,84.21,NULL,2,NULL,0,Not Finished,5,Not Finished,Not Finished,NOT APPLY,NULL,0,0,NULL,NULL,0,0,0,0,0,0,NOT APPLY,NULL,NULL,NULL,4,96,RIPA-10003-04,42.11,Art. 4.3,15,42.105,RIPA,00113,Condensador segunda columna y lineas asociadas,PP
/A10003-25-INC-105604-U4BC1B-PP_01,INC-105604,A10003,25,INC,105604,PP,1,U4BC1B,15,4,19,15,4,18.5,14.5,78.38,NULL,14.5,14.5,100,90-100%,4,NULL,0,Not Finished,4,48,Not Finished,TECHNIP,100,7,4,100,90-100%,7,4,0,0,0,0,NOT APPLY,NULL,NULL,NULL,5,96,INC-10001-01,40,Art. 4.3,15,50,INC,00088,Venteos gaseosos con blanketing,PP
/A10003-25-IPA-15526-U4BC1B-NC_01,IPA-15526,A10003,25,IPA,15526,NC,1,U4BC1B,19,3,21,18,3,20.75,17.75,85.54,NULL,17.75,17.75,100,90-100%,3,NULL,0,Not Finished,3,46,Not Finished,TECHNIP,100,6,3,100,90-100%,6,3,0,0,0,0,NOT APPLY,NULL,NULL,NULL,5,73,RIPA-10003-02,40,Art. 4.3,15,50,RIPA,00109,Decantador y lineas asociadas,Traceado
/A10003-25-NI-101199-U1BD2A-NC_01,NI-101199,A10003,25,NI,101199,NC,1,U1BD2A,46,10,57,46,11,52.75,42.75,81.04,NULL,42.75,42.75,100,90-100%,10,NULL,0,Not Finished,10,50,Not Finished,TEIGA-TMI,0,6,6,0,NULL,0,0,0,0,0,0,NOT APPLY,NULL,NULL,NULL,5,113|161,NI-10003-01,40,Art. 4.3,23.52,50,NI,00099,Distribucion interna de nitrogeno para area 10003- primer grupo de subcolectores,No
/A10003-25-NI-105286-U1BD2A-NC_01,NI-105286,A10003,25,NI,105286,NC,1,U1BD2A,45,11,50,45,5,50,45,90,90-100%,45,45,100,90-100%,5,NULL,0,Not Finished,5,50,Not Finished,TEIGA-TMI,0,3,3,0,NULL,0,0,0,0,0,0,NOT APPLY,NULL,NULL,NULL,5,114|162,NI-00000-01,40,Art. 4.3,23.52,50,NI,00100,Distribucion general de nitrogeno de baja presion para SPEAR,No
/A10003-25-NI-105299-U1BD2A-NC_01,NI-105299,A10003,25,NI,105299,NC,1,U1BD2A,13,4,14,13,1,14,13,92.86,90-100%,13,13,100,90-100%,1,NULL,0,Not Finished,1,49,Not Finished,TEIGA-TMI,0,3,3,0,NULL,0,0,0,0,0,0,NOT APPLY,NULL,NULL,NULL,5,115,RIPA-10003-06,40,Art. 4.3,23.52,50,RIPA,00000,NOT DESCRIPTION,
/A10003-25-NI-105405-U1BD2A-NC_01,NI-105405,A10003,25,NI,105405,NC,1,U1BD2A,19,4,20,19,1,24.75,23.75,95.96,90-100%,23.75,23.75,100,90-100%,1,NULL,0,Not Finished,1,47,Not Finished,TEIGA-TMI,0,3,3,0,NULL,0,0,0,0,0,0,NOT APPLY,NULL,NULL,NULL,5,116,NI-10003-02,40,Art. 4.3,23.52,50,NI,00101,Distribucion interna de nitrogeno para area 10003- segundo grupo de subcolectores,No
/A10003-25-NI-108908-U1BD2A-NC_01,NI-108908,A10003,25,NI,108908,NC,1,U1BD2A,21,5,24,20,4,23.75,21.75,91.58,90-100%,19.75,19.75,100,90-100%,4,2,50,Not Finished,2,50,Not Finished,TEIGA-TMI,0,6,6,0,NULL,0,0,0,0,0,0,NOT APPLY,NULL,NULL,NULL,5,162,NI-00000-01,55,Art. 4.3,23.52,75,NI,00100,Distribucion general de nitrogeno de baja presion para SPEAR,No
/A10003-25-RIPA-105304-U4BC1B-CC_01,RIPA-105304,A10003,25,RIPA,105304,CC,1,U4BC1B,32,7,35,28,7,34,30,88.24,NULL,27,27,100,90-100%,7,3,42.86,Not Finished,4,46,Not Finished,TECHNIP,100,9,4,100,90-100%,9,4,0,5,2,55.56,NOT APPLY,NULL,NULL,NULL,5,101,RIPA-10003-05,69.53,Art. 4.3,15,71.43,RIPA,00112,Primera columna de destilacion y elementos asociados,PP
/A10003-25-RIPA-105305-U4BC1B-CC_01,RIPA-105305,A10003,25,RIPA,105305,CC,1,U4BC1B,32,5,34,26,8,30,27,90,90-100%,22,22,100,90-100%,8,5,62.5,Not Finished,3,46,Not Finished,TECHNIP,100,9,4,100,90-100%,9,4,0,5,2,55.56,NOT APPLY,NULL,NULL,NULL,5,101,RIPA-10003-05,75.42,Art. 4.3,15,81.25,RIPA,00112,Primera columna de destilacion y elementos asociados,PP
/A10003-25-RIPA-105306-U4BC1B-CC_01,RIPA-105306,A10003,25,RIPA,105306,CC,1,U4BC1B,31,5,33,26,7,32,28,87.5,NULL,25,25,100,90-100%,7,3,42.86,Not Finished,4,43,Not Finished,TECHNIP,100,7,4,100,90-100%,7,4,0,2,1,28.57,NOT APPLY,NULL,NULL,NULL,5,101,RIPA-10003-05,61.43,Art. 4.3,15,71.43,RIPA,00112,Primera columna de destilacion y elementos asociados,PP
/A10003-25-RIPA-105307-U4BC1B-CC_01,RIPA-105307,A10003,25,RIPA,105307,CC,1,U4BC1B,26,5,28,23,5,28,24,85.71,NULL,23,23,100,90-100%,5,1,20,Not Finished,4,46,Not Finished,TECHNIP,100,7,4,100,90-100%,7,4,0,5,2,71.43,NOT APPLY,NULL,NULL,NULL,5,101,RIPA-10003-05,67.43,Art. 4.3,15,60,RIPA,00112,Primera columna de destilacion y elementos asociados,PP
/A10003-25-RIPA-105308-U4BC1B-CC_01,RIPA-105308,A10003,25,RIPA,105308,CC,1,U4BC1B,29,4,30,25,5,30,24,80,NULL,25,23,92,90-100%,5,1,20,Not Finished,6,47,Not Finished,TECHNIP,100,7,4,100,90-100%,7,4,0,5,2,71.43,NOT APPLY,NULL,NULL,NULL,4,101,RIPA-10003-05,64.23,Art. 4.3,15,56,RIPA,00112,Primera columna de destilacion y elementos asociados,PP
/A10003-25-RIPA-105309-U4BC1B-CC_01,RIPA-105309,A10003,25,RIPA,105309,CC,1,U4BC1B,32,6,34,29,5,34,31,91.18,90-100%,29,29,100,90-100%,5,2,40,Not Finished,3,46,Not Finished,TECHNIP,100,7,4,100,90-100%,7,4,0,5,2,71.43,NOT APPLY,NULL,NULL,NULL,5,101,RIPA-10003-05,73.43,Art. 4.3,15,70,RIPA,00112,Primera columna de destilacion y elementos asociados,PP
/A10003-25-RIPA-105311-U4BC1B-CC_01,RIPA-105311,A10003,25,RIPA,105311,CC,1,U4BC1B,24,4,25,21,4,24,22,91.67,90-100%,20,20,100,90-100%,4,2,50,Not Finished,2,42,Not Finished,TECHNIP,100,7,4,100,90-100%,7,4,0,5,2,71.43,NOT APPLY,NULL,NULL,NULL,5,101,RIPA-10003-05,76.43,Art. 4.3,15,75,RIPA,00112,Primera columna de destilacion y elementos asociados,PP
/A10003-25-RIPA-105312-U4BC1B-CC_01,RIPA-105312,A10003,25,RIPA,105312,CC,1,U4BC1B,30,5,33,27,6,32,28,87.5,NULL,26,25,96.15,90-100%,6,3,50,Not Finished,4,48,Not Finished,TECHNIP,100,6,3,100,90-100%,6,3,0,5,2,83.33,NOT APPLY,NULL,NULL,NULL,4,101,RIPA-10003-05,78.46,Art. 4.3,15,73.075,RIPA,00112,Primera columna de destilacion y elementos asociados,PP
/A10003-25-RIPA-105313-U4BC1B-CC_01,RIPA-105313,A10003,25,RIPA,105313,CC,1,U4BC1B,27,4,28,25,3,28,26,92.86,90-100%,25,25,100,90-100%,3,1,33.33,Not Finished,2,42,Not Finished,TECHNIP,100,7,3,100,90-100%,7,3,0,6,2,85.71,NOT APPLY,NULL,NULL,NULL,5,101,RIPA-10003-05,75.71,Art. 4.3,15,66.665,RIPA,00112,Primera columna de destilacion y elementos asociados,PP
/A10003-25-RIPA-105314-U4BC1B-CC_01,RIPA-105314,A10003,25,RIPA,105314,CC,1,U4BC1B,43,1,44,43,1,44,43,97.73,90-100%,43,43,100,90-100%,1,NULL,0,Not Finished,1,42,Not Finished,TECHNIP,100,8,2,100,90-100%,8,2,0,7,1,87.5,NOT APPLY,NULL,NULL,NULL,5,101,RIPA-10003-05,66.25,I,15,50,RIPA,00112,Primera columna de destilacion y elementos asociados,PP
/A10003-25-RIPA-105319-U4BC1B-PP_01,RIPA-105319,A10003,25,RIPA,105319,PP,1,U4BC1B,5,1,6,5,1,6,5,83.33,NULL,5,5,100,90-100%,1,NULL,0,Not Finished,1,42,Not Finished,TECHNIP,100,2,1,100,90-100%,2,1,0,0,0,0,NOT APPLY,NULL,NULL,NULL,5,2043|99,EFL-10003-05,40,Art. 4.3,15,50,EFL,00064,Drenajes abiertos de edificio IPA,PP
/A10003-25-RIPA-105622-U4BC1B-CC_01,RIPA-105622,A10003,25,RIPA,105622,CC,1,U4BC1B,9,3,13,11,2,13.5,11.5,85.19,NULL,11.5,11.5,100,90-100%,2,NULL,0,Not Finished,2,41,Not Finished,TECHNIP,100,3,1,100,90-100%,3,1,0,0,0,0,NOT APPLY,NULL,NULL,NULL,5,102,RIPA-10003-03,40,I,15,50,RIPA,00114,Recipiente reflujo segunda columna y lineas asociadas,PP
/A10003-300-AR-101903-U1BC2A-NC_01,AR-101903,A10003,300,AR,101903,NC,1,U1BC2A,14,3,19,14,5,157,157,100,90-100%,113,113,100,90-100%,44,44,100,90-100%,0,47,17,TECHNIP,100,10,4,100,90-100%,10,4,0,8,2,80,NOT APPLY,NULL,NULL,NULL,7,1037,AR-PR11-01,94,Art. 4.3,15,100,AR,00017,Agua refrigeración PR11,No (PP 38%)
/A10003-300-AR-101903-U1BC2A-NC_02,AR-101903,A10003,300,AR,101903,NC,2,U1BC2A,25,4,29,25,4,61.5,58.5,95.12,90-100%,49.5,49.5,100,90-100%,12,9,75,Not Finished,3,50,Not Finished,TECHNIP,100,10,8,100,90-100%,10,8,0,8,6,80,NOT APPLY,NULL,NULL,NULL,5,1038,AR-00000-01,86.5,Art. 4.3,15,87.5,AR,00011,Agua refrigeración (colector),No (PP 20%)
/A10003-300-AR-101904-U1BC2A-NC_01,AR-101904,A10003,300,AR,101904,NC,1,U1BC2A,18,3,22,18,4,182.5,182.5,100,90-100%,138.5,138.5,100,90-100%,44,44,100,90-100%,0,47,18,TECHNIP,100,5,3,100,90-100%,5,3,0,4,2,80,NOT APPLY,NULL,NULL,NULL,7,1037,AR-PR11-01,94,Art. 4.3,15,100,AR,00017,Agua refrigeración PR11,No (PP 38%)
/A10003-300-AR-101904-U1BC2A-NC_02,AR-101904,A10003,300,AR,101904,NC,2,U1BC2A,28,4,30,26,4,60,60,100,90-100%,48,48,100,90-100%,12,12,100,90-100%,0,46,51,TECHNIP,100,10,8,100,90-100%,10,8,0,3,2,30,NOT APPLY,NULL,NULL,NULL,7,1038,AR-00000-01,79,Art. 4.3,15,100,AR,00011,Agua refrigeración (colector),No (PP 20%)
/A10003-300-RIPA-105318-U4BC1B-NC_01,RIPA-105318,A10003,300,RIPA,105318,NC,1,U4BC1B,9,3,10,8,2,116,116,100,90-100%,96,96,100,90-100%,20,20,100,90-100%,0,42,10,TECHNIP,83.33,6,3,83.33,NULL,5,2,0,6,3,100,NOT APPLY,NULL,NULL,Ready for Dossier,10,2041,RIPA-10003-05,100,NULL,15,100,RIPA,00112,Primera columna de destilacion y elementos asociados,PP
/A10003-32-AP-100101-U4AC2A-CCTN_01,AP-100101,A10003,32,AP,100101,CCTN,1,U4AC2A,10,2,11,10,1,13.75,12.5,90.91,90-100%,12.5,12.5,100,90-100%,1.25,NULL,0,Not Finished,1.25,42,Not Finished,TECHNIP,33.33,3,1,33.33,NULL,1,0,0,0,0,0,NOT APPLY,NULL,NULL,NULL,5,1031,AP-00000-01,40,Art. 4.3,15,50,AP,00009,Agua potable (colector),Traceado
/A10003-32-AP-100111-U4AC2A-CCTN_01,AP-100111,A10003,32,AP,100111,CCTN,1,U4AC2A,10,2,11,9,2,13.75,11.25,81.82,NULL,11.25,11.25,100,90-100%,2.5,NULL,0,Not Finished,2.5,42,Not Finished,TECHNIP,0,3,1,0,NULL,0,0,0,0,0,0,NOT APPLY,NULL,NULL,NULL,5,1031,AP-00000-01,40,Art. 4.3,15,50,AP,00009,Agua potable (colector),Traceado
/A10003-32-AP-100121-U4AC2A-CCTN_01,AP-100121,A10003,32,AP,100121,CCTN,1,U4AC2A,22,5,35,22,13,43.75,27.5,62.86,NULL,27.5,27.5,100,90-100%,16.25,NULL,0,Not Finished,16.25,42,Not Finished,TECHNIP,0,9,3,0,NULL,0,0,0,0,0,0,NOT APPLY,NULL,NULL,NULL,5,1031,AP-00000-01,40,Art. 4.3,15,50,AP,00009,Agua potable (colector),Traceado
/A10003-32-AP-100131-U4AC2A-CCTN_01,AP-100131,A10003,32,AP,100131,CCTN,1,U4AC2A,6,2,15,6,9,18.75,7.5,40,NULL,7.5,7.5,100,90-100%,11.25,NULL,0,Not Finished,11.25,43,Not Finished,TECHNIP,0,6,2,0,NULL,0,0,0,0,0,0,NOT APPLY,NULL,NULL,NULL,5,1031,AP-00000-01,40,Art. 4.3,15,50,AP,00009,Agua potable (colector),Traceado
/A10003-32-AP-933236-U4AC2A-CCTN_01,AP-933236,A10003,32,AP,933236,CCTN,1,U4AC2A,10,3,14,10,4,17.5,12.5,71.43,NULL,12.5,12.5,100,90-100%,5,NULL,0,Not Finished,5,42,Not Finished,TECHNIP,0,6,4,0,NULL,0,0,0,0,0,0,NOT APPLY,NULL,NULL,NULL,5,1031,AP-00000-01,40,Art. 4.3,15,50,AP,00009,Agua potable (colector),Traceado
/A10003-400-RIPA-105351-U4BC1B-CC_01,RIPA-105351,A10003,400,RIPA,105351,CC,1,U4BC1B,20,4,22,17,5,174,174,100,90-100%,128,128,100,90-100%,46,46,100,90-100%,0,46,50,TECHNIP,83.33,6,3,83.33,NULL,5,2,0,6,3,100,SPS-070,ENVIADO,1,Ready for Dossier,10,95,RIPA-10003-05,100,III,15,100,RIPA,00112,Primera columna de destilacion y elementos asociados,PP
/A10003-40-AR-105583-U1BC2A-NC_01,AR-105583,A10003,40,AR,105583,NC,1,U1BC2A,61,7,64,60,4,91.25,89.75,98.36,90-100%,86,86,100,90-100%,5.25,3.75,71.43,Not Finished,1.5,50,Not Finished,TECHNIP,100,8,3,100,90-100%,8,3,0,5,1,62.5,NOT APPLY,NULL,NULL,NULL,5,1038,AR-00000-05,80.18,Art. 4.3,15,85.715,AR,00015,"Agua refrigeración 
(subcolectores A10005)",No (PP 18%)
/A10003-40-AR-105584-U1BC2A-NC_01,AR-105584,A10003,40,AR,105584,NC,1,U1BC2A,35,6,38,34,4,51.25,49.75,97.07,90-100%,45.25,45.25,100,90-100%,6,4.5,75,Not Finished,1.5,47,Not Finished,TECHNIP,100,6,3,100,90-100%,6,3,0,2,1,33.33,NOT APPLY,NULL,NULL,NULL,5,1038,AR-00000-05,72.5,Art. 4.3,15,87.5,AR,00015,"Agua refrigeración 
(subcolectores A10005)",No (PP 18%)
/A10003-40-CYH-105281-U4BC1B-CCTN_01,CYH-105281,A10003,40,CYH,105281,CCTN,1,U4BC1B,66,9,66,64,2,87.5,0,0,NULL,85.5,NULL,0,NULL,2,NULL,0,Not Finished,87.5,Not Finished,Not Finished,NOT APPLY,NULL,0,0,NULL,NULL,0,0,0,0,0,0,NOT APPLY,NULL,NULL,NULL,4,108|2061,CYH-10003-01,0,Art. 4.3,15,0,CYH,00050,Caseta Ciclohexano,Traceado
/A10003-40-CYH-105284-U4BC1B-CCTN_01,CYH-105284,A10003,40,CYH,105284,CCTN,1,U4BC1B,9,1,11,9,2,14,11.5,82.14,NULL,11.5,11.5,100,90-100%,2.5,NULL,0,Not Finished,2.5,42,Not Finished,NOT APPLY,NULL,0,0,NULL,NULL,0,0,0,0,0,0,NOT APPLY,NULL,NULL,NULL,5,86,CYH-10003-01,50,Art. 4.3,15,50,CYH,00050,Caseta Ciclohexano,Traceado
/A10003-40-CYH-105285-U4BC1B-CCTN_01,CYH-105285,A10003,40,CYH,105285,CCTN,1,U4BC1B,11,1,15,15,0,21,0,0,NULL,21,NULL,0,NULL,0,NULL,NULL,NOT REQUIRED,21,Not Finished,NOT REQUIRED,NOT APPLY,NULL,0,0,NULL,NULL,0,0,0,0,0,0,NOT APPLY,NULL,NULL,NULL,6,108,CYH-10003-01,0,Art. 4.3,15,0,CYH,00050,Caseta Ciclohexano,Traceado
/A10003-40-EFL-105506-U4BC1B-PP_01,EFL-105506,A10003,40,EFL,105506,PP,1,U4BC1B,19,4,21,16,5,24,24,100,90-100%,18.75,18.75,100,90-100%,5.25,5.25,100,90-100%,0,49,16,TECHNIP,100,2,2,100,90-100%,2,2,0,1,1,50,SPS-073,ENVIADO,1,NULL,7,106,EFL-10003-01,85,I,15,100,EFL,00054,Sistema de drenajes EFL-3,PP
/A10003-40-EFL-105521-U4BC1B-CC_01,EFL-105521,A10003,40,EFL,105521,CC,1,U4BC1B,82,7,83,67,16,102.25,100.5,98.29,90-100%,79,79,100,90-100%,23.25,21.5,92.47,90-100%,1.75,41,50,TECHNIP,100,8,3,100,90-100%,8,3,0,1,0,12.5,SPS-074|SPS-076,ENVIADO|ENVIADO,1|1,NULL,5,77,EFL-10003-06,71.49,I,15,96.235,EFL,00055,Segunda columna de destilacion y elementos asociados,Traceado
/A10003-40-EFL-105521-U4BC1B-CC_02,EFL-105521,A10003,40,EFL,105521,CC,2,U4BC1B,22,2,26,20,6,22,18,81.82,NULL,16,14,87.5,NULL,6,4,66.67,Not Finished,4,Not Finished,Not Finished,NOT APPLY,NULL,0,0,NULL,NULL,0,0,0,0,0,0,NOT APPLY,NULL,NULL,NULL,4,77,EFL-10003-06,77.09,I,15,77.085,EFL,00055,Segunda columna de destilacion y elementos asociados,Traceado
/A10003-40-EFL-105521-U4BC1B-CC_03,EFL-105521,A10003,40,EFL,105521,CC,3,U4BC1B,23,3,25,23,2,28,26,92.86,90-100%,26,26,100,90-100%,2,NULL,0,Not Finished,2,42,Not Finished,NOT APPLY,NULL,0,0,NULL,NULL,0,0,0,0,0,0,NOT APPLY,NULL,NULL,NULL,5,77,EFL-10003-06,50,I,15,50,EFL,00055,Segunda columna de destilacion y elementos asociados,Traceado
/A10003-40-EFL-105531-U4BC1B-CC_01,EFL-105531,A10003,40,EFL,105531,CC,1,U4BC1B,26,2,27,24,3,35.25,35.25,100,90-100%,31.5,31.5,100,90-100%,3.75,3.75,100,90-100%,0,43,49,TECHNIP,100,3,1,100,90-100%,3,1,0,1,0,33.33,SPS-075,ENVIADO,1,NULL,7,77,EFL-10003-06,80,I,15,100,EFL,00055,Segunda columna de destilacion y elementos asociados,Traceado
/A10003-40-EFL-108902-U4BC1B-NC_01,EFL-108902,A10003,40,EFL,108902,NC,1,U4BC1B,14,3,17,15,2,26,26,100,90-100%,23,23,100,90-100%,3,3,100,90-100%,0,42,8,TECHNIP,100,6,2,100,90-100%,6,2,0,0,0,0,NOT APPLY,NULL,NULL,NULL,7,71,EFL-10003-04,70,I,15,100,EFL,00056,Recipiente enterrado efluentes IPA y lineas asociadas,No
/A10003-40-EFL-108962-U4BC1B-NC_01,EFL-108962,A10003,40,EFL,108962,NC,1,U4BC1B,9,2,11,11,0,16.5,16.5,100,90-100%,16.5,16.5,100,90-100%,0,NULL,NULL,NOT REQUIRED,0,43,NOT REQUIRED,TECHNIP,75,4,2,75,NULL,3,1,0,0,0,0,NOT APPLY,NULL,NULL,NULL,7,2044|78,EFL-10003-03,0,I,15,100,EFL,00063,Pit drenajes abierto IPA y lineas asociadas,No
/A10003-40-INC-105403-U4BC1B-PP_01,INC-105403,A10003,40,INC,105403,PP,1,U4BC1B,25,5,27,23,4,37,35.5,95.95,90-100%,31,31,100,90-100%,6,4.5,75,Not Finished,1.5,42,Not Finished,TECHNIP,66.67,9,6,66.67,NULL,6,5,0,3,3,33.33,NOT APPLY,NULL,NULL,NULL,5,96,RIPA-10003-01,72.5,I,15,87.5,RIPA,00110,Recipiente IPA reciclado y lineas asociadas,PP
/A10003-40-RIPA-105201-U4BC1B-CC_01,RIPA-105201,A10003,40,RIPA,105201,CC,1,U4BC1B,43,8,47,39,8,67.5,67.5,100,90-100%,56,56,100,90-100%,11.5,11.5,100,90-100%,0,42,47,TECHNIP,100,12,5,100,90-100%,12,5,0,4,1,33.33,SPS-089,ENVIADO,1,NULL,7,103,RIPA-10003-02,80,I,15,100,RIPA,00109,Decantador y lineas asociadas,Traceado
/A10003-40-RIPA-105202-U4BC1B-CC_01,RIPA-105202,A10003,40,RIPA,105202,CC,1,U4BC1B,23,2,24,16,8,26.5,26.5,100,90-100%,15,15,100,90-100%,11.5,11.5,100,90-100%,0,42,47,TECHNIP,100,3,1,100,90-100%,3,1,0,1,0,33.33,SPS-090,ENVIADO,1,NULL,7,103,RIPA-10003-02,80,Art. 4.3,15,100,RIPA,00109,Decantador y lineas asociadas,Traceado
/A10003-40-RIPA-105222-U4BC1B-CC_01,RIPA-105222,A10003,40,RIPA,105222,CC,1,U4BC1B,20,4,22,15,7,30,28.5,95,90-100%,19.5,19.5,100,90-100%,10.5,9,85.71,Not Finished,1.5,43,Not Finished,TECHNIP,100,10,3,100,90-100%,10,3,0,1,0,10,NOT APPLY,NULL,NULL,NULL,5,84,RIPA-10003-02,68.71,I,15,92.855,RIPA,00109,Decantador y lineas asociadas,Traceado
/A10003-40-RIPA-105261-U4BC1B-CC_01,RIPA-105261,A10003,40,RIPA,105261,CC,1,U4BC1B,136,19,144,127,17,194.75,181.25,93.07,90-100%,170.25,170.25,100,90-100%,24.5,11,44.9,Not Finished,13.5,48,Not Finished,TECHNIP,100,27,10,100,90-100%,27,10,0,2,0,7.41,SPS-132|SPS-089,ENVIADO,1,NULL,5,103,RIPA-10003-02,55.69,I,15,72.45,RIPA,00109,Decantador y lineas asociadas,Traceado
/A10003-40-RIPA-105271-U4BC1B-CC_01,RIPA-105271,A10003,40,RIPA,105271,CC,1,U4BC1B,28,3,28,21,7,36.5,36.5,100,90-100%,26.5,26.5,100,90-100%,10,10,100,90-100%,0,46,50,TECHNIP,100,3,1,100,90-100%,3,1,0,1,0,33.33,SPS-090,ENVIADO,1,NULL,7,103,RIPA-10003-02,80,I,15,100,RIPA,00109,Decantador y lineas asociadas,Traceado
/A10003-40-RIPA-105601-U4BC1B-CC_01,RIPA-105601,A10003,40,RIPA,105601,CC,1,U4BC1B,34,4,35,23,12,41.5,38.5,92.77,90-100%,25.5,25.5,100,90-100%,16,13,81.25,Not Finished,3,41,Not Finished,TECHNIP,100,9,3,100,90-100%,9,3,0,3,0,33.33,SPS-091,ENVIADO,1,NULL,5,102,RIPA-10003-03,74.37,I,15,90.625,RIPA,00114,Recipiente reflujo segunda columna y lineas asociadas,PP
/A10003-40-RIPA-105602-U4BC1B-CC_01,RIPA-105602,A10003,40,RIPA,105602,CC,1,U4BC1B,17,2,19,16,3,26.5,26.5,100,90-100%,22,22,100,90-100%,4.5,4.5,100,90-100%,0,50,6,TECHNIP,100,6,2,100,90-100%,6,2,0,1,0,16.67,SPS-086,ENVIADO,1,NULL,7,102,RIPA-10003-03,75,I,15,100,RIPA,00114,Recipiente reflujo segunda columna y lineas asociadas,PP
/A10003-40-RIPA-105621-U4BC1B-CC_01,RIPA-105621,A10003,40,RIPA,105621,CC,1,U4BC1B,111,14,115,96,19,110.75,110,99.32,90-100%,91.75,91.75,100,90-100%,19,18.25,96.05,90-100%,0.75,51,47,TECHNIP,100,18,6,100,90-100%,18,6,0,9,1,50,SPS-091,ENVIADO,1,NULL,5,102,RIPA-10003-03,83.82,I,15,98.025,RIPA,00114,Recipiente reflujo segunda columna y lineas asociadas,PP
/A10003-40-RIPA-105621-U4BC1B-CC_02,RIPA-105621,A10003,40,RIPA,105621,CC,2,U4BC1B,8,1,16,13,3,16,15,93.75,90-100%,13,13,100,90-100%,3,2,66.67,Not Finished,1,42,Not Finished,NOT APPLY,NULL,0,0,NULL,NULL,0,0,0,0,0,0,NOT APPLY,NULL,NULL,NULL,5,102,RIPA-10003-03,83.34,I,15,83.335,RIPA,00114,Recipiente reflujo segunda columna y lineas asociadas,PP
/A10003-40-RIPA-105621-U4BC1B-CC_03,RIPA-105621,A10003,40,RIPA,105621,CC,3,U4BC1B,30,3,31,26,5,28,28,100,90-100%,23,23,100,90-100%,5,5,100,90-100%,0,41,5,NOT APPLY,NULL,0,0,NULL,NULL,0,0,0,0,0,0,NOT APPLY,NULL,NULL,NULL,7,102,RIPA-10003-03,100,I,15,100,RIPA,00114,Recipiente reflujo segunda columna y lineas asociadas,PP
/A10003-40-RIPA-105623-U4BC1B-CC_01,RIPA-105623,A10003,40,RIPA,105623,CC,1,U4BC1B,79,14,85,75,10,131,122.5,93.51,90-100%,112.5,108.5,96.44,90-100%,18.5,14,75.68,Not Finished,8.5,47,Not Finished,TECHNIP,100,19,7,100,90-100%,19,7,0,9,3,47.37,NOT APPLY,NULL,NULL,NULL,4,102,RIPA-10003-05,75.49,I,15,86.06,RIPA,00112,Primera columna de destilacion y elementos asociados,PP
/A10003-40-RIPA-105631-U4BC1B-CC_01,RIPA-105631,A10003,40,RIPA,105631,CC,1,U4BC1B,30,2,31,26,5,39.5,39.5,100,90-100%,32.5,32.5,100,90-100%,7,7,100,90-100%,0,47,6,TECHNIP,100,3,1,100,90-100%,3,1,0,1,0,33.33,SPS-086,ENVIADO,1,NULL,7,102,RIPA-10003-03,80,I,15,100,RIPA,00114,Recipiente reflujo segunda columna y lineas asociadas,PP
/A10003-40-RIPA-105661-U4BC1B-CC_01,RIPA-105661,A10003,40,RIPA,105661,CC,1,U4BC1B,14,5,18,13,5,27,27,100,90-100%,19.5,19.5,100,90-100%,7.5,7.5,100,90-100%,0,41,8,TECHNIP,100,14,6,100,90-100%,14,6,0,14,6,100,NOT APPLY,NULL,NULL,Ready for Dossier,10,104,RIPA-10003-03,100,Art. 4.3,15,100,RIPA,00114,Recipiente reflujo segunda columna y lineas asociadas,PP
/A10003-450-RIPA-105353-U4BC1B-NC_01,RIPA-105353,A10003,450,RIPA,105353,NC,1,U4BC1B,8,2,10,6,4,124,124,100,90-100%,82,82,100,90-100%,42,42,100,90-100%,0,45,8,TECHNIP,87.5,16,5,87.5,NULL,14,3,0,16,5,100,NOT APPLY,NULL,NULL,Ready for Dossier,10,2042,RIPA-10003-05,100,NULL,15,100,RIPA,00112,Primera columna de destilacion y elementos asociados,PP
/A10003-50-ARC-91272-U1BC2A-NC_01,ARC-91272,A10003,50,ARC,91272,NC,1,U1BC2A,25,4,28,23,5,42.25,42.25,100,90-100%,32.25,32.25,100,90-100%,10,10,100,90-100%,0,9,20,TECHNIP,100,10,8,100,90-100%,10,8,0,9,7,90,NOT APPLY,NULL,NULL,NULL,7,1035,ARC-PR19-01,97,Art. 4.3,15,100,ARC,00026,Aire de servicio PR19,No
/A10003-50-ARC-91272-U1BC2A-NC_02,ARC-91272,A10003,50,ARC,91272,NC,2,U1BC2A,27,3,28,27,1,20.75,20,96.39,90-100%,20,20,100,90-100%,0.75,NULL,0,Not Finished,0.75,47,Not Finished,NOT APPLY,NULL,0,0,NULL,NULL,0,0,0,0,0,0,NOT APPLY,NULL,NULL,NULL,5,1035,ARC-PR19-01,50,Art. 4.3,15,50,ARC,00026,Aire de servicio PR19,No
/A10003-50-ARI-101996-U4AC2A-NC_01,ARI-101996,A10003,50,ARI,101996,NC,1,U4AC2A,22,4,25,19,6,33,33,100,90-100%,23,23,100,90-100%,10,10,100,90-100%,0,47,15,TECHNIP,90.91,11,5,90.91,90-100%,10,4,0,4,1,36.36,NOT APPLY,NULL,NULL,NULL,7,1033,ARI-10003-01,80.91,Art. 4.3,15,100,ARI,00029,Aire de instrumentos A10003,No
/A10003-50-CIPA-102321-U4BC1B-CC_01,CIPA-102321,A10003,50,CIPA,102321,CC,1,U4BC1B,22,4,25,16,9,37,35,94.59,90-100%,19,19,100,90-100%,18,16,88.89,Not Finished,2,41,Not Finished,TECHNIP,100,8,3,100,90-100%,8,3,0,8,3,100,NOT APPLY,NULL,NULL,NULL,8,67,CIPA-10001-01,96.67,Art. 4.3,15,94.445,CIPA,00047,Recipiente recolección IPA a destilación,Sí
/A10003-50-CIPA-103204-U4BC1B-CC_01,CIPA-103204,A10003,50,CIPA,103204,CC,1,U4BC1B,15,3,18,13,5,31,31,100,90-100%,21,21,100,90-100%,10,10,100,90-100%,0,42,3,TECHNIP,100,8,6,100,90-100%,8,6,0,8,6,100,NOT APPLY,NULL,NULL,Ready for Dossier,10,69,HMBI-10001-04,100,Art. 4.3,15,100,HMBI,00075,Paquete Z-1032 y lineas asociadas,Traceado
/A10003-50-CIPA-103905-U4BC1B-CC_01,CIPA-103905,A10003,50,CIPA,103905,CC,1,U4BC1B,21,4,24,14,10,32,30,93.75,90-100%,16,16,100,90-100%,16,14,87.5,Not Finished,2,41,Not Finished,TECHNIP,100,7,5,100,90-100%,7,5,0,7,5,100,NOT APPLY,NULL,NULL,NULL,8,70,HMBI-10001-04,96.25,Art. 4.3,15,93.75,HMBI,00075,Paquete Z-1032 y lineas asociadas,Traceado
/A10003-50-CIPA-105323-U4BC1B-CC_01,CIPA-105323,A10003,50,CIPA,105323,CC,1,U4BC1B,8,1,8,5,3,7,7,100,90-100%,2,2,100,90-100%,5,5,100,90-100%,0,42,10,TECHNIP,100,5,1,100,90-100%,5,1,0,5,1,100,NOT APPLY,NULL,NULL,Ready for Dossier,10,74,RIPA-10003-01,100,I,15,100,RIPA,00110,Recipiente IPA reciclado y lineas asociadas,PP
/A10003-50-EFL-108901-U4BC1B-NC_01,EFL-108901,A10003,50,EFL,108901,NC,1,U4BC1B,46,8,51,39,12,84,80,95.24,90-100%,64,64,100,90-100%,20,16,80,Not Finished,4,48,Not Finished,TECHNIP,100,16,11,100,90-100%,16,11,0,6,2,37.5,NOT APPLY,NULL,NULL,NULL,5,71,EFL-10003-04,75.25,Art. 4.3,15,90,EFL,00056,Recipiente enterrado efluentes IPA y lineas asociadas,No
/A10003-50-EFL-108905-U4BC1B-PP_01,EFL-108905,A10003,50,EFL,108905,PP,1,U4BC1B,65,14,76,65,11,105,89,84.76,NULL,89,89,100,90-100%,16,NULL,0,Not Finished,16,43,Not Finished,TECHNIP,96.77,31,16,96.77,90-100%,30,15,0,0,0,0,NOT APPLY,NULL,NULL,NULL,5,75,EFL-10003-01,40,I,15,50,EFL,00054,Sistema de drenajes EFL-3,PP
/A10003-50-EFL-108951-U4BC1B-NC_01,EFL-108951,A10003,50,EFL,108951,NC,1,U4BC1B,26,3,26,22,4,43,43,100,90-100%,35,35,100,90-100%,8,8,100,90-100%,0,41,52,TECHNIP,90,10,4,90,90-100%,9,3,0,4,1,40,NOT APPLY,NULL,NULL,NULL,7,78,EFL-10003-03,82,I,15,100,EFL,00063,Pit drenajes abierto IPA y lineas asociadas,No
/A10003-50-EFL-108952-U4BC1B-NC_01,EFL-108952,A10003,50,EFL,108952,NC,1,U4BC1B,59,14,73,53,20,125,117,93.6,90-100%,86,86,100,90-100%,39,31,79.49,Not Finished,8,41,Not Finished,TECHNIP,88.24,17,9,88.24,NULL,15,8,0,7,3,41.18,NOT APPLY,NULL,NULL,NULL,5,2036,EFL-10003-05,76.2,Art. 4.3,15,89.745,EFL,00064,Drenajes abiertos de edificio IPA,PP
/A10003-50-EFL-108954-U4BC1B-NC_01,EFL-108954,A10003,50,EFL,108954,NC,1,U4BC1B,8,1,9,9,0,18,18,100,90-100%,18,18,100,90-100%,0,NULL,NULL,NOT REQUIRED,0,42,NOT REQUIRED,TECHNIP,100,6,2,100,90-100%,6,2,0,1,0,16.67,NOT APPLY,NULL,NULL,NULL,7,78,EFL-10003-04,0,I,15,100,EFL,00056,Recipiente enterrado efluentes IPA y lineas asociadas,No
/A10003-50-EFL-108956-U4BC1B-NC_01,EFL-108956,A10003,50,EFL,108956,NC,1,U4BC1B,2,1,2,2,0,4,4,100,90-100%,4,4,100,90-100%,0,NULL,NULL,NOT REQUIRED,0,42,NOT REQUIRED,NOT APPLY,NULL,0,0,NULL,NULL,0,0,0,0,0,0,NOT APPLY,NULL,NULL,NULL,7,2045,EFL-10003-05,100,Art. 4.3,15,100,EFL,00064,Drenajes abiertos de edificio IPA,PP
/A10003-50-INC-108904-U4BC1B-NC_01,INC-108904,A10003,50,INC,108904,NC,1,U4BC1B,53,8,57,46,11,80.25,77.25,96.26,90-100%,61.75,61.75,100,90-100%,18.5,15.5,83.78,Not Finished,3,48,Not Finished,TECHNIP,100,11,7,100,90-100%,11,7,0,5,3,45.45,NOT APPLY,NULL,NULL,NULL,5,100,EFL-10003-04,78.77,I,15,91.89,EFL,00056,Recipiente enterrado efluentes IPA y lineas asociadas,No
/A10003-50-RIPA-105207-U4BC1B-CC_01,RIPA-105207,A10003,50,RIPA,105207,CC,1,U4BC1B,20,3,22,19,3,34,34,100,90-100%,28,28,100,90-100%,6,6,100,90-100%,0,42,4,TECHNIP,100,9,3,100,90-100%,9,3,0,9,3,100,NOT APPLY,NULL,NULL,Ready for Dossier,10,105,RIPA-10003-02,100,I,15,100,RIPA,00109,Decantador y lineas asociadas,Traceado
/A10003-50-RIPA-105422-U4BC1B-CC_01,RIPA-105422,A10003,50,RIPA,105422,CC,1,U4BC1B,11,4,13,9,4,26,22,84.62,NULL,18,18,100,90-100%,8,4,50,Not Finished,4,41,Not Finished,TECHNIP,88.89,9,2,88.89,NULL,8,1,0,0,0,0,NOT APPLY,NULL,NULL,NULL,5,88,RIPA-10003-01,55,I,15,75,RIPA,00110,Recipiente IPA reciclado y lineas asociadas,PP
/A10003-50-RIPA-105562-U4BC1B-CC_01,RIPA-105562,A10003,50,RIPA,105562,CC,1,U4BC1B,63,9,69,63,6,118.5,114.5,96.62,90-100%,110.5,108.5,98.19,90-100%,8,6,75,Not Finished,4,49,Not Finished,TECHNIP,100,20,6,100,90-100%,20,6,0,14,3,70,NOT APPLY,NULL,NULL,NULL,4,102,RIPA-10003-05,82.78,Art. 4.3,15,86.595,RIPA,00112,Primera columna de destilacion y elementos asociados,PP
/A10003-50-VT4-105455-U4BC1B-CC_01,VT4-105455,A10003,50,VT4,105455,CC,1,U4BC1B,2,1,2,2,0,4,4,100,90-100%,4,4,100,90-100%,0,NULL,NULL,NOT REQUIRED,0,47,NOT REQUIRED,NOT APPLY,NULL,0,0,NULL,NULL,0,0,0,0,0,0,NOT APPLY,NULL,NULL,NULL,7,111,RIPA-10003-01,100,I,15,100,RIPA,00110,Recipiente IPA reciclado y lineas asociadas,PP
/A10003-80-C6-105556-U1CD2B-CC_01,C6-105556,A10003,80,C6,105556,CC,1,U1CD2B,14,4,17,14,3,44.25,44.25,100,90-100%,35.25,35.25,100,90-100%,9,9,100,90-100%,0,45,17,TECHNIP,77.78,9,3,77.78,NULL,7,1,0,3,1,33.33,SPS-115|SPS-130,ENVIADO|ENVIADO,NULL,NULL,3,65,C6-00000-01,80,Art. 4.3,23.52,100,C6,00038,Condensados general,Sí
/A10003-80-C6-105556-U1CD2B-CC_02,C6-105556,A10003,80,C6,105556,CC,2,U1CD2B,15,2,17,15,2,12.75,12.75,100,90-100%,11.25,11.25,100,90-100%,1.5,1.5,100,90-100%,0,3,18,TECHNIP,100,3,2,100,90-100%,3,2,0,2,1,66.67,NOT APPLY,NULL,NULL,NULL,7,65,C6-00000-01,90,Art. 4.3,23.52,100,C6,00038,Condensados general,Sí
/A10003-80-EFL-105396-U4BC1B-PP_01,EFL-105396,A10003,80,EFL,105396,PP,1,U4BC1B,18,5,22,17,5,38.25,38.25,100,90-100%,30.75,30.75,100,90-100%,7.5,7.5,100,90-100%,0,43,13,TECHNIP,100,12,4,100,90-100%,12,4,0,12,4,100,NOT APPLY,NULL,NULL,Ready for Dossier,10,82,EFL-10003-01,100,I,15,100,EFL,00054,Sistema de drenajes EFL-3,PP
/A10003-80-EFL-105501-U4BC1B-CC_01,EFL-105501,A10003,80,EFL,105501,CC,1,U4BC1B,37,5,38,25,13,82.5,82.5,100,90-100%,53,53,100,90-100%,29.5,29.5,100,90-100%,0,43,49,TECHNIP,100,8,4,100,90-100%,8,4,0,3,1,37.5,SPS-074|SPS-072|SPS-076,ENVIADO|ENVIADO|ENVIADO,1|1|1,NULL,7,77,EFL-10003-06,81.25,I,15,100,EFL,00055,Segunda columna de destilacion y elementos asociados,Traceado
/A10003-80-EFL-105502-U4BC1B-CC_01,EFL-105502,A10003,80,EFL,105502,CC,1,U4BC1B,16,2,18,16,2,34.5,34.5,100,90-100%,32,32,100,90-100%,2.5,2.5,100,90-100%,0,43,47,TECHNIP,100,3,1,100,90-100%,3,1,0,0,0,0,SPS-075,ENVIADO,1,NULL,7,77,EFL-10003-06,70,I,15,100,EFL,00055,Segunda columna de destilacion y elementos asociados,Traceado
/A10003-80-EFL-105552-U4BC1B-CC_01,EFL-105552,A10003,80,EFL,105552,CC,1,U4BC1B,0,0,5,4,1,9,9,100,90-100%,7.5,7.5,100,90-100%,1.5,1.5,100,90-100%,0,39,9,NOT APPLY,NULL,0,0,NULL,NULL,0,0,0,0,0,0,NOT APPLY,NULL,NULL,NULL,7,81,EFL-10003-06,100,I,15,100,EFL,00055,Segunda columna de destilacion y elementos asociados,Traceado
/A10003-80-EFL-108725-U4BC1B-NC_01,EFL-108725,A10003,80,EFL,108725,NC,1,U4BC1B,12,2,14,12,2,40.5,34.5,85.19,NULL,34.5,34.5,100,90-100%,6,NULL,0,Not Finished,6,51,Not Finished,TECHNIP,100,6,4,100,90-100%,6,4,0,0,0,0,NOT APPLY,NULL,NULL,NULL,5,72|79,EFL-10001-05,40,Art. 4.3,15,50,EFL,00057,Recipiente enterrado efluentes HMBI y lineas asociadas 2,No
/A10003-80-EFL-108961-U4BC1B-NC_01,EFL-108961,A10003,80,EFL,108961,NC,1,U4BC1B,75,11,84,64,20,172.25,172.25,100,90-100%,125,125,100,90-100%,47.25,47.25,100,90-100%,0,51,50,TECHNIP,100,25,11,100,90-100%,25,11,0,19,7,76,SPS-073,ENVIADO,1,NULL,7,2033|72,EFL-10003-03,92.8,Art. 4.3,15,100,EFL,00063,Pit drenajes abierto IPA y lineas asociadas,No
/A10003-80-IPA-15521-U4BC1B-NC_01,IPA-15521,A10003,80,IPA,15521,NC,1,U4BC1B,79,11,85,73,12,190,187,98.42,90-100%,161.25,161.25,100,90-100%,28.75,25.75,89.57,Not Finished,3,46,Not Finished,TECHNIP,100,10,5,100,90-100%,10,5,0,10,5,100,NOT APPLY,NULL,NULL,NULL,8,73|83,IPA-10004-01,96.87,Art. 4.3,15,94.785,IPA,00090,Tanque IPA,No
/A10003-80-IPA-15528-U4BC1B-NC_01,IPA-15528,A10003,80,IPA,15528,NC,1,U4BC1B,0,0,3,2,1,9,9,100,90-100%,6,6,100,90-100%,3,3,100,90-100%,0,38,40,NOT APPLY,NULL,0,0,NULL,NULL,0,0,0,0,0,0,NOT APPLY,NULL,NULL,NULL,7,73,IPA-10004-01,100,Art. 4.3,15,100,IPA,00090,Tanque IPA,No
/A10003-80-RIPA-105221-U4BC1B-CC_01,RIPA-105221,A10003,80,RIPA,105221,CC,1,U4BC1B,94,13,98,82,16,213.75,212.75,99.53,90-100%,173.5,172.5,99.42,90-100%,40.25,40.25,100,90-100%,1,43,50,TECHNIP,100,36,11,100,90-100%,36,11,0,29,7,80.56,SPS-083|SPS-084,ENVIADO|ENVIADO,1|1,NULL,6,84,RIPA-10003-02,93.94,I,15,99.71,RIPA,00109,Decantador y lineas asociadas,Traceado
/A10003-80-RIPA-105221-U4BC1B-CC_02,RIPA-105221,A10003,80,RIPA,105221,CC,2,U4BC1B,15,4,20,13,7,55,46,83.64,NULL,39,39,100,90-100%,16,7,43.75,Not Finished,9,43,Not Finished,TECHNIP,100,14,4,100,90-100%,14,4,0,0,0,0,NOT APPLY,NULL,NULL,NULL,5,84,RIPA-10003-02,53.13,I,15,71.875,RIPA,00109,Decantador y lineas asociadas,Traceado
/A10003-80-RIPA-105231-U4BC1B-CC_01,RIPA-105231,A10003,80,RIPA,105231,CC,1,U4BC1B,22,2,23,18,5,49.25,49.25,100,90-100%,38,38,100,90-100%,11.25,11.25,100,90-100%,0,43,48,TECHNIP,100,4,1,100,90-100%,4,1,0,2,0,50,SPS-087,ENVIADO,1,NULL,7,84,RIPA-10003-02,85,I,15,100,RIPA,00109,Decantador y lineas asociadas,Traceado
/A10003-80-RIPA-105423-U4BC1B-CC_01,RIPA-105423,A10003,80,RIPA,105423,CC,1,U4BC1B,37,7,45,35,10,98,96,97.96,90-100%,78,78,100,90-100%,20,18,90,90-100%,2,43,47,TECHNIP,100,19,7,100,90-100%,19,7,0,19,7,100,NOT APPLY,NULL,NULL,NULL,8,74|88,RIPA-10003-01,97,I,15,95,RIPA,00110,Recipiente IPA reciclado y lineas asociadas,PP
/A10003-80-RIPA-105451-U4BC1B-PP_01,RIPA-105451,A10003,80,RIPA,105451,PP,1,U4BC1B,23,4,26,21,5,70,67,95.71,90-100%,60,57,95,90-100%,10,10,100,90-100%,3,43,49,TECHNIP,100,6,2,100,90-100%,6,2,0,6,2,100,NOT APPLY,NULL,NULL,NULL,9,75,RIPA-10001-01,98,II,15,97.5,RIPA,00111,Linea de IPA hacia esterificacion,PP
/A10003-80-RIPA-105451-U4BC1B-PP_02,RIPA-105451,A10003,80,RIPA,105451,PP,2,U4BC1B,15,4,21,14,7,20,15,75,NULL,13,13,100,90-100%,7,2,28.57,Not Finished,5,41,Not Finished,TECHNIP,100,10,5,100,90-100%,10,5,0,0,0,0,NOT APPLY,NULL,NULL,NULL,5,75,RIPA-10001-01,48.57,II,15,64.285,RIPA,00111,Linea de IPA hacia esterificacion,PP
/A10003-80-RIPA-105571-U4BC1B-CC_01,RIPA-105571,A10003,80,RIPA,105571,CC,1,U4BC1B,14,5,18,10,8,54,54,100,90-100%,30,30,100,90-100%,24,24,100,90-100%,0,42,48,TECHNIP,55.56,9,5,55.56,NULL,5,3,0,9,5,100,NOT APPLY,NULL,NULL,Ready for Dossier,10,85,RIPA-10003-04,100,I,15,100,RIPA,00113,Condensador segunda columna y lineas asociadas,PP
/A10003-80-V6-105554-U1CD2B-CC_01,V6-105554,A10003,80,V6,105554,CC,1,U1CD2B,33,5,37,31,6,70.75,70.75,100,90-100%,63.75,63.75,100,90-100%,7,7,100,90-100%,0,45,17,TECHNIP,92.86,14,4,92.86,90-100%,13,3,0,9,2,64.29,SPS-116,ENVIADO,1,NULL,7,1040,EFL-10003-06,89.29,Art. 4.3,23.52,100,EFL,00055,Segunda columna de destilacion y elementos asociados,Traceado
/A10003-80-VT4-105395-U4BC1B-CC_04,VT4-105395,A10003,80,VT4,105395,CC,4,U4BC1B,9,1,9,9,0,16.25,16.25,100,90-100%,16.25,16.25,100,90-100%,0,NULL,NULL,NOT REQUIRED,0,42,NOT REQUIRED,NOT APPLY,NULL,0,0,NULL,NULL,0,0,0,0,0,0,NOT APPLY,NULL,NULL,NULL,7,82,RIPA-10003-05,100,I,15,100,RIPA,00112,Primera columna de destilacion y elementos asociados,PP
/A10003-80-VT4-105395-U4BC1B-CC_18,VT4-105395,A10003,80,VT4,105395,CC,18,U4BC1B,2,1,2,1,1,6,6,100,90-100%,3,3,100,90-100%,3,3,100,90-100%,0,39,6,NOT APPLY,NULL,0,0,NULL,NULL,0,0,0,0,0,0,NOT APPLY,NULL,NULL,NULL,7,82,RIPA-10003-05,100,I,15,100,RIPA,00112,Primera columna de destilacion y elementos asociados,PP
/A10003-80-VT4-105507-U4BC1B-CC_04,VT4-105507,A10003,80,VT4,105507,CC,4,U4BC1B,9,1,9,9,0,16.25,16.25,100,90-100%,16.25,16.25,100,90-100%,0,NULL,NULL,NOT REQUIRED,0,42,NOT REQUIRED,NOT APPLY,NULL,0,0,NULL,NULL,0,0,0,0,0,0,NOT APPLY,NULL,NULL,NULL,7,106,EFL-10003-06,100,Art. 4.3,15,100,EFL,00055,Segunda columna de destilacion y elementos asociados,Traceado
/A10003-80-VT4-108909-U4BC1B-NC_05,VT4-108909,A10003,80,VT4,108909,NC,5,U4BC1B,4,1,4,4,0,6,6,100,90-100%,6,6,100,90-100%,0,NULL,NULL,NOT REQUIRED,0,15,NOT REQUIRED,NOT APPLY,NULL,0,0,NULL,NULL,0,0,0,0,0,0,NOT APPLY,NULL,NULL,NULL,7,111,EFL-10003-04,100,I,15,100,EFL,00056,Recipiente enterrado efluentes IPA y lineas asociadas,No
/A10004-100-CYH-15541-U4BC1B-CCTN_01,CYH-15541,A10004,100,CYH,15541,CCTN,1,U4BC1B,48,5,48,44,4,107,107,100,90-100%,98.5,98.5,100,90-100%,8.5,8.5,100,90-100%,0,45,49,TECHNIP,100,15,3,100,90-100%,15,3,0,15,3,100,NOT APPLY,NULL,NULL,Ready for Dossier,10,119,CYH-10004-01,100,Art. 4.3,15,100,CYH,00051,Bomba carga IPA / CYH,Traceado
/A10004-100-CYH-15551-U4BC1B-CCTN_01,CYH-15551,A10004,100,CYH,15551,CCTN,1,U4BC1B,45,7,46,38,8,109.5,109.5,100,90-100%,80,80,100,90-100%,29.5,29.5,100,90-100%,0,45,51,TECHNIP,100,13,3,100,90-100%,13,3,0,12,2,92.31,NOT APPLY,NULL,NULL,NULL,7,119,CYH-10004-01,97.69,Art. 4.3,15,100,CYH,00051,Bomba carga IPA / CYH,Traceado
/A10004-100-CYH-15552-U4BC1B-CCTN_01,CYH-15552,A10004,100,CYH,15552,CCTN,1,U4BC1B,17,5,23,17,6,68,68,100,90-100%,52,52,100,90-100%,16,16,100,90-100%,0,45,49,TECHNIP,100,11,3,100,90-100%,11,3,0,9,2,81.82,NOT APPLY,NULL,NULL,NULL,7,119|86,CYH-10004-01,94.55,Art. 4.3,15,100,CYH,00051,Bomba carga IPA / CYH,Traceado
/A10004-100-EFL-15586-U4BC1B-NC_01,EFL-15586,A10004,100,EFL,15586,NC,1,U4BC1B,3,2,3,3,0,12,12,100,90-100%,12,12,100,90-100%,0,NULL,NULL,NOT REQUIRED,0,44,NOT REQUIRED,TECHNIP,100,3,2,100,90-100%,3,2,0,3,2,100,NOT APPLY,NULL,NULL,Ready for Dossier,10,2048,EFL-10004-01,0,Art. 4.3,15,100,EFL,00066,Bomba B-1558 y elementos asociados,No
/A10004-100-IPA-15501-U4BC1B-NC_01,IPA-15501,A10004,100,IPA,15501,NC,1,U4BC1B,25,2,26,23,3,53,53,100,90-100%,48,48,100,90-100%,5,5,100,90-100%,0,45,48,TECHNIP,100,3,1,100,90-100%,3,1,0,3,1,100,SPS-099,ENVIADO,1,Ready for Dossier,10,120,IPA-10004-01,100,Art. 4.3,15,100,IPA,00090,Tanque IPA,No
/A10004-100-IPA-15502-U4BC1B-NC_01,IPA-15502,A10004,100,IPA,15502,NC,1,U4BC1B,46,7,48,35,13,116,116,100,90-100%,71,71,100,90-100%,45,45,100,90-100%,0,46,51,TECHNIP,100,13,5,100,90-100%,13,5,0,12,4,92.31,SPS-100|SPS-101,ENVIADO|ENVIADO,1|1,NULL,7,120,IPA-10004-01,97.69,Art. 4.3,15,100,IPA,00090,Tanque IPA,No
/A10004-100-IPA-15553-U4BC1B-NC_01,IPA-15553,A10004,100,IPA,15553,NC,1,U4BC1B,19,4,21,16,5,71,71,100,90-100%,51,51,100,90-100%,20,20,100,90-100%,0,45,42,TECHNIP,100,4,2,100,90-100%,4,2,0,2,1,50,NOT APPLY,NULL,NULL,NULL,7,119,CYH-10004-01,85,Art. 4.3,15,100,CYH,00051,Bomba carga IPA / CYH,Traceado
/A10004-100-IPA-15553-U4BC1B-NC_02,IPA-15553,A10004,100,IPA,15553,NC,2,U4BC1B,7,2,9,6,3,36,36,100,90-100%,24,24,100,90-100%,12,12,100,90-100%,0,44,44,TECHNIP,100,4,1,100,90-100%,4,1,0,4,1,100,NOT APPLY,NULL,NULL,Ready for Dossier,10,119,CYH-10004-01,100,Art. 4.3,15,100,CYH,00051,Bomba carga IPA / CYH,Traceado
/A10004-100-NI-15543-U1BD2A-NC_01,NI-15543,A10004,100,NI,15543,NC,1,U1BD2A,10,2,12,10,2,42,42,100,90-100%,38,38,100,90-100%,4,4,100,90-100%,0,50,6,TECHNIP,100,8,3,100,90-100%,8,3,0,8,3,100,NOT APPLY,NULL,NULL,Ready for Dossier,10,2049,NI-10004-01,100,NULL,23.52,100,NI,00102,Estacion de nitrogeno para brazos de carga area 10004,Traceado
/A10004-100-VT4-108804-U4BC1B-CC_01,VT4-108804,A10004,100,VT4,108804,CC,1,U4BC1B,2,1,2,2,0,8,8,100,90-100%,8,8,100,90-100%,0,NULL,NULL,NOT REQUIRED,0,44,NOT REQUIRED,NOT APPLY,NULL,0,0,NULL,NULL,0,0,0,0,0,0,NOT APPLY,NULL,NULL,NULL,7,130,SSAM-10004-01,100,Art. 4.3,15,100,SSAM,00116,Tanque solución sulfato,Sí
/A10004-100-VT4-108804-U4BC1B-CC_03,VT4-108804,A10004,100,VT4,108804,CC,3,U4BC1B,2,1,2,2,0,8,8,100,90-100%,8,8,100,90-100%,0,NULL,NULL,NOT REQUIRED,0,44,NOT REQUIRED,NOT APPLY,NULL,0,0,NULL,NULL,0,0,0,0,0,0,NOT APPLY,NULL,NULL,NULL,7,130,SSAM-10004-01,100,Art. 4.3,15,100,SSAM,00116,Tanque solución sulfato,Sí
/A10004-100-VT4-108804-U4BC1B-CC_04,VT4-108804,A10004,100,VT4,108804,CC,4,U4BC1B,2,1,2,2,0,8,8,100,90-100%,8,8,100,90-100%,0,NULL,NULL,NOT REQUIRED,0,44,NOT REQUIRED,NOT APPLY,NULL,0,0,NULL,NULL,0,0,0,0,0,0,NOT APPLY,NULL,NULL,NULL,7,130,SSAM-10004-01,100,Art. 4.3,15,100,SSAM,00116,Tanque solución sulfato,Sí
/A10004-100-VT4-15509-U4BC1B-NC_01,VT4-15509,A10004,100,VT4,15509,NC,1,U4BC1B,2,1,2,2,0,8,8,100,90-100%,8,8,100,90-100%,0,NULL,NULL,NOT REQUIRED,0,44,NOT REQUIRED,NOT APPLY,NULL,0,0,NULL,NULL,0,0,0,0,0,0,NOT APPLY,NULL,NULL,NULL,7,130,IPA-10004-01,100,I,15,100,IPA,00090,Tanque IPA,No
/A10004-100-VT4-15509-U4BC1B-NC_04,VT4-15509,A10004,100,VT4,15509,NC,4,U4BC1B,2,1,2,2,0,8,8,100,90-100%,8,8,100,90-100%,0,NULL,NULL,NOT REQUIRED,0,44,NOT REQUIRED,NOT APPLY,NULL,0,0,NULL,NULL,0,0,0,0,0,0,NOT APPLY,NULL,NULL,NULL,7,130,IPA-10004-01,100,I,15,100,IPA,00090,Tanque IPA,No
/A10004-150-SSAM-108801-U4BC1B-CC_01,SSAM-108801,A10004,150,SSAM,108801,CC,1,U4BC1B,37,7,40,35,5,170.75,170.75,100,90-100%,143.75,143.75,100,90-100%,27,27,100,90-100%,0,50,50,TECHNIP,87.88,33,10,87.88,NULL,29,6,0,24,5,72.73,SPS-108,ENVIADO,1,NULL,7,123,SSAM-10004-01,91.82,Art. 4.3,15,100,SSAM,00116,Tanque solución sulfato,Sí
/A10004-150-SSAM-108821-U4BC1B-CC_01,SSAM-108821,A10004,150,SSAM,108821,CC,1,U4BC1B,54,9,60,51,9,198,198,100,90-100%,181,181,100,90-100%,17,17,100,90-100%,0,47,48,TECHNIP,100,26,6,100,90-100%,26,6,0,24,4,92.31,SPS-108,ENVIADO,1,NULL,7,118,SSAM-10004-01,97.69,II,15,100,SSAM,00116,Tanque solución sulfato,Sí
/A10004-150-SSAM-108821-U4BC1B-CC_02,SSAM-108821,A10004,150,SSAM,108821,CC,2,U4BC1B,24,3,26,22,4,60,60,100,90-100%,51,51,100,90-100%,9,9,100,90-100%,0,44,14,TECHNIP,91.67,12,4,91.67,90-100%,11,3,0,11,3,91.67,NOT APPLY,NULL,NULL,NULL,7,118,SSAM-10004-01,97.5,II,15,100,SSAM,00116,Tanque solución sulfato,Sí
/A10004-20-ACL-952505-U4BC1B-CCTN_01,ACL-952505,A10004,20,ACL,952505,CCTN,1,U4BC1B,4,2,6,4,2,4.5,4.5,100,90-100%,3,3,100,90-100%,1.5,1.5,100,90-100%,0,45,16,TEIGA-TMI,0,4,3,0,NULL,0,0,0,3,2,75,NOT APPLY,NULL,NULL,NULL,7,1045,ACL-00000-01,92.5,Art. 4.3,15,100,ACL,00001,Distribución agua caliente de lavados,Traceado
/A10004-20-ARC-910067-U1BC2A-NC_01,ARC-910067,A10004,20,ARC,910067,NC,1,U1BC2A,5,1,7,5,2,5.25,5.25,100,90-100%,3.75,3.75,100,90-100%,1.5,1.5,100,90-100%,0,50,16,TEIGA-TMI,0,3,3,0,NULL,0,0,0,1,1,33.33,NOT APPLY,NULL,NULL,NULL,7,1046,ARC-00000-01,80,Art. 4.3,15,100,ARC,00018,Aire de servicio (colector),No
/A10004-20-ARC-91272-U1BC2A-NC_01,ARC-91272,A10004,20,ARC,91272,NC,1,U1BC2A,38,6,41,38,3,30.5,30.5,100,90-100%,28.25,28.25,100,90-100%,2.25,2.25,100,90-100%,0,47,17,TEIGA-TMI,0,3,3,0,NULL,0,0,0,0,0,0,NOT APPLY,NULL,NULL,NULL,7,1045,ARC-PR19-01,70,Art. 4.3,15,100,ARC,00026,Aire de servicio PR19,No
/A10004-20-AT-94478-U4AC2A-CCTN_01,AT-94478,A10004,20,AT,94478,CCTN,1,U4AC2A,5,2,7,4,3,4.5,4.5,100,90-100%,2.25,2.25,100,90-100%,2.25,2.25,100,90-100%,0,47,16,TEIGA-TMI,0,6,2,0,NULL,0,0,0,6,2,100,NOT APPLY,NULL,NULL,Ready for Dossier,10,1050,AT-00000-01,100,Art. 4.3,15,100,AT,00033,Agua tratada colector,Traceado
/A10004-20-NI-101197-U1BD2A-NC_01,NI-101197,A10004,20,NI,101197,NC,1,U1BD2A,6,1,7,6,1,5.25,5.25,100,90-100%,4.5,4.5,100,90-100%,0.75,0.75,100,90-100%,0,9,16,TEIGA-TMI,0,3,3,0,NULL,0,0,0,2,2,66.67,NOT APPLY,NULL,NULL,NULL,7,161,NI-00000-02,90,Art. 4.3,23.52,100,NI,00094,Distribucion general de nitrogeno de alta presion para SPEAR,No
/A10004-25-ACL-108824-U4BC1B-CCTN_01,ACL-108824,A10004,25,ACL,108824,CCTN,1,U4BC1B,37,7,51,45,6,44,44,100,90-100%,39.5,39.5,100,90-100%,4.5,4.5,100,90-100%,0,48,44,TEIGA-TMI,0,7,2,0,NULL,0,0,0,7,2,100,NOT APPLY,NULL,NULL,Ready for Dossier,10,1043,ACL-00000-01,100,Art. 4.3,15,100,ACL,00001,Distribución agua caliente de lavados,Traceado
/A10004-25-ACL-95215-U4BC1B-CCTN_01,ACL-95215,A10004,25,ACL,95215,CCTN,1,U4BC1B,20,5,25,19,6,23,23,100,90-100%,18,18,100,90-100%,5,5,100,90-100%,0,45,17,TEIGA-TMI,0,9,5,0,NULL,0,0,0,9,5,100,NOT APPLY,NULL,NULL,Ready for Dossier,10,1043,ACL-00000-01,100,Art. 4.3,15,100,ACL,00001,Distribución agua caliente de lavados,Traceado
/A10004-25-ARC-15584-U1BC2A-NC_01,ARC-15584,A10004,25,ARC,15584,NC,1,U1BC2A,44,6,57,45,12,48,48,100,90-100%,37,37,100,90-100%,11,11,100,90-100%,0,50,17,TEIGA-TMI,0,3,3,0,NULL,0,0,0,0,0,0,NOT APPLY,NULL,NULL,NULL,7,1047|125,ARC-00000-01,70,Art. 4.3,15,100,ARC,00018,Aire de servicio (colector),No
/A10004-25-ARI-101988-U4AC2A-NC_01,ARI-101988,A10004,25,ARI,101988,NC,1,U4AC2A,18,3,21,15,6,17.5,17.5,100,90-100%,11.5,11.5,100,90-100%,6,6,100,90-100%,0,47,17,TEIGA-TMI,0,3,3,0,NULL,0,0,0,0,0,0,NOT APPLY,NULL,NULL,NULL,7,1048,ARI-00000-01,70,Art. 4.3,15,100,ARI,00027,Aire de instrumentos colector,No
/A10004-25-ARI-101989-U4AC2A-NC_01,ARI-101989,A10004,25,ARI,101989,NC,1,U4AC2A,14,3,17,13,4,15.5,15.5,100,90-100%,11.5,11.5,100,90-100%,4,4,100,90-100%,0,45,15,TEIGA-TMI,0,3,3,0,NULL,0,0,0,0,0,0,NOT APPLY,NULL,NULL,NULL,7,1049,ARI-00000-01,70,Art. 4.3,15,100,ARI,00027,Aire de instrumentos colector,No
/A10004-25-CYH-15549-U4BC1B-CCTN_01,CYH-15549,A10004,25,CYH,15549,CCTN,1,U4BC1B,27,3,27,23,4,19,19,100,90-100%,16,16,100,90-100%,3,3,100,90-100%,0,49,16,TECHNIP,100,5,3,100,90-100%,5,3,0,3,1,60,NOT APPLY,NULL,NULL,NULL,7,119,NI-10004-01,88,Art. 4.3,15,100,NI,00102,Estacion de nitrogeno para brazos de carga area 10004,Traceado
/A10004-25-EFL-108823-U4BC1B-PP_01,EFL-108823,A10004,25,EFL,108823,PP,1,U4BC1B,57,7,60,52,8,54.75,54.75,100,90-100%,46.75,46.75,100,90-100%,8,8,100,90-100%,0,46,47,TEIGA-TMI,0,3,3,0,NULL,0,0,0,3,3,100,NOT APPLY,NULL,NULL,Ready for Dossier,10,123,EFL-10001-02,100,Art. 4.3,15,100,EFL,00059,Sistema de drenajes EFL-2,PP
/A10004-25-EFL-108852-U4BC1B-PP_01,EFL-108852,A10004,25,EFL,108852,PP,1,U4BC1B,43,4,53,37,16,43.75,43.75,100,90-100%,31.75,31.75,100,90-100%,12,12,100,90-100%,0,47,17,TEIGA-TMI,0,3,3,0,NULL,0,0,0,0,0,0,NOT APPLY,NULL,NULL,NULL,7,121,EFL-10001-02,70,Art. 4.3,15,100,EFL,00059,Sistema de drenajes EFL-2,PP
/A10004-25-EFL-15542-U4BC1B-PP_01,EFL-15542,A10004,25,EFL,15542,PP,1,U4BC1B,67,9,70,62,8,57,57,100,90-100%,50,50,100,90-100%,7,7,100,90-100%,0,50,17,TEIGA-TMI,0,3,3,0,NULL,0,0,0,3,3,100,NOT APPLY,NULL,NULL,Ready for Dossier,10,110,EFL-10003-01,100,Art. 4.3,15,100,EFL,00054,Sistema de drenajes EFL-3,PP
/A10004-25-EFL-15554-U4BC1B-NC_01,EFL-15554,A10004,25,EFL,15554,NC,1,U4BC1B,28,3,28,24,4,24,24,100,90-100%,20,20,100,90-100%,4,4,100,90-100%,0,45,44,TEIGA-TMI,0,3,3,0,NULL,0,0,0,0,0,0,NOT APPLY,NULL,NULL,NULL,7,119,EFL-10003-01,70,Art. 4.3,15,100,EFL,00054,Sistema de drenajes EFL-3,PP
/A10004-25-EFL-15599-U4BC1B-NC_01,EFL-15599,A10004,25,EFL,15599,NC,1,U4BC1B,52,6,55,52,3,54.75,54.75,100,90-100%,51.75,51.75,100,90-100%,3,3,100,90-100%,0,49,17,TEIGA-TMI,0,3,3,0,NULL,0,0,0,0,0,0,NOT APPLY,NULL,NULL,NULL,7,120,IPA-10004-01,70,Art. 4.3,15,100,IPA,00090,Tanque IPA,No
/A10004-25-NI-108803-U1BD2A-NC_01,NI-108803,A10004,25,NI,108803,NC,1,U1BD2A,33,7,37,33,4,36.75,36.75,100,90-100%,32.75,32.75,100,90-100%,4,4,100,90-100%,0,50,16,TEIGA-TMI,0,3,3,0,NULL,0,0,0,0,0,0,NOT APPLY,NULL,NULL,NULL,7,128|162,NI-00000-01,70,Art. 4.3,23.52,100,NI,00100,Distribucion general de nitrogeno de baja presion para SPEAR,No
/A10004-25-NI-15506-U1BD2A-NC_01,NI-15506,A10004,25,NI,15506,NC,1,U1BD2A,49,9,52,47,5,64.75,64.75,100,90-100%,58.25,58.25,100,90-100%,6.5,6.5,100,90-100%,0,51,17,TECHNIP/TEIGA-TMI,20,5,4,20,NULL,1,0,0,1,0,20,NOT APPLY,NULL,NULL,NULL,7,127|162,NI-00000-01,76,Art. 4.3,23.52,100,NI,00100,Distribucion general de nitrogeno de baja presion para SPEAR,No
/A10004-25-SSAM-103622-U4BC1B-PP_01,SSAM-103622,A10004,25,SSAM,103622,PP,1,U4BC1B,13,3,13,12,1,13,13,100,90-100%,12,12,100,90-100%,1,1,100,90-100%,0,45,16,TECHNIP,100,3,1,100,90-100%,3,1,0,3,1,100,NOT APPLY,NULL,NULL,Ready for Dossier,10,124,SSAM-10004-01,100,Art. 4.3,15,100,SSAM,00116,Tanque solución sulfato,Sí
/A10004-25-SSAM-108853-U4BC1B-NC_01,SSAM-108853,A10004,25,SSAM,108853,NC,1,U4BC1B,7,1,7,6,1,6.5,6.5,100,90-100%,6,6,100,90-100%,0.5,0.5,100,90-100%,0,47,12,NOT APPLY,NULL,0,0,NULL,NULL,0,0,0,0,0,0,NOT APPLY,NULL,NULL,NULL,7,126,SSAM-10004-02,100,Art. 4.3,15,100,SSAM,00117,Brazo carga solución sulfato,No
/A10004-25-SSAM-108854-U4BC1B-NC_01,SSAM-108854,A10004,25,SSAM,108854,NC,1,U4BC1B,7,1,7,7,0,6.5,6.5,100,90-100%,6.5,6.5,100,90-100%,0,NULL,NULL,NOT REQUIRED,0,50,NOT REQUIRED,NOT APPLY,NULL,0,0,NULL,NULL,0,0,0,0,0,0,NOT APPLY,NULL,NULL,NULL,7,126,SSAM-10004-02,100,Art. 4.3,15,100,SSAM,00117,Brazo carga solución sulfato,No
/A10004-25-SSAM-15546-U4BC1B-NC_01,SSAM-15546,A10004,25,SSAM,15546,NC,1,U4BC1B,19,3,19,18,1,18,18,100,90-100%,17,17,100,90-100%,1,1,100,90-100%,0,45,10,TEIGA-TMI,0,2,1,0,NULL,0,0,0,2,1,100,NOT APPLY,NULL,NULL,Ready for Dossier,10,126|2047,NI-10004-01,100,Art. 4.3,15,100,NI,00102,Estacion de nitrogeno para brazos de carga area 10004,Traceado
/A10004-25-SSAM-15547-U4BC1B-NC_01,SSAM-15547,A10004,25,SSAM,15547,NC,1,U4BC1B,19,3,19,18,1,18,18,100,90-100%,17,17,100,90-100%,1,1,100,90-100%,0,46,11,TEIGA-TMI,0,1,1,0,NULL,0,0,0,1,1,100,NOT APPLY,NULL,NULL,Ready for Dossier,10,126|2047,NI-10004-01,100,Art. 4.3,15,100,NI,00102,Estacion de nitrogeno para brazos de carga area 10004,Traceado
/A10004-32-AP-933234-U4AC2A-CCTN_01,AP-933234,A10004,32,AP,933234,CCTN,1,U4AC2A,6,1,13,6,7,16.25,16.25,100,90-100%,7.5,7.5,100,90-100%,8.75,8.75,100,90-100%,0,44,16,TECHNIP,33.33,3,1,33.33,NULL,1,0,0,1,0,33.33,NOT APPLY,NULL,NULL,NULL,7,1052,AP-00000-01,80,Art. 4.3,15,100,AP,00009,Agua potable (colector),Traceado
/A10004-40-IPA-15522-U4BC1B-NC_01,IPA-15522,A10004,40,IPA,15522,NC,1,U4BC1B,13,1,18,17,1,27,27,100,90-100%,25.5,25.5,100,90-100%,1.5,1.5,100,90-100%,0,45,16,TECHNIP,100,2,1,100,90-100%,2,1,0,0,0,0,NOT APPLY,NULL,NULL,NULL,7,120,IPA-10004-01,70,Art. 4.3,15,100,IPA,00090,Tanque IPA,No
/A10004-40-IPA-15522-U4BC1B-NC_02,IPA-15522,A10004,40,IPA,15522,NC,2,U4BC1B,14,4,16,13,3,24,24,100,90-100%,19.5,19.5,100,90-100%,4.5,4.5,100,90-100%,0,46,16,TECHNIP,100,3,2,100,90-100%,3,2,0,3,2,100,NOT APPLY,NULL,NULL,Ready for Dossier,10,120,IPA-10004-01,100,Art. 4.3,15,100,IPA,00090,Tanque IPA,No
/A10004-50-AT-94492-U4AC2A-CCTN_01,AT-94492,A10004,50,AT,94492,CCTN,1,U4AC2A,18,3,22,17,5,21,21,100,90-100%,16,16,100,90-100%,5,5,100,90-100%,0,44,42,TECHNIP,100,8,3,100,90-100%,8,3,0,7,2,87.5,NOT APPLY,NULL,NULL,NULL,7,1051,AT-PR19-01,96.25,Art. 4.3,15,100,AT,00036,Agua tratada PR19,Traceado
/A10004-50-EFL-15582-U4BC1B-NC_01,EFL-15582,A10004,50,EFL,15582,NC,1,U4BC1B,48,9,52,46,6,92.5,92.5,100,90-100%,80.5,80.5,100,90-100%,12,12,100,90-100%,0,48,13,TECHNIP,93.33,15,7,93.33,90-100%,14,6,0,15,7,100,NOT APPLY,NULL,NULL,Ready for Dossier,10,125|2046,EFL-10004-01,100,Art. 4.3,15,100,EFL,00066,Bomba B-1558 y elementos asociados,No
/A10004-50-INC-108802-U4BC1B-PP_01,INC-108802,A10004,50,INC,108802,PP,1,U4BC1B,31,5,32,28,4,41,41,100,90-100%,35.5,35.5,100,90-100%,5.5,5.5,100,90-100%,0,51,16,TECHNIP,85.71,7,4,85.71,NULL,6,3,0,3,1,42.86,NOT APPLY,NULL,NULL,NULL,7,160,HOLD,82.86,I,15,100,#VALUE!,00000,NOT DESCRIPTION,
/A10004-50-INC-15503-U4BC1B-NC_01,INC-15503,A10004,50,INC,15503,NC,1,U4BC1B,2,1,2,1,1,4,4,100,90-100%,2,2,100,90-100%,2,2,100,90-100%,0,44,16,NOT APPLY,NULL,0,0,NULL,NULL,0,0,0,0,0,0,NOT APPLY,NULL,NULL,NULL,7,160,IPA-10004-01,100,I,15,100,IPA,00090,Tanque IPA,No
/A10004-50-INC-15504-U4BC1B-PP_01,INC-15504,A10004,50,INC,15504,PP,1,U4BC1B,12,2,14,11,3,28,28,100,90-100%,22,22,100,90-100%,6,6,100,90-100%,0,46,13,TECHNIP,100,3,2,100,90-100%,3,2,0,1,0,33.33,NOT APPLY,NULL,NULL,NULL,7,160,INC-10001-01,80,I,15,100,INC,00088,Venteos gaseosos con blanketing,PP
/A10004-50-INC-15504-U4BC1B-PP_02,INC-15504,A10004,50,INC,15504,PP,2,U4BC1B,45,8,49,44,5,35,35,100,90-100%,31.25,31.25,100,90-100%,3.75,3.75,100,90-100%,0,45,16,TECHNIP,100,21,8,100,90-100%,21,8,0,11,1,52.38,NOT APPLY,NULL,NULL,NULL,7,123|160,INC-10001-01,85.71,I,15,100,INC,00088,Venteos gaseosos con blanketing,PP
/A10004-50-INC-15505-U4BC1B-NC_01,INC-15505,A10004,50,INC,15505,NC,1,U4BC1B,14,3,14,10,4,18,18,100,90-100%,13,13,100,90-100%,5,5,100,90-100%,0,48,13,NOT APPLY,NULL,0,0,NULL,NULL,0,0,0,0,0,0,NOT APPLY,NULL,NULL,NULL,7,160,IPA-10004-01,100,I,15,100,IPA,00090,Tanque IPA,No
/A10004-50-INC-15507-U4BC1B-NC_01,INC-15507,A10004,50,INC,15507,NC,1,U4BC1B,11,2,11,11,0,16,16,100,90-100%,16,16,100,90-100%,0,NULL,NULL,NOT REQUIRED,0,45,NOT REQUIRED,NOT APPLY,NULL,0,0,NULL,NULL,0,0,0,0,0,0,NOT APPLY,NULL,NULL,NULL,7,160,IPA-10004-01,100,I,15,100,IPA,00090,Tanque IPA,No
/A10004-50-INC-15508-U4BC1B-NC_01,INC-15508,A10004,50,INC,15508,NC,1,U4BC1B,10,1,12,9,3,21.5,21.5,100,90-100%,15.5,15.5,100,90-100%,6,6,100,90-100%,0,49,14,TECHNIP,100,1,1,100,90-100%,1,1,0,1,1,100,NOT APPLY,NULL,NULL,Ready for Dossier,10,122,IPA-10004-01,100,I,15,100,IPA,00090,Tanque IPA,No
/A10004-50-INC-15508-U4BC1B-NC_02,INC-15508,A10004,50,INC,15508,NC,2,U4BC1B,26,3,27,24,3,49,49,100,90-100%,43,43,100,90-100%,6,6,100,90-100%,0,47,13,TECHNIP,100,4,2,100,90-100%,4,2,0,4,2,100,NOT APPLY,NULL,NULL,Ready for Dossier,10,122,IPA-10004-01,100,I,15,100,IPA,00090,Tanque IPA,No
/A10004-50-INC-15548-U4BC1B-CCTN_01,INC-15548,A10004,50,INC,15548,CCTN,1,U4BC1B,28,3,28,24,4,29.5,29.5,100,90-100%,24,24,100,90-100%,5.5,5.5,100,90-100%,0,46,18,TECHNIP,100,10,3,100,90-100%,10,3,0,7,1,70,NOT APPLY,NULL,NULL,NULL,7,122,NI-10004-01,91,Art. 4.3,15,100,NI,00102,Estacion de nitrogeno para brazos de carga area 10004,Traceado
/A10004-50-NI-15544-U1BD2A-NC_01,NI-15544,A10004,50,NI,15544,NC,1,U1BD2A,46,7,50,45,5,72.5,72.5,100,90-100%,64.5,64.5,100,90-100%,8,8,100,90-100%,0,15,16,TECHNIP,100,15,6,100,90-100%,15,6,0,9,1,60,NOT APPLY,NULL,NULL,NULL,7,129|162,NI-00000-01,88,Art. 4.3,23.52,100,NI,00100,Distribucion general de nitrogeno de baja presion para SPEAR,No
/A10004-50-NI-15545-U1BD2A-NC_01,NI-15545,A10004,50,NI,15545,NC,1,U1BD2A,0,0,3,2,1,2,2,100,90-100%,NULL,NULL,NULL,NULL,2,2,100,90-100%,0,Not Finished,16,NOT APPLY,NULL,0,0,NULL,NULL,0,0,0,0,0,0,NOT APPLY,NULL,NULL,NULL,6,129,NI-10004-01,0,Art. 4.3,23.52,0,NI,00102,Estacion de nitrogeno para brazos de carga area 10004,Traceado
/A10004-50-SSAM-108851-U4BC1B-PP_01,SSAM-108851,A10004,50,SSAM,108851,PP,1,U4BC1B,24,3,26,23,3,42,42,100,90-100%,38,38,100,90-100%,4,4,100,90-100%,0,46,51,TECHNIP,100,9,2,100,90-100%,9,2,0,8,1,88.89,NOT APPLY,NULL,NULL,NULL,7,121,SSAM-10004-01,96.67,I,15,100,SSAM,00116,Tanque solución sulfato,Sí
/A10004-50-SSAM-108851-U4BC1B-PP_02,SSAM-108851,A10004,50,SSAM,108851,PP,2,U4BC1B,9,1,11,8,3,19.5,19.5,100,90-100%,13.5,13.5,100,90-100%,6,6,100,90-100%,0,49,13,TECHNIP,100,7,2,100,90-100%,7,2,0,7,2,100,NOT APPLY,NULL,NULL,Ready for Dossier,10,121,SSAM-10004-01,100,I,15,100,SSAM,00116,Tanque solución sulfato,Sí
/A10004-80-EFL-108725-U4BC1B-NC_01,EFL-108725,A10004,80,EFL,108725,NC,1,U4BC1B,9,2,10,8,2,24,24,100,90-100%,18,18,100,90-100%,6,6,100,90-100%,0,46,16,TECHNIP,100,3,1,100,90-100%,3,1,0,0,0,0,NOT APPLY,NULL,NULL,NULL,7,79,EFL-10001-05,70,Art. 4.3,15,100,EFL,00057,Recipiente enterrado efluentes HMBI y lineas asociadas 2,No
/A10004-80-EFL-15581-U4BC1B-NC_01,EFL-15581,A10004,80,EFL,15581,NC,1,U4BC1B,14,2,16,14,2,26,26,100,90-100%,23,23,100,90-100%,3,3,100,90-100%,0,46,13,TECHNIP,100,4,2,100,90-100%,4,2,0,4,2,100,NOT APPLY,NULL,NULL,Ready for Dossier,10,125,EFL-10004-01,100,Art. 4.3,15,100,EFL,00066,Bomba B-1558 y elementos asociados,No
/A10004-80-EFL-15583-U4BC1B-NC_01,EFL-15583,A10004,80,EFL,15583,NC,1,U4BC1B,5,1,5,4,1,13.5,13.5,100,90-100%,12,12,100,90-100%,1.5,1.5,100,90-100%,0,44,49,TECHNIP,100,3,1,100,90-100%,3,1,0,3,1,100,NOT APPLY,NULL,NULL,Ready for Dossier,10,125,EFL-10004-01,100,Art. 4.3,15,100,EFL,00066,Bomba B-1558 y elementos asociados,No
/A10004-80-EFL-15585-U4BC1B-NC_01,EFL-15585,A10004,80,EFL,15585,NC,1,U4BC1B,14,1,14,11,3,24,24,100,90-100%,19,19,100,90-100%,5,5,100,90-100%,0,44,15,TECHNIP,100,6,2,100,90-100%,6,2,0,4,0,66.67,NOT APPLY,NULL,NULL,NULL,7,125,EFL-10004-01,90,Art. 4.3,15,100,EFL,00066,Bomba B-1558 y elementos asociados,No
/A10004-80-IPA-15521-U4BC1B-NC_01,IPA-15521,A10004,80,IPA,15521,NC,1,U4BC1B,37,5,38,36,2,103,103,100,90-100%,98.5,98.5,100,90-100%,4.5,4.5,100,90-100%,0,49,50,TECHNIP,100,10,5,100,90-100%,10,5,0,10,5,100,SPS-100|SPS-099,ENVIADO|ENVIADO,1|1,Ready for Dossier,10,120|83,IPA-10004-01,100,Art. 4.3,15,100,IPA,00090,Tanque IPA,No
/A10004-80-IPA-15531-U4BC1B-NC_01,IPA-15531,A10004,80,IPA,15531,NC,1,U4BC1B,15,2,16,15,1,34.5,34.5,100,90-100%,33,33,100,90-100%,1.5,1.5,100,90-100%,0,49,48,TECHNIP,100,3,1,100,90-100%,3,1,0,3,1,100,SPS-101,ENVIADO,1,Ready for Dossier,10,120,IPA-10004-01,100,Art. 4.3,15,100,IPA,00090,Tanque IPA,No
/A10004-80-SSAM-108822-U4BC1B-CC_01,SSAM-108822,A10004,80,SSAM,108822,CC,1,U4BC1B,30,4,36,26,10,97,97,100,90-100%,70,70,100,90-100%,27,27,100,90-100%,0,48,50,TECHNIP,86.67,15,5,86.67,NULL,13,3,0,13,3,86.67,NOT APPLY,NULL,NULL,NULL,7,118,SSAM-10004-01,96,Art. 4.3,15,100,SSAM,00116,Tanque solución sulfato,Sí
/A10005-100-AR-109802-U1BC2A-NC_01,AR-109802,A10005,100,AR,109802,NC,1,U1BC2A,27,7,35,25,10,119,119,100,90-100%,81,81,100,90-100%,38,38,100,90-100%,0,46,14,TECHNIP,100,9,4,100,90-100%,9,4,0,5,1,55.56,SPS-124,ENVIADO,1,NULL,7,1091,AGL-10005-01,86.67,Art. 4.3,15,100,AGL,00008,Agua glicolada y lineas asociadas,Sí
/A10005-100-AR-109803-U1BC2A-NC_01,AR-109803,A10005,100,AR,109803,NC,1,U1BC2A,29,9,38,27,11,130,126,96.92,90-100%,88,88,100,90-100%,42,38,90.48,90-100%,4,46,17,TECHNIP,100,5,4,100,90-100%,5,4,0,2,2,40,SPS-124,ENVIADO,1,NULL,5,1091,AR-00000-01,79.14,Art. 4.3,15,95.24,AR,00011,Agua refrigeración (colector),No (PP 20%)
/A10005-100-EFL-108861-U4BC1B-PP_01,EFL-108861,A10005,100,EFL,108861,PP,1,U4BC1B,40,7,45,35,10,131,131,100,90-100%,111,111,100,90-100%,20,20,100,90-100%,0,47,49,TECHNIP,97.14,35,6,97.14,90-100%,34,5,0,26,1,74.29,SPS-128,ENVIADO,1,NULL,7,158|2058,EFL-10005-01,92.29,Art. 4.3,15,100,EFL,00060,Bomba B-10886 y elementos asociados,PP
/A10005-100-EFL-108862-U4BC1B-PP_01,EFL-108862,A10005,100,EFL,108862,PP,1,U4BC1B,35,4,36,30,6,78,78,100,90-100%,63,63,100,90-100%,15,15,100,90-100%,0,49,49,TECHNIP,90.32,31,7,90.32,90-100%,28,5,1,12,0,38.71,SPS-128,ENVIADO,1,NULL,7,158,EFL-10005-01,81.61,Art. 4.3,15,100,EFL,00060,Bomba B-10886 y elementos asociados,PP
/A10005-100-EFL-108864-U4BC1B-NC_01,EFL-108864,A10005,100,EFL,108864,NC,1,U4BC1B,3,2,3,3,0,12,12,100,90-100%,12,12,100,90-100%,0,NULL,NULL,NOT REQUIRED,0,4,NOT REQUIRED,TECHNIP,100,3,1,100,90-100%,3,1,0,0,0,0,NOT APPLY,NULL,NULL,NULL,7,2060,EFL-10005-01,0,Art. 4.3,15,100,EFL,00060,Bomba B-10886 y elementos asociados,PP
/A10005-100-HMBI-104621-U4BC1B-CC_01,HMBI-104621,A10005,100,HMBI,104621,CC,1,U4BC1B,16,3,18,15,3,56.5,56.5,100,90-100%,44.5,44.5,100,90-100%,12,12,100,90-100%,0,50,49,TECHNIP,80,5,1,80,NULL,4,0,0,0,0,0,NOT APPLY,NULL,NULL,NULL,7,1072,HMBI-10001-01,70,Art. 4.3,15,100,HMBI,00078,Sistema de acumulacion temporal de HMBI y lineas asociadas,No
/A10005-100-HMBI-104623-U4BC1B-CCTN_01,HMBI-104623,A10005,100,HMBI,104623,CCTN,1,U4BC1B,21,6,27,19,8,84.5,84.5,100,90-100%,52.5,52.5,100,90-100%,32,32,100,90-100%,0,49,16,TECHNIP,100,15,7,100,90-100%,15,7,0,10,3,66.67,NOT APPLY,NULL,NULL,NULL,7,1073,HMBI-10005-01,90,Art. 4.3,15,100,HMBI,00077,Almacenamiento de HMBI off-spec y lineas asociadas,Traceado
/A10005-100-HMBI-106124-U4BC1B-CCTN_01,HMBI-106124,A10005,100,HMBI,106124,CCTN,1,U4BC1B,15,3,18,15,3,57,57,100,90-100%,45,45,100,90-100%,12,12,100,90-100%,0,48,11,TECHNIP,100,3,1,100,90-100%,3,1,0,2,0,66.67,NOT APPLY,NULL,NULL,NULL,7,1068,HMBI-10005-01,90,Art. 4.3,15,100,HMBI,00077,Almacenamiento de HMBI off-spec y lineas asociadas,Traceado
/A10005-100-NI-108558-U1BD2A-NC_01,NI-108558,A10005,100,NI,108558,NC,1,U1BD2A,9,2,11,9,2,38,38,100,90-100%,34,34,100,90-100%,4,4,100,90-100%,0,52,18,TECHNIP,100,12,4,100,90-100%,12,4,0,9,1,75,NOT APPLY,NULL,NULL,NULL,7,2057,NI-10005-01,92.5,NULL,23.52,100,NI,00108,Distribucion interna de nitrogeno para area 10005,No
/A10005-100-VE1-16502-U4BC1B-NC_01,VE1-16502,A10005,100,VE1,16502,NC,1,U4BC1B,36,8,37,34,3,122,122,100,90-100%,115,115,100,90-100%,7,7,100,90-100%,0,49,48,TECHNIP,90,10,4,90,90-100%,9,3,0,10,4,100,SPS-123,ENVIADO,NULL,NULL,6,157|2056,HMBI-10005-03,100,I,15,100,HMBI,00080,Almacenamiento de HMBI y lineas asociadas,Traceado
/A10005-100-VT4-106104-U4BC1B-CC_03,VT4-106104,A10005,100,VT4,106104,CC,3,U4BC1B,2,1,2,2,0,8,8,100,90-100%,8,8,100,90-100%,0,NULL,NULL,NOT REQUIRED,0,47,NOT REQUIRED,NOT APPLY,NULL,0,0,NULL,NULL,0,0,0,0,0,0,NOT APPLY,NULL,NULL,NULL,7,154,HMBI-10005-01,100,Art. 4.3,15,100,HMBI,00077,Almacenamiento de HMBI off-spec y lineas asociadas,Traceado
/A10005-100-VT4-106104-U4BC1B-CC_04,VT4-106104,A10005,100,VT4,106104,CC,4,U4BC1B,2,1,2,2,0,8,8,100,90-100%,8,8,100,90-100%,0,NULL,NULL,NOT REQUIRED,0,47,NOT REQUIRED,NOT APPLY,NULL,0,0,NULL,NULL,0,0,0,0,0,0,NOT APPLY,NULL,NULL,NULL,7,154,HMBI-10005-01,100,Art. 4.3,15,100,HMBI,00077,Almacenamiento de HMBI off-spec y lineas asociadas,Traceado
/A10005-100-VT4-108503-U4BC1B-CC_03,VT4-108503,A10005,100,VT4,108503,CC,3,U4BC1B,4,2,4,4,0,16,16,100,90-100%,16,16,100,90-100%,0,NULL,NULL,NOT REQUIRED,0,47,NOT REQUIRED,NOT APPLY,NULL,0,0,NULL,NULL,0,0,0,0,0,0,NOT APPLY,NULL,NULL,NULL,7,154,HMBH-10005-01,100,Art. 4.3,15,100,HMBH,00073,Almacenamiento pesados,Traceado (parcial)
/A10005-100-VT4-108503-U4BC1B-CC_04,VT4-108503,A10005,100,VT4,108503,CC,4,U4BC1B,4,2,4,4,0,16,16,100,90-100%,16,16,100,90-100%,0,NULL,NULL,NOT REQUIRED,0,48,NOT REQUIRED,NOT APPLY,NULL,0,0,NULL,NULL,0,0,0,0,0,0,NOT APPLY,NULL,NULL,NULL,7,154,HMBH-10005-01,100,Art. 4.3,15,100,HMBH,00073,Almacenamiento pesados,Traceado (parcial)
/A10005-100-VT4-16501-U4BC1B-CC_01,VT4-16501,A10005,100,VT4,16501,CC,1,U4BC1B,2,1,2,2,0,8,8,100,90-100%,8,8,100,90-100%,0,NULL,NULL,NOT REQUIRED,0,47,NOT REQUIRED,NOT APPLY,NULL,0,0,NULL,NULL,0,0,0,0,0,0,NOT APPLY,NULL,NULL,NULL,7,154,HMBI-10005-03,100,Art. 4.3,15,100,HMBI,00080,Almacenamiento de HMBI y lineas asociadas,Traceado
/A10005-100-VT4-16501-U4BC1B-CC_03,VT4-16501,A10005,100,VT4,16501,CC,3,U4BC1B,2,1,2,2,0,8,8,100,90-100%,8,8,100,90-100%,0,NULL,NULL,NOT REQUIRED,0,45,NOT REQUIRED,NOT APPLY,NULL,0,0,NULL,NULL,0,0,0,0,0,0,NOT APPLY,NULL,NULL,NULL,7,154,HMBI-10005-03,100,Art. 4.3,15,100,HMBI,00080,Almacenamiento de HMBI y lineas asociadas,Traceado
/A10005-100-VT4-16501-U4BC1B-CC_04,VT4-16501,A10005,100,VT4,16501,CC,4,U4BC1B,2,1,2,2,0,8,8,100,90-100%,8,8,100,90-100%,0,NULL,NULL,NOT REQUIRED,0,48,NOT REQUIRED,NOT APPLY,NULL,0,0,NULL,NULL,0,0,0,0,0,0,NOT APPLY,NULL,NULL,NULL,7,154,HMBI-10005-03,100,Art. 4.3,15,100,HMBI,00080,Almacenamiento de HMBI y lineas asociadas,Traceado
/A10005-150-AGL-108221-U1BC2A-CF_01,AGL-108221,A10005,150,AGL,108221,CF,1,U1BC2A,33,8,39,30,9,210,210,100,90-100%,162,162,100,90-100%,48,48,100,90-100%,0,51,14,TECHNIP,100,12,5,100,90-100%,12,5,0,10,3,83.33,SPS-124,ENVIADO,1,NULL,7,6,AGL-10005-01,95,Art. 4.3,15,100,AGL,00008,Agua glicolada y lineas asociadas,Sí
/A10005-150-AGL-10951-U1BC2A-CF_01,AGL-10951,A10005,150,AGL,10951,CF,1,U1BC2A,22,6,27,21,6,148,142,95.95,90-100%,118,118,100,90-100%,30,24,80,Not Finished,6,51,Not Finished,TECHNIP,100,4,3,100,90-100%,4,3,0,4,3,100,SPS-124,ENVIADO,1,NULL,8,6,AGL-10005-01,94,Art. 4.3,15,90,AGL,00008,Agua glicolada y lineas asociadas,Sí
/A10005-150-HMBH-108501-U4BC1B-CCTN_01,HMBH-108501,A10005,150,HMBH,108501,CCTN,1,U4BC1B,28,6,31,25,6,141,141,100,90-100%,117,117,100,90-100%,24,24,100,90-100%,0,47,51,TECHNIP,100,22,6,100,90-100%,22,6,0,12,3,54.55,SPS-105,ENVIADO,1,NULL,7,149,HMBH-10005-01,86.37,Art. 4.3,15,100,HMBH,00073,Almacenamiento pesados,Traceado (parcial)
/A10005-150-HMBH-108521-U4BC1B-CCTN_01,HMBH-108521,A10005,150,HMBH,108521,CCTN,1,U4BC1B,113,15,118,103,15,317,316,99.68,90-100%,260,260,100,90-100%,57,56,98.25,90-100%,1,48,51,TECHNIP,95.83,24,6,95.83,90-100%,23,5,0,24,6,100,SPS-105,ENVIADO,1,NULL,8,150,HMBH-10005-01,99.48,Art. 4.3,15,99.125,HMBH,00073,Almacenamiento pesados,Traceado (parcial)
/A10005-150-HMBI-106101-U4BC1B-CC_01,HMBI-106101,A10005,150,HMBI,106101,CC,1,U4BC1B,28,7,31,23,8,140,140,100,90-100%,105,105,100,90-100%,35,35,100,90-100%,0,48,49,TECHNIP,100,18,6,100,90-100%,18,6,0,12,2,66.67,SPS-125,ENVIADO,1,NULL,7,1064,HMBI-10005-01,90,Art. 4.3,15,100,HMBI,00077,Almacenamiento de HMBI off-spec y lineas asociadas,Traceado
/A10005-150-HMBI-106121-U4BC1B-CCTN_01,HMBI-106121,A10005,150,HMBI,106121,CCTN,1,U4BC1B,76,11,82,73,9,308,307,99.68,90-100%,287.5,287.5,100,90-100%,20.5,19.5,95.12,90-100%,1,49,49,TECHNIP,100,23,5,100,90-100%,23,5,0,22,4,95.65,SPS-125,ENVIADO,1,NULL,5,1068,HMBI-10005-01,97.23,Art. 4.3,15,97.56,HMBI,00077,Almacenamiento de HMBI off-spec y lineas asociadas,Traceado
/A10005-150-HMBI-106121-U4BC1B-CCTN_02,HMBI-106121,A10005,150,HMBI,106121,CCTN,2,U4BC1B,16,2,22,22,0,22,22,100,90-100%,22,22,100,90-100%,0,NULL,NULL,NOT REQUIRED,0,49,NOT REQUIRED,NOT APPLY,NULL,0,0,NULL,NULL,0,0,0,0,0,0,NOT APPLY,NULL,NULL,NULL,7,1068,HMBI-10005-01,100,Art. 4.3,15,100,HMBI,00077,Almacenamiento de HMBI off-spec y lineas asociadas,Traceado
/A10005-150-HMBI-106123-U4BC1B-CCTN_01,HMBI-106123,A10005,150,HMBI,106123,CCTN,1,U4BC1B,47,5,49,39,10,171,171,100,90-100%,128,128,100,90-100%,43,43,100,90-100%,0,48,49,TECHNIP,100,9,2,100,90-100%,9,2,0,9,2,100,NOT APPLY,NULL,NULL,Ready for Dossier,10,1068,HMBI-10005-01,100,Art. 4.3,15,100,HMBI,00077,Almacenamiento de HMBI off-spec y lineas asociadas,Traceado
/A10005-150-HMBI-106501-U4BC1B-CC_01,HMBI-106501,A10005,150,HMBI,106501,CC,1,U4BC1B,23,6,25,22,3,110,110,100,90-100%,99,99,100,90-100%,11,11,100,90-100%,0,48,49,TECHNIP,100,18,4,100,90-100%,18,4,0,13,1,72.22,SPS-122,ENVIADO,1,NULL,7,1065,HMBI-10005-03,91.67,Art. 4.3,15,100,HMBI,00080,Almacenamiento de HMBI y lineas asociadas,Traceado
/A10005-150-HMBI-106502-U4BC1B-CC_01,HMBI-106502,A10005,150,HMBI,106502,CC,1,U4BC1B,26,7,29,21,8,130,130,100,90-100%,88,88,100,90-100%,42,42,100,90-100%,0,47,49,TECHNIP,100,19,5,100,90-100%,19,5,0,17,3,89.47,SPS-120,ENVIADO,1,NULL,7,1067,HMBI-10005-03,96.84,Art. 4.3,15,100,HMBI,00080,Almacenamiento de HMBI y lineas asociadas,Traceado
/A10005-150-HMBI-106503-U4BC1B-CC_01,HMBI-106503,A10005,150,HMBI,106503,CC,1,U4BC1B,15,2,16,14,2,51,51,100,90-100%,45,45,100,90-100%,6,6,100,90-100%,0,47,50,TECHNIP,100,4,1,100,90-100%,4,1,0,4,1,100,SPS-117,ENVIADO,1,Ready for Dossier,10,1067,HMBI-10005-03,100,Art. 4.3,15,100,HMBI,00080,Almacenamiento de HMBI y lineas asociadas,Traceado
/A10005-150-HMBI-106504-U4BC1B-CC_01,HMBI-106504,A10005,150,HMBI,106504,CC,1,U4BC1B,16,2,17,14,3,50,50,100,90-100%,45,45,100,90-100%,5,5,100,90-100%,0,51,51,TECHNIP,100,4,1,100,90-100%,4,1,0,4,1,100,SPS-121,ENVIADO,1,Ready for Dossier,10,1065,HMBI-10005-03,100,Art. 4.3,15,100,HMBI,00080,Almacenamiento de HMBI y lineas asociadas,Traceado
/A10005-150-HMBI-16521-U4BC1B-CCTN_01,HMBI-16521,A10005,150,HMBI,16521,CCTN,1,U4BC1B,51,7,54,46,8,177.5,177.5,100,90-100%,147.5,147.5,100,90-100%,30,30,100,90-100%,0,48,49,TECHNIP,100,11,3,100,90-100%,11,3,0,9,2,81.82,SPS-122,ENVIADO,1,NULL,7,1069,HMBI-10005-03,94.55,Art. 4.3,15,100,HMBI,00080,Almacenamiento de HMBI y lineas asociadas,Traceado
/A10005-150-HMBI-16521-U4BC1B-CCTN_02,HMBI-16521,A10005,150,HMBI,16521,CCTN,2,U4BC1B,60,6,60,53,7,159,159,100,90-100%,136.5,136.5,100,90-100%,22.5,22.5,100,90-100%,0,49,49,TECHNIP,100,20,4,100,90-100%,20,4,0,15,1,75,NOT APPLY,NULL,NULL,NULL,7,1069,HMBI-10005-03,92.5,Art. 4.3,15,100,HMBI,00080,Almacenamiento de HMBI y lineas asociadas,Traceado
/A10005-150-HMBI-16531-U4BC1B-CC_01,HMBI-16531,A10005,150,HMBI,16531,CC,1,U4BC1B,20,2,21,18,3,61.5,61.5,100,90-100%,59,59,100,90-100%,2.5,2.5,100,90-100%,0,48,49,TECHNIP,100,4,1,100,90-100%,4,1,0,1,0,25,SPS-121,ENVIADO,1,NULL,7,1069,HMBI-10005-03,77.5,Art. 4.3,15,100,HMBI,00080,Almacenamiento de HMBI y lineas asociadas,Traceado
/A10005-150-HMBI-16541-U4BC1B-CCTN_01,HMBI-16541,A10005,150,HMBI,16541,CCTN,1,U4BC1B,83,11,88,79,9,269.75,269.75,100,90-100%,237.75,237.75,100,90-100%,32,32,100,90-100%,0,49,13,TECHNIP,86.36,22,5,86.36,NULL,19,2,0,20,3,90.91,SPS-120,ENVIADO,1,NULL,7,1066,HMBI-PR11-01,97.27,Art. 4.3,15,100,HMBI,00081,Linea de HMBI sobre PR11,Traceado
/A10005-150-HMBI-16551-U4BC1B-CC_01,HMBI-16551,A10005,150,HMBI,16551,CC,1,U4BC1B,20,2,21,20,1,68,68,100,90-100%,66,66,100,90-100%,2,2,100,90-100%,0,49,10,TECHNIP,100,4,1,100,90-100%,4,1,0,4,1,100,SPS-117,ENVIADO,1,Ready for Dossier,10,1066,HMBI-10005-03,100,Art. 4.3,15,100,HMBI,00080,Almacenamiento de HMBI y lineas asociadas,Traceado
/A10005-15-ARC-106195-U1BC2A-NC_01,ARC-106195,A10005,15,ARC,106195,NC,1,U1BC2A,25,3,28,22,6,12.5,12.5,100,90-100%,9.5,9.5,100,90-100%,3,3,100,90-100%,0,50,20,TEIGA-TMI,0,3,3,0,NULL,0,0,0,0,0,0,NOT APPLY,NULL,NULL,NULL,7,1087,ARC-10005-01,70,Art. 4.3,15,100,ARC,00021,Aire de servicio A10005,No
/A10005-15-ARC-108596-U1BC2A-NC_01,ARC-108596,A10005,15,ARC,108596,NC,1,U1BC2A,26,3,30,20,10,12.5,12.5,100,90-100%,8,8,100,90-100%,4.5,4.5,100,90-100%,0,50,20,TEIGA-TMI,0,3,3,0,NULL,0,0,0,0,0,0,NOT APPLY,NULL,NULL,NULL,7,1087,ARC-10005-01,70,Art. 4.3,15,100,ARC,00021,Aire de servicio A10005,No
/A10005-15-ARC-16534-U1BC2A-NC_01,ARC-16534,A10005,15,ARC,16534,NC,1,U1BC2A,28,3,31,27,4,12.5,12.5,100,90-100%,10.5,10.5,100,90-100%,2,2,100,90-100%,0,47,20,TEIGA-TMI,0,3,3,0,NULL,0,0,0,0,0,0,NOT APPLY,NULL,NULL,NULL,7,1087,ARC-10005-01,70,Art. 4.3,15,100,ARC,00021,Aire de servicio A10005,No
/A10005-15-ARC-16554-U1BC2A-NC_01,ARC-16554,A10005,15,ARC,16554,NC,1,U1BC2A,25,2,31,21,10,11.5,11.5,100,90-100%,7,7,100,90-100%,4.5,4.5,100,90-100%,0,47,20,TEIGA-TMI,0,2,1,0,NULL,0,0,0,2,1,100,NOT APPLY,NULL,NULL,Ready for Dossier,10,1088,ARC-00000-01,100,Art. 4.3,15,100,ARC,00018,Aire de servicio (colector),No
/A10005-15-ARC-16595-U1BC2A-NC_01,ARC-16595,A10005,15,ARC,16595,NC,1,U1BC2A,24,3,27,22,5,12.5,12.5,100,90-100%,10,10,100,90-100%,2.5,2.5,100,90-100%,0,50,20,TEIGA-TMI,0,3,3,0,NULL,0,0,0,0,0,0,NOT APPLY,NULL,NULL,NULL,7,1087,ARC-10005-01,70,Art. 4.3,15,100,ARC,00021,Aire de servicio A10005,No
/A10005-15-ARC-16598-U1BC2A-NC_01,ARC-16598,A10005,15,ARC,16598,NC,1,U1BC2A,32,5,41,31,10,17,17,100,90-100%,12.5,12.5,100,90-100%,4.5,4.5,100,90-100%,0,50,20,TEIGA-TMI,0,5,3,0,NULL,0,0,0,5,3,100,NOT APPLY,NULL,NULL,Ready for Dossier,10,1088,ARC-00000-01,100,Art. 4.3,15,100,ARC,00018,Aire de servicio (colector),No
/A10005-20-ACL-952506-U4BC1B-CCTN_01,ACL-952506,A10005,20,ACL,952506,CCTN,1,U4BC1B,9,1,10,7,3,6,6,100,90-100%,3.75,3.75,100,90-100%,2.25,2.25,100,90-100%,0,48,19,TEIGA-TMI,0,3,3,0,NULL,0,0,0,0,0,0,NOT APPLY,NULL,NULL,NULL,7,1079,ACL-00000-01,70,Art. 4.3,15,100,ACL,00001,Distribución agua caliente de lavados,Traceado
/A10005-20-ACL-952507-U4BC1B-CCTN_01,ACL-952507,A10005,20,ACL,952507,CCTN,1,U4BC1B,11,2,13,10,3,9,9,100,90-100%,6.75,6.75,100,90-100%,2.25,2.25,100,90-100%,0,45,20,TEIGA-TMI,0,3,3,0,NULL,0,0,0,0,0,0,NOT APPLY,NULL,NULL,NULL,7,1077,ACL-00000-01,70,Art. 4.3,15,100,ACL,00001,Distribución agua caliente de lavados,Traceado
/A10005-20-AR-108527-U1BC2A-PP_01,AR-108527,A10005,20,AR,108527,PP,1,U1BC2A,25,4,32,25,7,24,23.25,96.88,90-100%,18.75,18.75,100,90-100%,5.25,4.5,85.71,Not Finished,0.75,50,Not Finished,TEIGA-TMI,0,3,3,0,NULL,0,0,0,0,0,0,NOT APPLY,NULL,NULL,NULL,5,1092,HMBH-10005-01,65.71,Art. 4.3,15,92.855,HMBH,00073,Almacenamiento pesados,Traceado (parcial)
/A10005-20-AR-108528-U1BC2A-PP_01,AR-108528,A10005,20,AR,108528,PP,1,U1BC2A,23,4,34,18,16,23.25,22.5,96.77,90-100%,11.25,11.25,100,90-100%,12,11.25,93.75,90-100%,0.75,50,20,TEIGA-TMI,0,3,3,0,NULL,0,0,0,0,0,0,NOT APPLY,NULL,NULL,NULL,5,1092,AR-00000-04,68.13,Art. 4.3,15,96.875,AR,00014,"Agua refrigeración 
(subcolectores A10003)",No (PP 4%)
/A10005-20-ARC-910064-U1BC2A-NC_01,ARC-910064,A10005,20,ARC,910064,NC,1,U1BC2A,12,4,16,11,5,11.25,10.5,93.33,90-100%,7.5,7.5,100,90-100%,3.75,3,80,Not Finished,0.75,48,Not Finished,TEIGA-TMI,0,3,3,0,NULL,0,0,0,0,0,0,SPS-124,ENVIADO,1,NULL,5,1089,ARC-00000-01,64,Art. 4.3,15,90,ARC,00018,Aire de servicio (colector),No
/A10005-20-ARC-910066-U1BC2A-NC_01,ARC-910066,A10005,20,ARC,910066,NC,1,U1BC2A,17,2,19,13,6,11.25,11.25,100,90-100%,6.75,6.75,100,90-100%,4.5,4.5,100,90-100%,0,47,20,TEIGA-TMI,0,3,3,0,NULL,0,0,0,0,0,0,NOT APPLY,NULL,NULL,NULL,7,1087,ARC-10005-01,70,Art. 4.3,15,100,ARC,00021,Aire de servicio A10005,No
/A10005-20-ARC-91272-U1BC2A-NC_01,ARC-91272,A10005,20,ARC,91272,NC,1,U1BC2A,46,8,54,40,14,35.75,35,97.9,90-100%,25.25,25.25,100,90-100%,10.5,9.75,92.86,90-100%,0.75,50,20,TEIGA-TMI,50,6,6,50,NULL,3,3,0,0,0,0,NOT APPLY,NULL,NULL,NULL,5,1087,ARC-PR19-01,67.86,Art. 4.3,15,96.43,ARC,00026,Aire de servicio PR19,No
/A10005-20-AT-94473-U4AC2A-CCTN_01,AT-94473,A10005,20,AT,94473,CCTN,1,U4AC2A,16,4,20,14,6,13.5,13.5,100,90-100%,9,9,100,90-100%,4.5,4.5,100,90-100%,0,51,20,TEIGA-TMI,0,3,3,0,NULL,0,0,0,0,0,0,SPS-124,ENVIADO,1,NULL,7,1085,AT-00000-01,70,Art. 4.3,15,100,AT,00033,Agua tratada colector,Traceado
/A10005-20-AT-94479-U4AC2A-CCTN_01,AT-94479,A10005,20,AT,94479,CCTN,1,U4AC2A,13,2,15,10,5,9,9,100,90-100%,5.25,5.25,100,90-100%,3.75,3.75,100,90-100%,0,45,20,TEIGA-TMI,0,3,3,0,NULL,0,0,0,0,0,0,NOT APPLY,NULL,NULL,NULL,7,1086,AT-00000-01,70,Art. 4.3,15,100,AT,00033,Agua tratada colector,Traceado
/A10005-20-HMBI-16543-U4BC1B-CCTN_01,HMBI-16543,A10005,20,HMBI,16543,CCTN,1,U4BC1B,6,1,8,8,0,6,6,100,90-100%,6,6,100,90-100%,0,NULL,NULL,NOT REQUIRED,0,49,NOT REQUIRED,NOT APPLY,NULL,0,0,NULL,NULL,0,0,0,0,0,0,NOT APPLY,NULL,NULL,NULL,7,1066,HMBI-PR11-01,100,Art. 4.3,15,100,HMBI,00081,Linea de HMBI sobre PR11,Traceado
/A10005-20-NI-101109-U1BD2A-NC_01,NI-101109,A10005,20,NI,101109,NC,1,U1BD2A,14,4,18,13,5,12.75,11.25,88.24,NULL,9,9,100,90-100%,3.75,2.25,60,Not Finished,1.5,47,Not Finished,TEIGA-TMI,0,3,3,0,NULL,0,0,0,0,0,0,SPS-124,ENVIADO,1,NULL,5,161,NI-00000-02,58,Art. 4.3,23.52,80,NI,00094,Distribucion general de nitrogeno de alta presion para SPEAR,No
/A10005-20-NI-101198-U1BD2A-NC_01,NI-101198,A10005,20,NI,101198,NC,1,U1BD2A,15,2,17,13,4,11.25,10.5,93.33,90-100%,8.25,8.25,100,90-100%,3,2.25,75,Not Finished,0.75,48,Not Finished,TEIGA-TMI,0,3,3,0,NULL,0,0,0,0,0,0,NOT APPLY,NULL,NULL,NULL,5,161,NI-00000-02,62.5,Art. 4.3,23.52,87.5,NI,00094,Distribucion general de nitrogeno de alta presion para SPEAR,No
/A10005-25-ACL-106127-U4BC1B-CCTN_01,ACL-106127,A10005,25,ACL,106127,CCTN,1,U4BC1B,9,2,10,9,1,10,10,100,90-100%,9,9,100,90-100%,1,1,100,90-100%,0,47,17,TEIGA-TMI,0,3,3,0,NULL,0,0,0,0,0,0,NOT APPLY,NULL,NULL,NULL,7,1078,ACL-10005-01,70,Art. 4.3,15,100,ACL,00005,Agua caliente de lavados A10005,Traceado
/A10005-25-ACL-106198-U4BC1B-CCTN_01,ACL-106198,A10005,25,ACL,106198,CCTN,1,U4BC1B,7,2,8,7,1,8,8,100,90-100%,7,7,100,90-100%,1,1,100,90-100%,0,47,17,TEIGA-TMI,0,3,3,0,NULL,0,0,0,0,0,0,NOT APPLY,NULL,NULL,NULL,7,1078,ACL-10005-01,70,Art. 4.3,15,100,ACL,00005,Agua caliente de lavados A10005,Traceado
/A10005-25-ACL-108526-U4BC1B-CCTN_01,ACL-108526,A10005,25,ACL,108526,CCTN,1,U4BC1B,10,2,11,10,1,10,10,100,90-100%,9,9,100,90-100%,1,1,100,90-100%,0,46,17,TEIGA-TMI,0,3,3,0,NULL,0,0,0,0,0,0,NOT APPLY,NULL,NULL,NULL,7,1078,ACL-10005-01,70,Art. 4.3,15,100,ACL,00005,Agua caliente de lavados A10005,Traceado
/A10005-25-ACL-108529-U4BC1B-CCTN_01,ACL-108529,A10005,25,ACL,108529,CCTN,1,U4BC1B,9,2,10,9,1,10,10,100,90-100%,9,9,100,90-100%,1,1,100,90-100%,0,47,17,TEIGA-TMI,0,3,3,0,NULL,0,0,0,0,0,0,NOT APPLY,NULL,NULL,NULL,7,1078,ACL-10005-01,70,Art. 4.3,15,100,ACL,00005,Agua caliente de lavados A10005,Traceado
/A10005-25-ACL-16527-U4BC1B-CCTN_01,ACL-16527,A10005,25,ACL,16527,CCTN,1,U4BC1B,10,2,11,7,4,8,8,100,90-100%,4,4,100,90-100%,4,4,100,90-100%,0,48,17,TEIGA-TMI,0,3,3,0,NULL,0,0,0,0,0,0,NOT APPLY,NULL,NULL,NULL,7,1078,ACL-10005-01,70,Art. 4.3,15,100,ACL,00005,Agua caliente de lavados A10005,Traceado
/A10005-25-ACL-16548-U4BC1B-CCTN_01,ACL-16548,A10005,25,ACL,16548,CCTN,1,U4BC1B,4,1,8,8,0,8,8,100,90-100%,8,8,100,90-100%,0,NULL,NULL,NOT REQUIRED,0,49,NOT REQUIRED,TEIGA-TMI,0,3,3,0,NULL,0,0,0,0,0,0,NOT APPLY,NULL,NULL,NULL,7,1079,ACL-00000-01,0,Art. 4.3,15,100,ACL,00001,Distribución agua caliente de lavados,Traceado
/A10005-25-ACL-16594-U4BC1B-CCTN_01,ACL-16594,A10005,25,ACL,16594,CCTN,1,U4BC1B,13,2,13,9,4,12,12,100,90-100%,8,8,100,90-100%,4,4,100,90-100%,0,46,18,TEIGA-TMI,0,3,3,0,NULL,0,0,0,0,0,0,NOT APPLY,NULL,NULL,NULL,7,1078,ACL-10005-01,70,Art. 4.3,15,100,ACL,00005,Agua caliente de lavados A10005,Traceado
/A10005-25-ACL-16599-U4BC1B-CCTN_01,ACL-16599,A10005,25,ACL,16599,CCTN,1,U4BC1B,9,2,10,7,3,8,8,100,90-100%,5,5,100,90-100%,3,3,100,90-100%,0,47,19,TEIGA-TMI,0,3,3,0,NULL,0,0,0,0,0,0,NOT APPLY,NULL,NULL,NULL,7,1079,ACL-00000-01,70,Art. 4.3,15,100,ACL,00001,Distribución agua caliente de lavados,Traceado
/A10005-25-ACL-95215-U4BC1B-CCTN_01,ACL-95215,A10005,25,ACL,95215,CCTN,1,U4BC1B,40,8,50,36,14,45,45,100,90-100%,32,32,100,90-100%,13,13,100,90-100%,0,50,20,TEIGA-TMI,94.44,18,6,94.44,90-100%,17,5,0,17,5,94.44,NOT APPLY,NULL,NULL,NULL,7,1078,ACL-PR18-01,98.33,Art. 4.3,15,100,ACL,00007,Agua caliente de lavados PR18/19,Traceado
/A10005-25-ACL-95215-U4BC1B-CCTN_02,ACL-95215,A10005,25,ACL,95215,CCTN,2,U4BC1B,23,5,27,23,4,27,27,100,90-100%,23,23,100,90-100%,4,4,100,90-100%,0,49,20,TEIGA-TMI,0,3,3,0,NULL,0,0,0,0,0,0,SPS-124,ENVIADO,1,NULL,7,1079,ACL-PR18-01,70,Art. 4.3,15,100,ACL,00007,Agua caliente de lavados PR18/19,Traceado
/A10005-25-AR-106196-U1BC2A-NC_01,AR-106196,A10005,25,AR,106196,NC,1,U1BC2A,21,3,23,21,2,22,22,100,90-100%,20,20,100,90-100%,2,2,100,90-100%,0,51,18,TEIGA-TMI,0,3,3,0,NULL,0,0,0,0,0,0,NOT APPLY,NULL,NULL,NULL,7,1097,AR-00000-04,70,Art. 4.3,15,100,AR,00014,"Agua refrigeración 
(subcolectores A10003)",No (PP 4%)
/A10005-25-AR-106197-U1BC2A-NC_01,AR-106197,A10005,25,AR,106197,NC,1,U1BC2A,22,4,25,22,3,24,22,91.67,90-100%,21,21,100,90-100%,3,1,33.33,Not Finished,2,51,Not Finished,TEIGA-TMI,0,3,3,0,NULL,0,0,0,0,0,0,NOT APPLY,NULL,NULL,NULL,5,1097,AR-00000-04,50,Art. 4.3,15,66.665,AR,00014,"Agua refrigeración 
(subcolectores A10003)",No (PP 4%)
/A10005-25-AR-108597-U1BC2A-NC_01,AR-108597,A10005,25,AR,108597,NC,1,U1BC2A,22,4,25,22,3,24,24,100,90-100%,21,21,100,90-100%,3,3,100,90-100%,0,51,19,TEIGA-TMI,0,3,3,0,NULL,0,0,0,0,0,0,NOT APPLY,NULL,NULL,NULL,7,1098,HMBH-10005-01,70,Art. 4.3,15,100,HMBH,00073,Almacenamiento pesados,Traceado (parcial)
/A10005-25-AR-108598-U1BC2A-NC_01,AR-108598,A10005,25,AR,108598,NC,1,U1BC2A,19,3,23,19,4,22,19.25,87.5,NULL,18.25,18.25,100,90-100%,3.75,1,26.67,Not Finished,2.75,48,Not Finished,TEIGA-TMI,0,3,3,0,NULL,0,0,0,0,0,0,NOT APPLY,NULL,NULL,NULL,5,1098,AR-00000-04,48,Art. 4.3,15,63.335,AR,00014,"Agua refrigeración 
(subcolectores A10003)",No (PP 4%)
/A10005-25-AR-16528-U1BC2A-NC_01,AR-16528,A10005,25,AR,16528,NC,1,U1BC2A,20,3,23,20,3,22,22,100,90-100%,19.25,19.25,100,90-100%,2.75,2.75,100,90-100%,0,51,17,TEIGA-TMI,0,3,3,0,NULL,0,0,0,0,0,0,NOT APPLY,NULL,NULL,NULL,7,1093,AR-00000-04,70,Art. 4.3,15,100,AR,00014,"Agua refrigeración 
(subcolectores A10003)",No (PP 4%)
/A10005-25-AR-16529-U1BC2A-NC_01,AR-16529,A10005,25,AR,16529,NC,1,U1BC2A,21,4,25,21,4,24,24,100,90-100%,20.25,20.25,100,90-100%,3.75,3.75,100,90-100%,0,51,18,TEIGA-TMI,0,3,3,0,NULL,0,0,0,0,0,0,NOT APPLY,NULL,NULL,NULL,7,1093,AR-00000-04,70,Art. 4.3,15,100,AR,00014,"Agua refrigeración 
(subcolectores A10003)",No (PP 4%)
/A10005-25-AR-16532-U1BC2A-NC_01,AR-16532,A10005,25,AR,16532,NC,1,U1BC2A,21,4,25,21,4,24,24,100,90-100%,20.25,20.25,100,90-100%,3.75,3.75,100,90-100%,0,51,18,TEIGA-TMI,0,3,3,0,NULL,0,0,0,0,0,0,NOT APPLY,NULL,NULL,NULL,7,1094,AR-00000-04,70,Art. 4.3,15,100,AR,00014,"Agua refrigeración 
(subcolectores A10003)",No (PP 4%)
/A10005-25-AR-16533-U1BC2A-NC_01,AR-16533,A10005,25,AR,16533,NC,1,U1BC2A,21,3,23,21,2,22,22,100,90-100%,20,20,100,90-100%,2,2,100,90-100%,0,51,17,TEIGA-TMI,0,3,3,0,NULL,0,0,0,0,0,0,NOT APPLY,NULL,NULL,NULL,7,1094,AR-00000-04,70,Art. 4.3,15,100,AR,00014,"Agua refrigeración 
(subcolectores A10003)",No (PP 4%)
/A10005-25-AR-16552-U1BC2A-NC_01,AR-16552,A10005,25,AR,16552,NC,1,U1BC2A,25,4,28,24,4,26,26,100,90-100%,22,22,100,90-100%,4,4,100,90-100%,0,51,17,TEIGA-TMI,0,3,3,0,NULL,0,0,0,0,0,0,NOT APPLY,NULL,NULL,NULL,7,1095,AR-00000-04,70,Art. 4.3,15,100,AR,00014,"Agua refrigeración 
(subcolectores A10003)",No (PP 4%)
/A10005-25-AR-16553-U1BC2A-NC_01,AR-16553,A10005,25,AR,16553,NC,1,U1BC2A,28,4,31,28,3,30,30,100,90-100%,27,27,100,90-100%,3,3,100,90-100%,0,51,17,TEIGA-TMI,0,3,3,0,NULL,0,0,0,0,0,0,NOT APPLY,NULL,NULL,NULL,7,1095,AR-00000-01,70,Art. 4.3,15,100,AR,00011,Agua refrigeración (colector),No (PP 20%)
/A10005-25-AR-16596-U1BC2A-NC_01,AR-16596,A10005,25,AR,16596,NC,1,U1BC2A,25,5,30,23,7,29,28,96.55,90-100%,22,22,100,90-100%,7,6,85.71,Not Finished,1,51,Not Finished,TEIGA-TMI,0,3,3,0,NULL,0,0,0,0,0,0,NOT APPLY,NULL,NULL,NULL,5,1096,AR-00000-04,65.71,Art. 4.3,15,92.855,AR,00014,"Agua refrigeración 
(subcolectores A10003)",No (PP 4%)
/A10005-25-AR-16597-U1BC2A-NC_01,AR-16597,A10005,25,AR,16597,NC,1,U1BC2A,28,5,32,25,7,29,29,100,90-100%,22,22,100,90-100%,7,7,100,90-100%,0,51,20,TEIGA-TMI,0,3,3,0,NULL,0,0,0,0,0,0,NOT APPLY,NULL,NULL,NULL,7,1096,AR-00000-01,70,Art. 4.3,15,100,AR,00011,Agua refrigeración (colector),No (PP 20%)
/A10005-25-ARC-108863-U1BC2A-NC_01,ARC-108863,A10005,25,ARC,108863,NC,1,U1BC2A,39,6,45,36,9,42.75,37.75,88.3,NULL,33.75,33.75,100,90-100%,9,4,44.44,Not Finished,5,50,Not Finished,TEIGA-TMI,0,3,3,0,NULL,0,0,0,0,0,0,NOT APPLY,NULL,NULL,NULL,5,1090|158,ARC-00000-01,53.33,Art. 4.3,15,72.22,ARC,00018,Aire de servicio (colector),No
/A10005-25-ARI-101991-U4AC2A-NC_01,ARI-101991,A10005,25,ARI,101991,NC,1,U4AC2A,16,2,20,15,5,18.25,18.25,100,90-100%,13.25,13.25,100,90-100%,5,5,100,90-100%,0,48,15,TEIGA-TMI,0,3,3,0,NULL,0,0,0,0,0,0,NOT APPLY,NULL,NULL,NULL,7,1080,ARI-00000-01,70,Art. 4.3,15,100,ARI,00027,Aire de instrumentos colector,No
/A10005-25-ARI-101992-U4AC2A-NC_01,ARI-101992,A10005,25,ARI,101992,NC,1,U4AC2A,17,2,19,15,4,16.5,16.5,100,90-100%,12.5,12.5,100,90-100%,4,4,100,90-100%,0,48,20,TEIGA-TMI,0,3,3,0,NULL,0,0,0,0,0,0,NOT APPLY,NULL,NULL,NULL,7,1081,ARI-00000-01,70,Art. 4.3,15,100,ARI,00027,Aire de instrumentos colector,No
/A10005-25-EFL-106125-U4BC1B-PP_01,EFL-106125,A10005,25,EFL,106125,PP,1,U4BC1B,39,4,39,29,10,30,30,100,90-100%,20,20,100,90-100%,10,10,100,90-100%,0,50,50,TEIGA-TMI,0,3,3,0,NULL,0,0,0,0,0,0,NOT APPLY,NULL,NULL,NULL,7,155,EFL-10001-01,70,Art. 4.3,15,100,EFL,00058,Sistema de drenajes EFL-1,Traceado
/A10005-25-EFL-106128-U4BC1B-PP_01,EFL-106128,A10005,25,EFL,106128,PP,1,U4BC1B,0,0,6,6,0,6,6,100,90-100%,6,6,100,90-100%,0,NULL,NULL,NOT REQUIRED,0,49,NOT REQUIRED,TEIGA-TMI,0,3,3,0,NULL,0,0,0,0,0,0,NOT APPLY,NULL,NULL,NULL,7,156,EFL-10001-01,0,Art. 4.3,15,100,EFL,00058,Sistema de drenajes EFL-1,Traceado
/A10005-25-EFL-106129-U4BC1B-PP_01,EFL-106129,A10005,25,EFL,106129,PP,1,U4BC1B,0,0,6,6,0,6,6,100,90-100%,6,6,100,90-100%,0,NULL,NULL,NOT REQUIRED,0,47,NOT REQUIRED,TEIGA-TMI,0,3,3,0,NULL,0,0,0,0,0,0,NOT APPLY,NULL,NULL,NULL,7,155,EFL-10001-02,0,Art. 4.3,15,100,EFL,00059,Sistema de drenajes EFL-2,PP
/A10005-25-EFL-106199-U4BC1B-PP_01,EFL-106199,A10005,25,EFL,106199,PP,1,U4BC1B,0,0,10,6,4,8,8,100,90-100%,4,4,100,90-100%,4,4,100,90-100%,0,47,19,TEIGA-TMI,0,3,3,0,NULL,0,0,0,0,0,0,NOT APPLY,NULL,NULL,NULL,7,156,EFL-10001-02,70,Art. 4.3,15,100,EFL,00059,Sistema de drenajes EFL-2,PP
/A10005-25-EFL-108523-U4BC1B-PP_01,EFL-108523,A10005,25,EFL,108523,PP,1,U4BC1B,39,4,39,34,5,34,34,100,90-100%,29,29,100,90-100%,5,5,100,90-100%,0,45,18,TEIGA-TMI,0,3,3,0,NULL,0,0,0,0,0,0,NOT APPLY,NULL,NULL,NULL,7,155,EFL-10001-01,70,Art. 4.3,15,100,EFL,00058,Sistema de drenajes EFL-1,Traceado
/A10005-25-EFL-108524-U4BC1B-PP_01,EFL-108524,A10005,25,EFL,108524,PP,1,U4BC1B,0,0,6,6,0,6,6,100,90-100%,6,6,100,90-100%,0,NULL,NULL,NOT REQUIRED,0,49,NOT REQUIRED,TEIGA-TMI,0,3,3,0,NULL,0,0,0,0,0,0,NOT APPLY,NULL,NULL,NULL,7,156,EFL-10001-01,0,Art. 4.3,15,100,EFL,00058,Sistema de drenajes EFL-1,Traceado
/A10005-25-EFL-108525-U4BC1B-PP_01,EFL-108525,A10005,25,EFL,108525,PP,1,U4BC1B,0,0,6,6,0,6,6,100,90-100%,6,6,100,90-100%,0,NULL,NULL,NOT REQUIRED,0,45,NOT REQUIRED,TEIGA-TMI,0,3,3,0,NULL,0,0,0,0,0,0,NOT APPLY,NULL,NULL,NULL,7,155,EFL-10001-02,0,Art. 4.3,15,100,EFL,00059,Sistema de drenajes EFL-2,PP
/A10005-25-EFL-108553-U4BC1B-PP_01,EFL-108553,A10005,25,EFL,108553,PP,1,U4BC1B,33,7,41,31,10,40,35,87.5,NULL,30,30,100,90-100%,10,5,50,Not Finished,5,49,Not Finished,TEIGA-TMI,100,5,5,100,90-100%,5,5,0,5,5,100,NOT APPLY,NULL,NULL,NULL,8,156,EFL-10001-01,85,Art. 4.3,15,75,EFL,00058,Sistema de drenajes EFL-1,Traceado
/A10005-25-EFL-108553-U4BC1B-PP_02,EFL-108553,A10005,25,EFL,108553,PP,2,U4BC1B,40,4,43,37,6,32,28.5,89.06,NULL,27.5,26.5,96.36,90-100%,4.5,2,44.44,Not Finished,3.5,50,Not Finished,TEIGA-TMI,0,3,3,0,NULL,0,0,0,0,0,0,NOT APPLY,NULL,NULL,NULL,4,156,EFL-10001-01,51.88,Art. 4.3,15,70.4,EFL,00058,Sistema de drenajes EFL-1,Traceado
/A10005-25-EFL-108599-U4BC1B-PP_01,EFL-108599,A10005,25,EFL,108599,PP,1,U4BC1B,5,1,5,4,1,4,4,100,90-100%,3,3,100,90-100%,1,1,100,90-100%,0,46,7,TEIGA-TMI,0,3,3,0,NULL,0,0,0,0,0,0,NOT APPLY,NULL,NULL,NULL,7,156,EFL-10001-01,70,Art. 4.3,15,100,EFL,00058,Sistema de drenajes EFL-1,Traceado
/A10005-25-EFL-108823-U4BC1B-PP_01,EFL-108823,A10005,25,EFL,108823,PP,1,U4BC1B,34,7,43,29,14,38,32,84.21,NULL,24,22,91.67,90-100%,14,10,71.43,Not Finished,6,49,Not Finished,TEIGA-TMI,100,10,5,100,90-100%,10,5,0,10,5,100,NOT APPLY,NULL,NULL,NULL,7,155,EFL-10001-02,88.1,Art. 4.3,15,81.55,EFL,00059,Sistema de drenajes EFL-2,PP
/A10005-25-EFL-16524-U4BC1B-PP_01,EFL-16524,A10005,25,EFL,16524,PP,1,U4BC1B,5,1,6,5,1,6,6,100,90-100%,5,5,100,90-100%,1,1,100,90-100%,0,47,19,TEIGA-TMI,0,3,3,0,NULL,0,0,0,0,0,0,NOT APPLY,NULL,NULL,NULL,7,156,EFL-10001-02,70,Art. 4.3,15,100,EFL,00059,Sistema de drenajes EFL-2,PP
/A10005-25-EFL-16525-U4BC1B-PP_01,EFL-16525,A10005,25,EFL,16525,PP,1,U4BC1B,34,4,40,40,0,40,39,97.5,90-100%,40,39,97.5,90-100%,0,NULL,NULL,NOT REQUIRED,1,50,NOT REQUIRED,TEIGA-TMI,0,3,3,0,NULL,0,0,0,0,0,0,NOT APPLY,NULL,NULL,NULL,6,155|156,EFL-10001-01,0,Art. 4.3,15,97.5,EFL,00058,Sistema de drenajes EFL-1,Traceado
/A10005-25-EFL-16526-U4BC1B-PP_01,EFL-16526,A10005,25,EFL,16526,PP,1,U4BC1B,0,0,6,6,0,6,6,100,90-100%,6,6,100,90-100%,0,NULL,NULL,NOT REQUIRED,0,47,NOT REQUIRED,TEIGA-TMI,0,3,3,0,NULL,0,0,0,0,0,0,NOT APPLY,NULL,NULL,NULL,7,155,EFL-10001-02,0,Art. 4.3,15,100,EFL,00059,Sistema de drenajes EFL-2,PP
/A10005-25-EFL-16545-U4BC1B-PP_01,EFL-16545,A10005,25,EFL,16545,PP,1,U4BC1B,59,6,63,53,10,58,53,91.38,90-100%,48,44,91.67,90-100%,10,9,90,90-100%,5,49,19,TEIGA-TMI,0,6,3,0,NULL,0,0,0,6,3,100,NOT APPLY,NULL,NULL,NULL,7,155|156,EFL-10001-01,93.67,Art. 4.3,15,90.835,EFL,00058,Sistema de drenajes EFL-1,Traceado
/A10005-25-EFL-16546-U4BC1B-PP_01,EFL-16546,A10005,25,EFL,16546,PP,1,U4BC1B,8,1,8,8,0,8,8,100,90-100%,8,8,100,90-100%,0,NULL,NULL,NOT REQUIRED,0,47,NOT REQUIRED,TEIGA-TMI,0,3,3,0,NULL,0,0,0,0,0,0,NOT APPLY,NULL,NULL,NULL,7,155,EFL-10001-02,0,Art. 4.3,15,100,EFL,00059,Sistema de drenajes EFL-2,PP
/A10005-25-EFL-16547-U4BC1B-PP_01,EFL-16547,A10005,25,EFL,16547,PP,1,U4BC1B,0,0,2,2,0,2,2,100,90-100%,2,2,100,90-100%,0,NULL,NULL,NOT REQUIRED,0,49,NOT REQUIRED,TEIGA-TMI,0,3,3,0,NULL,0,0,0,0,0,0,NOT APPLY,NULL,NULL,NULL,7,156,EFL-10001-02,0,Art. 4.3,15,100,EFL,00059,Sistema de drenajes EFL-2,PP
/A10005-25-EFL-16562-U4BC1B-PP_01,EFL-16562,A10005,25,EFL,16562,PP,1,U4BC1B,54,6,57,48,9,46.75,45.75,97.86,90-100%,39.25,39.25,100,90-100%,7.5,6.5,86.67,Not Finished,1,50,Not Finished,TEIGA-TMI,0,3,3,0,NULL,0,0,0,0,0,0,NOT APPLY,NULL,NULL,NULL,5,156,EFL-10001-01,66,Art. 4.3,15,93.335,EFL,00058,Sistema de drenajes EFL-1,Traceado
/A10005-25-HMBI-108555-U4BC1B-NC_01,HMBI-108555,A10005,25,HMBI,108555,NC,1,U4BC1B,18,3,18,18,0,18,18,100,90-100%,18,18,100,90-100%,0,NULL,NULL,NOT REQUIRED,0,49,NOT REQUIRED,NOT APPLY,NULL,0,0,NULL,NULL,0,0,0,0,0,0,NOT APPLY,NULL,NULL,NULL,7,1076,NI-10005-01,100,Art. 4.3,15,100,NI,00108,Distribucion interna de nitrogeno para area 10005,No
/A10005-25-HMBI-108556-U4BC1B-NC_01,HMBI-108556,A10005,25,HMBI,108556,NC,1,U4BC1B,19,4,19,18,1,18,18,100,90-100%,17,17,100,90-100%,1,1,100,90-100%,0,49,19,NOT APPLY,NULL,0,0,NULL,NULL,0,0,0,0,0,0,NOT APPLY,NULL,NULL,NULL,7,1076,NI-10005-01,100,Art. 4.3,15,100,NI,00108,Distribucion interna de nitrogeno para area 10005,No
/A10005-25-HMBI-108559-U4BC1B-NC_01,HMBI-108559,A10005,25,HMBI,108559,NC,1,U4BC1B,8,1,8,7,1,6.5,6.5,100,90-100%,6,6,100,90-100%,0.5,0.5,100,90-100%,0,48,13,NOT APPLY,NULL,0,0,NULL,NULL,0,0,0,0,0,0,NOT APPLY,NULL,NULL,NULL,7,1076,HMBI-10005-02,100,Art. 4.3,15,100,HMBI,00079,Brazo de carga de HMBI off-spec/pesados,PP
/A10005-25-HMBI-108595-U4BC1B-NC_01,HMBI-108595,A10005,25,HMBI,108595,NC,1,U4BC1B,7,1,7,7,0,6.5,6.5,100,90-100%,6.5,6.5,100,90-100%,0,NULL,NULL,NOT REQUIRED,0,48,NOT REQUIRED,NOT APPLY,NULL,0,0,NULL,NULL,0,0,0,0,0,0,NOT APPLY,NULL,NULL,NULL,7,1076,HMBI-10005-02,100,Art. 4.3,15,100,HMBI,00079,Brazo de carga de HMBI off-spec/pesados,PP
/A10005-25-HMBI-16544-U4BC1B-CC_01,HMBI-16544,A10005,25,HMBI,16544,CC,1,U4BC1B,15,2,16,15,1,16,15,93.75,90-100%,15,15,100,90-100%,1,NULL,0,Not Finished,1,51,Not Finished,TECHNIP,100,4,1,100,90-100%,4,1,0,0,0,0,NOT APPLY,NULL,NULL,NULL,5,1067,HMBI-10005-03,40,Art. 4.3,15,50,HMBI,00080,Almacenamiento de HMBI y lineas asociadas,Traceado
/A10005-25-HMBI-16563-U4BC1B-NC_01,HMBI-16563,A10005,25,HMBI,16563,NC,1,U4BC1B,8,1,8,7,1,6.5,6.5,100,90-100%,6,6,100,90-100%,0.5,0.5,100,90-100%,0,48,13,NOT APPLY,NULL,0,0,NULL,NULL,0,0,0,0,0,0,NOT APPLY,NULL,NULL,NULL,7,1076,HMBI-10005-04,100,Art. 4.3,15,100,HMBI,00082,Brazo de carga de HMBI,No
/A10005-25-HMBI-16564-U4BC1B-NC_01,HMBI-16564,A10005,25,HMBI,16564,NC,1,U4BC1B,8,1,8,7,1,6.5,6.5,100,90-100%,6,6,100,90-100%,0.5,0.5,100,90-100%,0,46,13,NOT APPLY,NULL,0,0,NULL,NULL,0,0,0,0,0,0,NOT APPLY,NULL,NULL,NULL,7,1076,HMBI-10005-04,100,Art. 4.3,15,100,HMBI,00082,Brazo de carga de HMBI,No
/A10005-25-VE1-10953-U4BC1B-NC_01,VE1-10953,A10005,25,VE1,10953,NC,1,U4BC1B,8,1,11,8,3,10.5,8,76.19,NULL,8,8,100,90-100%,2.5,NULL,0,Not Finished,2.5,49,Not Finished,NOT APPLY,NULL,0,0,NULL,NULL,0,0,0,0,0,0,NOT APPLY,NULL,NULL,NULL,5,2051,EFL-10001-03,50,NULL,15,50,EFL,00061,Drenajes abiertos de edificio HMBI,Traceado
/A10005-25-VE1-10954-U4BC1B-NC_01,VE1-10954,A10005,25,VE1,10954,NC,1,U4BC1B,4,1,7,4,3,6.5,5,76.92,NULL,4,4,100,90-100%,2.5,1,40,Not Finished,1.5,46,Not Finished,NOT APPLY,NULL,0,0,NULL,NULL,0,0,0,0,0,0,NOT APPLY,NULL,NULL,NULL,5,2051,EFL-10001-03,70,NULL,15,70,EFL,00061,Drenajes abiertos de edificio HMBI,Traceado
/A10005-32-AP-100151-U4AC2A-CCTN_01,AP-100151,A10005,32,AP,100151,CCTN,1,U4AC2A,10,3,17,9,8,20,16.25,81.25,NULL,10,10,100,90-100%,10,6.25,62.5,Not Finished,3.75,45,Not Finished,TECHNIP,0,6,3,0,NULL,0,0,0,1,0,16.67,NOT APPLY,NULL,NULL,NULL,5,1082,AP-00000-01,63.75,Art. 4.3,15,81.25,AP,00009,Agua potable (colector),Traceado
/A10005-32-AP-100161-U4AC2A-CCTN_01,AP-100161,A10005,32,AP,100161,CCTN,1,U4AC2A,5,1,9,5,4,11.25,6.25,55.56,NULL,6.25,6.25,100,90-100%,5,NULL,0,Not Finished,5,50,Not Finished,TECHNIP,0,4,1,0,NULL,0,0,0,0,0,0,NOT APPLY,NULL,NULL,NULL,5,1083,AP-00000-01,40,Art. 4.3,15,50,AP,00009,Agua potable (colector),Traceado
/A10005-32-AP-100171-U4AC2A-CCTN_01,AP-100171,A10005,32,AP,100171,CCTN,1,U4AC2A,10,2,15,10,5,18.75,12.5,66.67,NULL,12.5,12.5,100,90-100%,6.25,NULL,0,Not Finished,6.25,47,Not Finished,TECHNIP,0,3,1,0,NULL,0,0,0,0,0,0,NOT APPLY,NULL,NULL,NULL,5,1084,AP-00000-01,40,Art. 4.3,15,50,AP,00009,Agua potable (colector),Traceado
/A10005-32-VE1-10955-U4BC1B-NC_01,VE1-10955,A10005,32,VE1,10955,NC,1,U4BC1B,9,1,16,13,3,18.25,15.75,86.3,NULL,14.5,14.5,100,90-100%,3.75,1.25,33.33,Not Finished,2.5,50,Not Finished,TECHNIP,100,1,1,100,90-100%,1,1,0,0,0,0,NOT APPLY,NULL,NULL,NULL,5,2051,EFL-10001-03,50,NULL,15,66.665,EFL,00061,Drenajes abiertos de edificio HMBI,Traceado
/A10005-32-VE1-10956-U4BC1B-NC_01,VE1-10956,A10005,32,VE1,10956,NC,1,U4BC1B,55,5,60,50,10,66.25,63,95.09,90-100%,54.25,54.25,100,90-100%,12,8.75,72.92,Not Finished,3.25,50,Not Finished,TECHNIP,100,13,6,100,90-100%,13,6,0,10,4,76.92,NOT APPLY,NULL,NULL,NULL,5,2051,EFL-10001-03,84.95,NULL,15,86.46,EFL,00061,Drenajes abiertos de edificio HMBI,Traceado
/A10005-32-VE1-10957-U4BC1B-NC_01,VE1-10957,A10005,32,VE1,10957,NC,1,U4BC1B,23,3,26,23,3,31.25,28.25,90.4,90-100%,28.25,28.25,100,90-100%,3,NULL,0,Not Finished,3,49,Not Finished,TECHNIP,80,5,3,80,NULL,4,2,1,0,0,0,NOT APPLY,NULL,NULL,NULL,5,2052,AGL-10005-01,40,NULL,15,50,AGL,00008,Agua glicolada y lineas asociadas,Sí
/A10005-32-VE1-10958-U4BC1B-NC_01,VE1-10958,A10005,32,VE1,10958,NC,1,U4BC1B,8,1,12,10,2,14,12.25,87.5,NULL,12.25,12.25,100,90-100%,1.75,NULL,0,Not Finished,1.75,50,Not Finished,TECHNIP,100,1,1,100,90-100%,1,1,0,0,0,0,NOT APPLY,NULL,NULL,NULL,5,2052,AGL-10005-01,40,NULL,15,50,AGL,00008,Agua glicolada y lineas asociadas,Sí
/A10005-32-VE1-10959-U4BC1B-NC_01,VE1-10959,A10005,32,VE1,10959,NC,1,U4BC1B,8,1,12,10,2,14,12.25,87.5,NULL,12.25,12.25,100,90-100%,1.75,NULL,0,Not Finished,1.75,50,Not Finished,TECHNIP,100,1,1,100,90-100%,1,1,0,0,0,0,NOT APPLY,NULL,NULL,NULL,5,2053,AGL-10005-01,40,NULL,15,50,AGL,00008,Agua glicolada y lineas asociadas,Sí
/A10005-32-VE1-10999-U4BC1B-NC_01,VE1-10999,A10005,32,VE1,10999,NC,1,U4BC1B,21,3,24,21,3,28.75,27,93.91,90-100%,25.75,25.75,100,90-100%,3,1.25,41.67,Not Finished,1.75,50,Not Finished,TECHNIP,100,4,3,100,90-100%,4,3,0,0,0,0,NOT APPLY,NULL,NULL,NULL,5,2053,AGL-10005-01,52.5,NULL,15,70.835,AGL,00008,Agua glicolada y lineas asociadas,Sí
/A10005-40-HMBH-104262-U4BC1B-CC_01,HMBH-104262,A10005,40,HMBH,104262,CC,1,U4BC1B,23,6,27,22,5,39.5,39.5,100,90-100%,32,32,100,90-100%,7.5,7.5,100,90-100%,0,48,13,TECHNIP,100,12,7,100,90-100%,12,7,0,11,6,91.67,NOT APPLY,NULL,NULL,NULL,7,152,HMBI-10001-03,97.5,Art. 4.3,15,100,HMBI,00074,Evaporador de pelicula fina- condensador- pesados- y lineas asociadas,Traceado
/A10005-40-HMBI-106122-U4BC1B-CCTN_01,HMBI-106122,A10005,40,HMBI,106122,CCTN,1,U4BC1B,14,3,16,14,2,23,20,86.96,NULL,20,20,100,90-100%,3,NULL,0,Not Finished,3,48,Not Finished,TECHNIP,100,6,2,100,90-100%,6,2,0,0,0,0,NOT APPLY,NULL,NULL,NULL,5,1068,HMBI-10001-02,40,Art. 4.3,15,50,HMBI,00076,Filtro rotativo- recipiente filtrato- recipiente torta- y lineas asociadas,Traceado
/A10005-50-HMBH-108552-U4BC1B-PP_01,HMBH-108552,A10005,50,HMBH,108552,PP,1,U4BC1B,8,2,11,11,0,22,22,100,90-100%,22,22,100,90-100%,0,NULL,NULL,NOT REQUIRED,0,51,NOT REQUIRED,TECHNIP,66.67,6,2,66.67,NULL,4,0,0,6,2,100,NOT APPLY,NULL,NULL,Ready for Dossier,10,153,HMBH-10005-01,0,Art. 4.3,15,100,HMBH,00073,Almacenamiento pesados,Traceado (parcial)
/A10005-50-HMBH-108552-U4BC1B-PP_02,HMBH-108552,A10005,50,HMBH,108552,PP,2,U4BC1B,12,3,18,10,8,31.5,31.5,100,90-100%,15.5,15.5,100,90-100%,16,16,100,90-100%,0,47,19,TECHNIP,100,15,9,100,90-100%,15,9,0,15,9,100,NOT APPLY,NULL,NULL,Ready for Dossier,10,153,HMBH-10005-01,100,Art. 4.3,15,100,HMBH,00073,Almacenamiento pesados,Traceado (parcial)
/A10005-50-HMBI-108551-U4BC1B-PP_01,HMBI-108551,A10005,50,HMBI,108551,PP,1,U4BC1B,43,4,43,40,3,68,68,100,90-100%,62,62,100,90-100%,6,6,100,90-100%,0,51,19,TECHNIP,84.62,13,3,84.62,NULL,11,1,0,13,3,100,NOT APPLY,NULL,NULL,Ready for Dossier,10,1075|153,HMBI-10005-02,100,Art. 4.3,15,100,HMBI,00079,Brazo de carga de HMBI off-spec/pesados,PP
/A10005-50-HMBI-108551-U4BC1B-PP_02,HMBI-108551,A10005,50,HMBI,108551,PP,2,U4BC1B,9,3,11,8,3,20,16,80,NULL,14,10,71.43,NULL,6,6,100,90-100%,4,Not Finished,15,TECHNIP,100,8,5,100,90-100%,8,5,0,5,2,62.5,NOT APPLY,NULL,NULL,NULL,6,1075,HMBI-10005-02,77.32,Art. 4.3,15,85.715,HMBI,00079,Brazo de carga de HMBI off-spec/pesados,PP
/A10005-50-HMBI-16561-U4BC1B-NC_01,HMBI-16561,A10005,50,HMBI,16561,NC,1,U4BC1B,29,3,29,27,2,50,50,100,90-100%,46,46,100,90-100%,4,4,100,90-100%,0,51,20,TECHNIP,100,6,3,100,90-100%,6,3,0,0,0,0,NOT APPLY,NULL,NULL,NULL,7,1074,HMBI-10005-03,70,Art. 4.3,15,100,HMBI,00080,Almacenamiento de HMBI y lineas asociadas,Traceado
/A10005-50-HMBI-16561-U4BC1B-NC_02,HMBI-16561,A10005,50,HMBI,16561,NC,2,U4BC1B,21,3,24,14,10,31.5,31.5,100,90-100%,13.5,13.5,100,90-100%,18,18,100,90-100%,0,49,19,TECHNIP,90.91,11,7,90.91,90-100%,10,6,0,5,2,45.45,NOT APPLY,NULL,NULL,NULL,7,1074,HMBI-10005-03,83.64,Art. 4.3,15,100,HMBI,00080,Almacenamiento de HMBI y lineas asociadas,Traceado
/A10005-50-NI-108554-U1BD2A-NC_01,NI-108554,A10005,50,NI,108554,NC,1,U1BD2A,37,6,41,37,4,63,61,96.83,90-100%,55,55,100,90-100%,8,6,75,Not Finished,2,46,Not Finished,TECHNIP,100,7,5,100,90-100%,7,5,0,4,2,57.14,NOT APPLY,NULL,NULL,NULL,5,162,NI-00000-01,79.64,Art. 4.3,23.52,87.5,NI,00100,Distribucion general de nitrogeno de baja presion para SPEAR,No
/A10005-50-NI-108557-U1BD2A-NC_01,NI-108557,A10005,50,NI,108557,NC,1,U1BD2A,0,0,3,3,0,5.5,5.5,100,90-100%,5.5,5.5,100,90-100%,0,NULL,NULL,NOT REQUIRED,0,46,NOT REQUIRED,NOT APPLY,NULL,0,0,NULL,NULL,0,0,0,0,0,0,NOT APPLY,NULL,NULL,NULL,7,162,NI-10005-01,100,Art. 4.3,23.52,100,NI,00108,Distribucion interna de nitrogeno para area 10005,No
/A10005-80-HMBH-108522-U4BC1B-CCTN_01,HMBH-108522,A10005,80,HMBH,108522,CCTN,1,U4BC1B,22,2,26,23,3,69,69,100,90-100%,62,62,100,90-100%,7,7,100,90-100%,0,48,49,TECHNIP,100,4,1,100,90-100%,4,1,0,4,1,100,NOT APPLY,NULL,NULL,Ready for Dossier,10,150,HMBH-10005-01,100,Art. 4.3,15,100,HMBH,00073,Almacenamiento pesados,Traceado (parcial)
/A10005-80-HMBH-108561-U4BC1B-CCTN_01,HMBH-108561,A10005,80,HMBH,108561,CCTN,1,U4BC1B,29,7,34,22,12,78,78,100,90-100%,45,45,100,90-100%,33,33,100,90-100%,0,51,19,TECHNIP,94.44,18,7,94.44,90-100%,17,6,0,12,3,66.67,NOT APPLY,NULL,NULL,NULL,7,151,HMBH-10005-01,90,Art. 4.3,15,100,HMBH,00073,Almacenamiento pesados,Traceado (parcial)
/A10005-80-HMBI-106126-U4BC1B-CC_01,HMBI-106126,A10005,80,HMBI,106126,CC,1,U4BC1B,17,2,17,16,1,47,47,100,90-100%,44,44,100,90-100%,3,3,100,90-100%,0,51,7,TECHNIP,100,4,1,100,90-100%,4,1,0,4,1,100,NOT APPLY,NULL,NULL,Ready for Dossier,10,1068,HMBI-10005-01,100,Art. 4.3,15,100,HMBI,00077,Almacenamiento de HMBI off-spec y lineas asociadas,Traceado
/A10005-80-HMBI-106151-U4BC1B-CC_01,HMBI-106151,A10005,80,HMBI,106151,CC,1,U4BC1B,30,6,35,27,8,85.5,85.5,100,90-100%,69.5,69.5,100,90-100%,16,16,100,90-100%,0,47,49,TECHNIP,100,25,8,100,90-100%,25,8,0,16,3,64,NOT APPLY,NULL,NULL,NULL,7,1071,HMBI-10005-01,89.2,Art. 4.3,15,100,HMBI,00077,Almacenamiento de HMBI off-spec y lineas asociadas,Traceado
/A10005-80-HMBI-16522-U4BC1B-CC_01,HMBI-16522,A10005,80,HMBI,16522,CC,1,U4BC1B,32,7,37,28,9,91.5,91.5,100,90-100%,67.5,67.5,100,90-100%,24,24,100,90-100%,0,51,18,TECHNIP,94.74,19,7,94.74,90-100%,18,6,0,12,2,63.16,NOT APPLY,NULL,NULL,NULL,7,1070,HMBI-10005-03,88.95,Art. 4.3,15,100,HMBI,00080,Almacenamiento de HMBI y lineas asociadas,Traceado
/A10005-80-HMBI-16523-U4BC1B-CC_01,HMBI-16523,A10005,80,HMBI,16523,CC,1,U4BC1B,19,2,21,19,2,56,56,100,90-100%,50,50,100,90-100%,6,6,100,90-100%,0,48,49,TECHNIP,100,4,1,100,90-100%,4,1,0,2,0,50,NOT APPLY,NULL,NULL,NULL,7,1069,HMBI-10005-03,85,Art. 4.3,15,100,HMBI,00080,Almacenamiento de HMBI y lineas asociadas,Traceado
/A10005-80-HMBI-16542-U4BC1B-CC_01,HMBI-16542,A10005,80,HMBI,16542,CC,1,U4BC1B,15,4,21,16,5,57,57,100,90-100%,42,42,100,90-100%,15,15,100,90-100%,0,48,49,TECHNIP,86.67,15,4,86.67,NULL,13,2,0,10,3,66.67,NOT APPLY,NULL,NULL,NULL,7,1066,HMBI-10005-03,90,Art. 4.3,15,100,HMBI,00080,Almacenamiento de HMBI y lineas asociadas,Traceado
/A10005-80-VE1-106102-U4BC1B-NC_01,VE1-106102,A10005,80,VE1,106102,NC,1,U4BC1B,36,8,37,34,3,102,102,100,90-100%,93,93,100,90-100%,9,9,100,90-100%,0,49,13,TECHNIP,100,7,4,100,90-100%,7,4,0,4,2,57.14,NOT APPLY,NULL,NULL,NULL,7,157|2054,HMBI-10005-01,87.14,I,15,100,HMBI,00077,Almacenamiento de HMBI off-spec y lineas asociadas,Traceado
/A10005-80-VE1-108055-U4BC1B-NC_01,VE1-108055,A10005,80,VE1,108055,NC,1,U4BC1B,29,6,36,28,8,89,89,100,90-100%,68,68,100,90-100%,21,21,100,90-100%,0,50,19,TECHNIP,100,8,7,100,90-100%,8,7,0,5,4,62.5,NOT APPLY,NULL,NULL,NULL,7,157,VE1-10001-01,88.75,I,15,100,VE1,00120,Venteos gaseosos sin blanketing,No
/A10005-80-VE1-108055-U4BC1B-NC_02,VE1-108055,A10005,80,VE1,108055,NC,2,U4BC1B,37,6,42,37,5,31,31,100,90-100%,27.25,27.25,100,90-100%,3.75,3.75,100,90-100%,0,51,20,TECHNIP,100,15,8,100,90-100%,15,8,0,2,1,13.33,NOT APPLY,NULL,NULL,NULL,7,156|157,VE1-10001-01,74,I,15,100,VE1,00120,Venteos gaseosos sin blanketing,No
/A10005-80-VE1-108502-U4BC1B-PP_01,VE1-108502,A10005,80,VE1,108502,PP,1,U4BC1B,37,8,38,34,4,78,78,100,90-100%,69,69,100,90-100%,9,9,100,90-100%,0,44,19,TECHNIP,92.86,14,4,92.86,90-100%,13,3,0,0,0,0,NOT APPLY,NULL,NULL,NULL,7,157|2055,HMBH-10005-01,70,Art. 4.3,15,100,HMBH,00073,Almacenamiento pesados,Traceado (parcial)
/A1200-50-ASUN-12721-U4BD8D-CCTN_01,ASUN-12721,A1200,50,ASUN,12721,CCTN,1,U4BD8D,24,4,29,20,9,51.75,51.75,100,90-100%,34.25,34.25,100,90-100%,17.5,17.5,100,90-100%,0,49,9,TECHNIP,100,19,7,100,90-100%,19,7,0,19,7,100,NOT APPLY,NULL,NULL,Ready for Dossier,10,132,ASUN-A1200-01,100,Art. 4.3,24,100,ASUN,00031,Ácido sulfúrico A1200,Traceado
/A1900-150-HMBI-16541-U4BC1B-CCTN_01,HMBI-16541,A1900,150,HMBI,16541,CCTN,1,U4BC1B,32,9,56,28,28,214.5,214.5,100,90-100%,90.5,90.5,100,90-100%,124,124,100,90-100%,0,51,15,TECHNIP,96,50,18,96,90-100%,48,16,0,50,18,100,SPS-109|SPS-110|SPS-111|SPS-112|SPS-113|SPS-127,PINTURA|ENVIADO|ENVIADO|ENVIADO|ENVIADO|ENVIADO,1|1|1|1,Ready for Dossier,10,1056,HMBI-PR11-01,100,Art. 4.3,15,100,HMBI,00081,Linea de HMBI sobre PR11,Traceado
/A2001-100-VE1-83536-U4BC1B-NC_01,VE1-83536,A2001,100,VE1,83536,NC,1,U4BC1B,13,5,17,13,4,66,66,100,90-100%,50,50,100,90-100%,16,16,100,90-100%,0,49,14,TECHNIP,100,17,7,100,90-100%,17,7,0,17,7,100,NOT APPLY,NULL,NULL,Ready for Dossier,10,2050,EFL-A2001-01,100,NULL,15,100,EFL,00068,Recipiente R-8353 y elementos asociados,Parcial
/A2001-100-VT4-83537-U4BC1B-NC_02,VT4-83537,A2001,100,VT4,83537,NC,2,U4BC1B,2,1,2,2,0,8,8,100,90-100%,8,8,100,90-100%,0,NULL,NULL,NOT REQUIRED,0,47,NOT REQUIRED,NOT APPLY,NULL,0,0,NULL,NULL,0,0,0,0,0,0,NOT APPLY,NULL,NULL,NULL,7,130,EFL-A2001-01,100,I,15,100,EFL,00068,Recipiente R-8353 y elementos asociados,Parcial
/A2001-15-ARC-83542-U1BC2A-NC_01,ARC-83542,A2001,15,ARC,83542,NC,1,U1BC2A,25,5,30,25,5,15,15,100,90-100%,12.5,12.5,100,90-100%,2.5,2.5,100,90-100%,0,50,18,TEIGA-TMI,47.06,17,10,47.06,NULL,8,3,0,17,10,100,NOT APPLY,NULL,NULL,Ready for Dossier,10,1057,ARC-A8001-02,100,Art. 4.3,15,100,ARC,00024,Aire de servicio UXX811,No
/A2001-200-EFL-81002-U4BC1B-NC_01,EFL-81002,A2001,200,EFL,81002,NC,1,U4BC1B,10,1,11,6,5,35,35,100,90-100%,25.5,25.5,100,90-100%,9.5,9.5,100,90-100%,0,46,14,TECHNIP,100,6,2,100,90-100%,6,2,0,6,2,100,NOT APPLY,NULL,NULL,Ready for Dossier,10,135,EFL-A2001-02,100,II,15,100,EFL,00069,Flauta drenajes asociada al R-8353,No
/A2001-20-AR-28117-U1BC2A-NC_01,AR-28117,A2001,20,AR,28117,NC,1,U1BC2A,16,3,19,13,6,13.5,13.5,100,90-100%,9,9,100,90-100%,4.5,4.5,100,90-100%,0,49,15,TEIGA-TMI,42.86,14,5,42.86,NULL,6,0,0,14,5,100,NOT APPLY,NULL,NULL,Ready for Dossier,10,1058,EFL-A2001-01,100,Art. 4.3,15,100,EFL,00068,Recipiente R-8353 y elementos asociados,Parcial
/A2001-20-EFL-81004-U4BC1B-NC_01,EFL-81004,A2001,20,EFL,81004,NC,1,U4BC1B,11,2,17,10,7,14,14,100,90-100%,8.75,8.75,100,90-100%,5.25,5.25,100,90-100%,0,51,15,TEIGA-TMI,100,5,5,100,90-100%,5,5,0,5,5,100,NOT APPLY,NULL,NULL,Ready for Dossier,10,135,EFL-A2001-02,100,Art. 4.3,15,100,EFL,00069,Flauta drenajes asociada al R-8353,No
/A2001-40-EFL-83531-U4BC1B-NC_01,EFL-83531,A2001,40,EFL,83531,NC,1,U4BC1B,11,2,11,8,3,14,14,100,90-100%,9.5,9.5,100,90-100%,4.5,4.5,100,90-100%,0,46,13,TECHNIP,100,1,1,100,90-100%,1,1,0,1,1,100,SPS-097,ENVIADO,NULL,NULL,6,136,EFL-A2001-01,100,Art. 4.3,15,100,EFL,00068,Recipiente R-8353 y elementos asociados,Parcial
/A2001-50-EFL-81003-U4BC1B-NC_01,EFL-81003,A2001,50,EFL,81003,NC,1,U4BC1B,14,4,16,9,7,28,28,100,90-100%,14,14,100,90-100%,14,14,100,90-100%,0,49,14,TECHNIP,100,4,4,100,90-100%,4,4,0,4,4,100,NOT APPLY,NULL,NULL,Ready for Dossier,10,135,EFL-A2001-02,100,I,15,100,EFL,00069,Flauta drenajes asociada al R-8353,No
/A2001-50-EFL-83541-U4BC1B-NC_01,EFL-83541,A2001,50,EFL,83541,NC,1,U4BC1B,32,6,35,31,4,50.25,50.25,100,90-100%,42.25,42.25,100,90-100%,8,8,100,90-100%,0,49,14,TECHNIP,100,10,5,100,90-100%,10,5,0,10,5,100,SPS-097,ENVIADO,NULL,NULL,6,134,INC-10001-04,100,I,15,100,INC,00085,Condensacion de IPA en evaporacion IPA/agua,No
/A2001-50-EFL-83597-U4BC1B-PP_01,EFL-83597,A2001,50,EFL,83597,PP,1,U4BC1B,8,4,12,6,6,22,22,100,90-100%,12,12,100,90-100%,10,10,100,90-100%,0,48,14,TECHNIP,100,8,4,100,90-100%,8,4,0,8,4,100,NOT APPLY,NULL,NULL,Ready for Dossier,10,131,EFL-A8004-01,100,I,15,100,EFL,00067,Empuje neumatico desde UXX837/UXX838,No
/A2001-50-VE1-83532-U4BC1B-NC_01,VE1-83532,A2001,50,VE1,83532,NC,1,U4BC1B,21,4,24,15,9,35.5,35.5,100,90-100%,20.75,20.75,100,90-100%,14.75,14.75,100,90-100%,0,48,51,TECHNIP,100,6,2,100,90-100%,6,2,0,6,2,100,NOT APPLY,NULL,NULL,Ready for Dossier,10,137,EFL-A2001-01,100,I,15,100,EFL,00068,Recipiente R-8353 y elementos asociados,Parcial
/A2001-50-VE1-83533-U4BC1B-NC_01,VE1-83533,A2001,50,VE1,83533,NC,1,U4BC1B,0,0,4,3,1,3,3,100,90-100%,1.5,1.5,100,90-100%,1.5,1.5,100,90-100%,0,48,14,NOT APPLY,NULL,0,0,NULL,NULL,0,0,0,0,0,0,NOT APPLY,NULL,NULL,NULL,7,137,EFL-A2001-01,100,NULL,15,100,EFL,00068,Recipiente R-8353 y elementos asociados,Parcial
/A6001-100-EFL-66507-U4BC1B-PP_01,EFL-66507,A6001,100,EFL,66507,PP,1,U4BC1B,15,2,16,11,5,35,32,91.43,90-100%,25,25,100,90-100%,10,7,70,Not Finished,3,51,Not Finished,TECHNIP,100,5,2,100,90-100%,5,2,0,5,2,100,NOT APPLY,NULL,NULL,NULL,8,141,EFL-A6001-01,91,I,15,85,EFL,00065,Lineas de efluentes en area 6000,PP
/A6001-100-RHO-65205-U4CC1E-CC_01,RHO-65205,A6001,100,RHO,65205,CC,1,U4CC1E,7,2,9,4,5,28,28,100,90-100%,12,12,100,90-100%,16,16,100,90-100%,0,45,10,TECHNIP,100,3,2,100,90-100%,3,2,0,3,2,100,SPS-048,ENVIADO,1,Ready for Dossier,10,143,AT97-A6001-01,100,I,15,100,AT97,00037,Importación AT97,Traceado
/A6001-100-RHO-66501-U4CC1E-CCTN_01,RHO-66501,A6001,100,RHO,66501,CCTN,1,U4CC1E,29,4,29,25,4,86,86,100,90-100%,74.5,74.5,100,90-100%,11.5,11.5,100,90-100%,0,50,12,TECHNIP,100,7,3,100,90-100%,7,3,0,7,3,100,SPS-046,ENVIADO,NULL,NULL,6,140,AT97-A6001-01,100,Art. 4.3,15,100,AT97,00037,Importación AT97,Traceado
/A6001-100-RHO-66504-U4CC1E-CCTN_01,RHO-66504,A6001,100,RHO,66504,CCTN,1,U4CC1E,19,2,20,17,3,50,50,100,90-100%,44.5,44.5,100,90-100%,5.5,5.5,100,90-100%,0,50,9,TECHNIP,100,7,2,100,90-100%,7,2,0,7,2,100,SPS-045,ENVIADO,NULL,NULL,6,140,AT97-A6001-01,100,Art. 4.3,15,100,AT97,00037,Importación AT97,Traceado
/A6001-100-RHO-66505-U4CC1E-CCTN_01,RHO-66505,A6001,100,RHO,66505,CCTN,1,U4CC1E,32,3,36,26,10,81,75,92.59,90-100%,54,50,92.59,90-100%,27,25,92.59,90-100%,6,49,47,TECHNIP,75,4,1,75,NULL,3,0,0,3,0,75,NOT APPLY,NULL,NULL,NULL,4,141,AT97-A6001-01,87.31,I,15,92.59,AT97,00037,Importación AT97,Traceado
/A6001-100-RHO-66509-U4CC1E-CC_01,RHO-66509,A6001,100,RHO,66509,CC,1,U4CC1E,10,2,11,6,5,36,36,100,90-100%,20,20,100,90-100%,16,16,100,90-100%,0,51,12,TECHNIP,100,4,1,100,90-100%,4,1,0,4,1,100,NOT APPLY,NULL,NULL,Ready for Dossier,10,144,AT97-A6001-01,100,I,15,100,AT97,00037,Importación AT97,Traceado
/A6001-15-ARC-66534-U1BC2A-NC_01,ARC-66534,A6001,15,ARC,66534,NC,1,U1BC2A,10,2,17,10,7,8.5,8.5,100,90-100%,5,5,100,90-100%,3.5,3.5,100,90-100%,0,48,20,TEIGA-TMI,0,3,3,0,NULL,0,0,0,0,0,0,NOT APPLY,NULL,NULL,NULL,7,1059,ARC-A6001-01,70,Art. 4.3,15,100,ARC,00022,Aire de servicio A6000,No
/A6001-15-ARC-66598-U1BC2A-NC_01,ARC-66598,A6001,15,ARC,66598,NC,1,U1BC2A,29,4,37,23,14,17,17,100,90-100%,10,10,100,90-100%,7,7,100,90-100%,0,48,20,TEIGA-TMI,66.67,3,3,66.67,NULL,2,2,0,0,0,0,NOT APPLY,NULL,NULL,NULL,7,1059,ARC-A6001-01,70,Art. 4.3,15,100,ARC,00022,Aire de servicio A6000,No
/A6001-20-AR-66529-U1BC2A-NC_01,AR-66529,A6001,20,AR,66529,NC,1,U1BC2A,29,3,36,22,14,24,22.5,93.75,90-100%,13.5,13.5,100,90-100%,10.5,9,85.71,Not Finished,1.5,50,Not Finished,TEIGA-TMI,100,3,3,100,90-100%,3,3,0,0,0,0,NOT APPLY,NULL,NULL,NULL,5,1060,AR-A6001-01,65.71,Art. 4.3,15,92.855,AR,00016,Agua refrigeración A6000,No
/A6001-20-AR-66532-U1BC2A-NC_01,AR-66532,A6001,20,AR,66532,NC,1,U1BC2A,10,1,15,10,5,11.25,9.75,86.67,NULL,7.5,7.5,100,90-100%,3.75,2.25,60,Not Finished,1.5,48,Not Finished,TEIGA-TMI,100,3,3,100,90-100%,3,3,0,0,0,0,NOT APPLY,NULL,NULL,NULL,5,1060,AR-A6001-01,58,Art. 4.3,15,80,AR,00016,Agua refrigeración A6000,No
/A6001-20-AR-66533-U1BC2A-NC_01,AR-66533,A6001,20,AR,66533,NC,1,U1BC2A,10,1,15,10,5,11.25,9.75,86.67,NULL,7.5,7.5,100,90-100%,3.75,2.25,60,Not Finished,1.5,48,Not Finished,TEIGA-TMI,100,3,3,100,90-100%,3,3,0,0,0,0,NOT APPLY,NULL,NULL,NULL,5,1060,AR-A6001-01,58,Art. 4.3,15,80,AR,00016,Agua refrigeración A6000,No
/A6001-20-AR-66599-U1BC2A-NC_01,AR-66599,A6001,20,AR,66599,NC,1,U1BC2A,29,3,35,21,14,22.5,18.75,83.33,NULL,12,12,100,90-100%,10.5,6.75,64.29,Not Finished,3.75,50,Not Finished,TEIGA-TMI,100,3,3,100,90-100%,3,3,0,0,0,0,NOT APPLY,NULL,NULL,NULL,5,1060,AR-A6001-01,59.29,Art. 4.3,15,82.145,AR,00016,Agua refrigeración A6000,No
/A6001-25-ACL-66526-U4BC1B-CCTN_01,ACL-66526,A6001,25,ACL,66526,CCTN,1,U4BC1B,25,5,28,22,6,27,21,77.78,NULL,21,15,71.43,NULL,6,6,100,90-100%,6,Not Finished,17,TEIGA-TMI,0,3,3,0,NULL,0,0,0,0,0,0,NOT APPLY,NULL,NULL,NULL,6,1061,ACL-A6001-01,58.57,Art. 4.3,15,85.715,ACL,00006,Agua caliente de lavados A6000,Traceado
/A6001-25-EFL-66524-U4BC1B-PP_01,EFL-66524,A6001,25,EFL,66524,PP,1,U4BC1B,7,2,9,6,3,8,8,100,90-100%,5,5,100,90-100%,3,3,100,90-100%,0,45,15,TEIGA-TMI,0,6,6,0,NULL,0,0,0,0,0,0,NOT APPLY,NULL,NULL,NULL,7,141,EFL-A6001-01,70,Art. 4.3,15,100,EFL,00065,Lineas de efluentes en area 6000,PP
/A6001-25-EFL-66525-U4BC1B-PP_01,EFL-66525,A6001,25,EFL,66525,PP,1,U4BC1B,44,4,45,37,8,40,40,100,90-100%,32,32,100,90-100%,8,8,100,90-100%,0,45,11,TEIGA-TMI,0,3,3,0,NULL,0,0,0,0,0,0,NOT APPLY,NULL,NULL,NULL,7,140,EFL-A6001-01,70,Art. 4.3,15,100,EFL,00065,Lineas de efluentes en area 6000,PP
/A6001-25-EFL-81606-U4BC1B-PP_01,EFL-81606,A6001,25,EFL,81606,PP,1,U4BC1B,12,4,15,11,4,15,15,100,90-100%,11,11,100,90-100%,4,4,100,90-100%,0,45,46,TEIGA-TMI,100,10,7,100,90-100%,10,7,0,10,7,100,NOT APPLY,NULL,NULL,Ready for Dossier,10,133,EFL-A6001-02,100,I,15,100,EFL,00052,NOT DESCRIPTION,PP
/A6001-25-NI-66527-U1BD2A-NC_01,NI-66527,A6001,25,NI,66527,NC,1,U1BD2A,22,4,24,21,3,23.5,23.5,100,90-100%,20.5,20.5,100,90-100%,3,3,100,90-100%,0,48,18,TEIGA-TMI,100,3,3,100,90-100%,3,3,0,0,0,0,NOT APPLY,NULL,NULL,NULL,7,138,NI-A6001-01,70,Art. 4.3,23.52,100,NI,00103,Distribucion interna de nitrogeno para area 6000,No
/A6001-25-RHO-66528-U4CC1E-CC_01,RHO-66528,A6001,25,RHO,66528,CC,1,U4CC1E,7,1,7,6,1,6,6,100,90-100%,5,5,100,90-100%,1,1,100,90-100%,0,48,17,NOT APPLY,NULL,0,0,NULL,NULL,0,0,0,0,0,0,NOT APPLY,NULL,NULL,NULL,7,139,AT97-A6001-01,100,Art. 4.3,15,100,AT97,00037,Importación AT97,Traceado
/A6001-50-RHO-66523-U4CC1E-CCTN_01,RHO-66523,A6001,50,RHO,66523,CCTN,1,U4CC1E,9,2,17,12,5,27,27,100,90-100%,19,19,100,90-100%,8,8,100,90-100%,0,50,45,TECHNIP,83.33,6,1,83.33,NULL,5,0,0,5,0,83.33,NOT APPLY,NULL,NULL,NULL,7,139,AT97-A6001-01,95,I,15,100,AT97,00037,Importación AT97,Traceado
/A6001-50-VE1-66506-U4BC1B-PP_01,VE1-66506,A6001,50,VE1,66506,PP,1,U4BC1B,21,5,25,15,10,37.5,35.5,94.67,90-100%,17.5,17.5,100,90-100%,20,18,90,90-100%,2,46,15,TECHNIP,100,14,7,100,90-100%,14,7,0,10,5,71.43,NOT APPLY,NULL,NULL,NULL,5,142,AT97-A6001-01,88.43,I,15,95,AT97,00037,Importación AT97,Traceado
/A6001-80-RHO-66531-U4CC1E-CCTN_01,RHO-66531,A6001,80,RHO,66531,CCTN,1,U4CC1E,24,2,26,19,7,53.5,53.5,100,90-100%,37.5,37.5,100,90-100%,16,16,100,90-100%,0,48,11,TECHNIP,88.89,9,2,88.89,NULL,8,1,0,6,0,66.67,SPS-046|SPS-045,ENVIADO|ENVIADO,NULL,NULL,3,139,AT97-A6001-01,90,Art. 4.3,15,100,AT97,00037,Importación AT97,Traceado
/A6001-80-RHO-66597-U4CC1E-CCTN_01,RHO-66597,A6001,80,RHO,66597,CCTN,1,U4CC1E,103,17,119,83,36,256.5,250.5,97.66,90-100%,163.5,163.5,100,90-100%,93,87,93.55,90-100%,6,51,20,TECHNIP,97.8,91,26,97.8,90-100%,89,24,0,83,19,91.21,NOT APPLY,NULL,NULL,NULL,5,139,AT97-A6001-01,95.43,Art. 4.3,15,96.775,AT97,00037,Importación AT97,Traceado
/A6001-80-VT1-66508-U4CC1E-CCTN_01,VT1-66508,A6001,80,VT1,66508,CCTN,1,U4CC1E,4,1,4,4,0,12,12,100,90-100%,12,12,100,90-100%,0,NULL,NULL,NOT REQUIRED,0,50,NOT REQUIRED,NOT APPLY,NULL,0,0,NULL,NULL,0,0,0,0,0,0,NOT APPLY,NULL,NULL,NULL,7,148,AT97-A6001-01,100,I,15,100,AT97,00037,Importación AT97,Traceado
/A6001-80-VT1-66508-U4CC1E-CCTN_02,VT1-66508,A6001,80,VT1,66508,CCTN,2,U4CC1E,7,1,7,4,3,15,15,100,90-100%,6,6,100,90-100%,9,9,100,90-100%,0,48,12,NOT APPLY,NULL,0,0,NULL,NULL,0,0,0,0,0,0,NOT APPLY,NULL,NULL,NULL,7,148,AT97-A6001-01,100,I,15,100,AT97,00037,Importación AT97,Traceado
/A8001-20-ARC-83599-U1BC2A-NC_01,ARC-83599,A8001,20,ARC,83599,NC,1,U1BC2A,7,2,8,5,3,6,6,100,90-100%,3.75,3.75,100,90-100%,2.25,2.25,100,90-100%,0,4,15,TEIGA-TMI,60,5,3,60,NULL,3,1,0,5,3,100,NOT APPLY,NULL,NULL,Ready for Dossier,10,1062,ARC-A8001-01,100,Art. 4.3,15,100,ARC,00023,Aire de servicio UXX838,No
/A8001-20-EFL-83538-U4BC1B-CCTN_01,EFL-83538,A8001,20,EFL,83538,CCTN,1,U4BC1B,29,5,29,24,5,21.75,21.75,100,90-100%,18,18,100,90-100%,3.75,3.75,100,90-100%,0,50,12,TEIGA-TMI,33.33,6,2,33.33,NULL,2,1,0,6,2,100,NOT APPLY,NULL,NULL,Ready for Dossier,10,145,EFL-A8001-01,100,I,15,100,EFL,00070,Recogida efluentes UXX838,Traceado
/A8001-25-EFL-83539-U4BC1B-NC_01,EFL-83539,A8001,25,EFL,83539,NC,1,U4BC1B,58,8,66,44,22,64,64,100,90-100%,43.75,43.75,100,90-100%,20.25,20.25,100,90-100%,0,50,48,TEIGA-TMI,0,4,4,0,NULL,0,0,0,4,4,100,NOT APPLY,NULL,NULL,Ready for Dossier,10,131,EFL-A8004-01,100,I,15,100,EFL,00067,Empuje neumatico desde UXX837/UXX838,No
/A8003-25-EFL-105587-U4BC1B-CC_01,EFL-105587,A8003,25,EFL,105587,CC,1,U4BC1B,50,10,66,43,23,65,65,100,90-100%,41,41,100,90-100%,24,24,100,90-100%,0,49,19,TEIGA-TMI,0,34,17,0,NULL,0,0,0,34,17,100,NOT APPLY,NULL,NULL,Ready for Dossier,10,146,EFL-10003-02,100,I,15,100,EFL,00053,NEW (last sub-system version),Sí
/A8003-25-EFL-108627-U4BC1B-CC_01,EFL-108627,A8003,25,EFL,108627,CC,1,U4BC1B,19,3,25,19,6,22.25,22.25,100,90-100%,16.25,16.25,100,90-100%,6,6,100,90-100%,0,49,17,TEIGA-TMI,0,12,6,0,NULL,0,0,0,12,6,100,NOT APPLY,NULL,NULL,Ready for Dossier,10,146,EFL-10003-02,100,I,15,100,EFL,00053,NEW (last sub-system version),Sí
/A8003-25-EFL-81606-U4BC1B-PP_01,EFL-81606,A8003,25,EFL,81606,PP,1,U4BC1B,83,12,99,64,35,106,106,100,90-100%,68.5,68.5,100,90-100%,37.5,37.5,100,90-100%,0,49,49,TEIGA-TMI,0,40,20,0,NULL,0,0,0,40,20,100,NOT APPLY,NULL,NULL,Ready for Dossier,10,133,EFL-A6001-02,100,I,15,100,EFL,00052,NOT DESCRIPTION,PP
/A8003-25-EFL-81803-U4BC1B-CC_01,EFL-81803,A8003,25,EFL,81803,CC,1,U4BC1B,17,3,18,14,4,17,17,100,90-100%,13,13,100,90-100%,4,4,100,90-100%,0,49,17,TEIGA-TMI,0,4,2,0,NULL,0,0,0,4,2,100,NOT APPLY,NULL,NULL,Ready for Dossier,10,146,EFL-10003-02,100,Art. 4.3,15,100,EFL,00053,NEW (last sub-system version),Sí
/A8003-50-EFL-83541-U4BC1B-CCTN_01,EFL-83541,A8003,50,EFL,83541,CCTN,1,U4BC1B,30,7,42,17,25,43.5,43.5,100,90-100%,7.5,7.5,100,90-100%,36,36,100,90-100%,0,49,19,TEIGA-TMI,0,11,11,0,NULL,0,0,0,11,11,100,NOT APPLY,NULL,NULL,Ready for Dossier,10,133,EFL-A2001-01,100,I,15,100,EFL,00068,Recipiente R-8353 y elementos asociados,Parcial
/A8004-20-ARC-83596-U1BC2A-NC_01,ARC-83596,A8004,20,ARC,83596,NC,1,U1BC2A,10,2,15,5,10,11.25,11.25,100,90-100%,3.75,3.75,100,90-100%,7.5,7.5,100,90-100%,0,3,16,TEIGA-TMI,33.33,3,3,33.33,NULL,1,1,0,1,1,33.33,NOT APPLY,NULL,NULL,NULL,7,1063,ARC-A8004-01,80,Art. 4.3,15,100,ARC,00025,Aire de servicio UXX837,No
/A8004-25-EFL-83597-U4BC1B-PP_01,EFL-83597,A8004,25,EFL,83597,PP,1,U4BC1B,42,8,44,39,5,51.75,51.75,100,90-100%,46.75,46.75,100,90-100%,5,5,100,90-100%,0,51,19,TEIGA-TMI,0,4,4,0,NULL,0,0,0,4,4,100,NOT APPLY,NULL,NULL,Ready for Dossier,10,131,EFL-A8004-01,100,I,15,100,EFL,00067,Empuje neumatico desde UXX837/UXX838,No
/A8004-50-EFL-83593-U4BC1B-CCTN_01,EFL-83593,A8004,50,EFL,83593,CCTN,1,U4BC1B,9,2,14,9,5,24,24,100,90-100%,14,14,100,90-100%,10,10,100,90-100%,0,48,12,TECHNIP,88.89,9,3,88.89,NULL,8,2,0,9,3,100,NOT APPLY,NULL,NULL,Ready for Dossier,10,147,EFL-A8004-02,100,Art. 4.3,15,100,EFL,00071,Recogida efluentes UXX837,Traceado
/A8004-50-VE1-83598-U4BC1B-CCTN_01,VE1-83598,A8004,50,VE1,83598,CCTN,1,U4BC1B,37,5,38,28,10,36.5,36.5,100,90-100%,24,24,100,90-100%,12.5,12.5,100,90-100%,0,48,11,TECHNIP,100,4,1,100,90-100%,4,1,0,4,1,100,NOT APPLY,NULL,NULL,Ready for Dossier,10,147,EFL-A8004-02,100,I,15,100,EFL,00071,Recogida efluentes UXX837,Traceado
/A9200-50-C6-95621-U1CD2B-CC_01,C6-95621,A9200,50,C6,95621,CC,1,U1CD2B,21,5,26,20,6,50,37,74,NULL,37,37,100,90-100%,13,NULL,0,Not Finished,13,51,Not Finished,TECHNIP,100,9,4,100,90-100%,9,4,0,0,0,0,SPS-051|SPS-052|SPS-053|SPS-050,NULL,NULL,NULL,1,ANULADA,C6-PR18-01,40,Art. 4.3,23.52,50,C6,00042,Condensados interconexión,Sí
/PR01-150-HMBI-16541-U4BC1B-CCTN_01,HMBI-16541,PR01,150,HMBI,16541,CCTN,1,U4BC1B,12,7,27,12,15,147,147,100,90-100%,57,57,100,90-100%,90,90,100,90-100%,0,45,49,TECHNIP,100,24,15,100,90-100%,24,15,0,21,14,87.5,NOT APPLY,NULL,NULL,NULL,7,1054,HMBI-PR11-01,96.25,Art. 4.3,15,100,HMBI,00081,Linea de HMBI sobre PR11,Traceado
/PR01-50-C6-95621-U1CD2B-CC_01,C6-95621,PR01,50,C6,95621,CC,1,U1CD2B,19,7,33,14,19,61,58,95.08,90-100%,25,25,100,90-100%,36,33,91.67,90-100%,3,39,11,TECHNIP,100,50,17,100,90-100%,50,17,0,33,9,66,NOT APPLY,NULL,NULL,NULL,5,1053,C6-10001-02,87.3,Art. 4.3,23.52,95.835,C6,00040,Estabilización condensados antes de exportación,Sí
/PR01-50-EFL-83541-U4BC1B-CCTN_01,EFL-83541,PR01,50,EFL,83541,CCTN,1,U4BC1B,3,1,16,7,9,25,25,100,90-100%,11.5,11.5,100,90-100%,13.5,13.5,100,90-100%,0,43,19,TECHNIP,100,17,8,100,90-100%,17,8,0,17,8,100,NOT APPLY,NULL,NULL,Ready for Dossier,10,133,EFL-A2001-01,100,I,15,100,EFL,00068,Recipiente R-8353 y elementos asociados,Parcial
/PR02-25-EFL-83597-U4BC1B-PP_01,EFL-83597,PR02,25,EFL,83597,PP,1,U4BC1B,37,14,78,35,43,91,91,100,90-100%,38,38,100,90-100%,53,53,100,90-100%,0,47,19,TEIGA-TMI,0,58,36,0,NULL,0,0,0,58,36,100,NOT APPLY,NULL,NULL,Ready for Dossier,10,131,EFL-A8004-01,100,I,15,100,EFL,00067,Empuje neumatico desde UXX837/UXX838,No
/PR02-50-C6-95621-U1CD2B-CC_01,C6-95621,PR02,50,C6,95621,CC,1,U1CD2B,12,6,22,11,11,6,6,100,90-100%,2,2,100,90-100%,4,4,100,90-100%,0,43,11,TECHNIP,100,30,15,100,90-100%,30,15,0,0,0,0,NOT APPLY,NULL,NULL,NULL,7,1053,C6-10001-02,70,Art. 4.3,23.52,100,C6,00040,Estabilización condensados antes de exportación,Sí
/PR10-25-EFL-105587-U4BC1B-CC_01,EFL-105587,PR10,25,EFL,105587,CC,1,U4BC1B,2,1,13,2,11,13,13,100,90-100%,2,2,100,90-100%,11,11,100,90-100%,0,34,41,TEIGA-TMI,0,24,12,0,NULL,0,0,0,24,12,100,NOT APPLY,NULL,NULL,Ready for Dossier,10,146,EFL-10003-02,100,I,15,100,EFL,00053,NEW (last sub-system version),Sí
/PR10-25-EFL-81606-U4BC1B-PP_01,EFL-81606,PR10,25,EFL,81606,PP,1,U4BC1B,2,1,13,2,11,13,13,100,90-100%,2,2,100,90-100%,11,11,100,90-100%,0,34,17,TEIGA-TMI,100,6,6,100,90-100%,6,6,0,6,6,100,NOT APPLY,NULL,NULL,Ready for Dossier,10,133,EFL-A6001-02,100,I,15,100,EFL,00052,NOT DESCRIPTION,PP
/PR10-300-AR-101903-U1BC2A-NC_01,AR-101903,PR10,300,AR,101903,NC,1,U1BC2A,3,2,6,3,3,72,72,100,90-100%,36,36,100,90-100%,36,36,100,90-100%,0,40,11,NOT APPLY,NULL,0,0,NULL,NULL,0,0,0,0,0,0,NOT APPLY,NULL,NULL,NULL,7,1106,AR-00000-01,100,Art. 4.3,15,100,AR,00011,Agua refrigeración (colector),No (PP 20%)
/PR10-300-AR-101904-U1BC2A-NC_01,AR-101904,PR10,300,AR,101904,NC,1,U1BC2A,3,2,6,3,3,72,72,100,90-100%,36,36,100,90-100%,36,36,100,90-100%,0,52,15,NOT APPLY,NULL,0,0,NULL,NULL,0,0,0,0,0,0,NOT APPLY,NULL,NULL,NULL,7,1107,AR-00000-01,100,Art. 4.3,15,100,AR,00011,Agua refrigeración (colector),No (PP 20%)
/PR11-150-HMBI-16541-U4BC1B-CCTN_01,HMBI-16541,PR11,150,HMBI,16541,CCTN,1,U4BC1B,3,1,3,2,1,18,18,100,90-100%,12,12,100,90-100%,6,6,100,90-100%,0,34,42,TECHNIP,100,2,1,100,90-100%,2,1,0,2,1,100,NOT APPLY,NULL,NULL,Ready for Dossier,10,1054,HMBI-PR11-01,100,Art. 4.3,15,100,HMBI,00081,Linea de HMBI sobre PR11,Traceado
/PR11-250-V6-92199-U1CD2B-CC_01,V6-92199,PR11,250,V6,92199,CC,1,U1CD2B,3,1,6,3,3,60,60,100,90-100%,30,30,100,90-100%,30,30,100,90-100%,0,43,16,NOT APPLY,NULL,0,0,NULL,NULL,0,0,0,0,0,0,NOT APPLY,NULL,NULL,NULL,7,159,V6-00000-01,100,I,23.52,100,V6,00118,Distribución general vapor,Sí
/PR11-25-EFL-105587-U4BC1B-CC_01,EFL-105587,PR11,25,EFL,105587,CC,1,U4BC1B,9,3,31,8,23,30,30,100,90-100%,7,7,100,90-100%,23,23,100,90-100%,0,34,46,TEIGA-TMI,0,42,21,0,NULL,0,0,0,42,21,100,NOT APPLY,NULL,NULL,Ready for Dossier,10,146,EFL-10003-02,100,I,15,100,EFL,00053,NEW (last sub-system version),Sí
/PR11-25-EFL-81606-U4BC1B-PP_01,EFL-81606,PR11,25,EFL,81606,PP,1,U4BC1B,3,1,23,2,21,23,23,100,90-100%,2,2,100,90-100%,21,21,100,90-100%,0,34,46,TEIGA-TMI,100,11,11,100,90-100%,11,11,0,11,11,100,NOT APPLY,NULL,NULL,Ready for Dossier,10,133,EFL-A6001-02,100,I,15,100,EFL,00052,NOT DESCRIPTION,PP
/PR11-300-AR-101903-U1BC2A-NC_01,AR-101903,PR11,300,AR,101903,NC,1,U1BC2A,12,4,16,10,6,168,168,100,90-100%,96,96,100,90-100%,72,72,100,90-100%,0,42,46,TECHNIP,100,2,1,100,90-100%,2,1,0,0,0,0,NOT APPLY,NULL,NULL,NULL,7,1109,AR-00000-01,70,Art. 4.3,15,100,AR,00011,Agua refrigeración (colector),No (PP 20%)
/PR11-300-AR-101904-U1BC2A-NC_01,AR-101904,PR11,300,AR,101904,NC,1,U1BC2A,9,4,12,8,4,144,144,100,90-100%,96,96,100,90-100%,48,48,100,90-100%,0,42,46,TECHNIP,100,1,1,100,90-100%,1,1,0,0,0,0,NOT APPLY,NULL,NULL,NULL,7,1109,AR-00000-01,70,Art. 4.3,15,100,AR,00011,Agua refrigeración (colector),No (PP 20%)
/PR11-50-ASUN-12721-U4BD8D-CCTN_01,ASUN-12721,PR11,50,ASUN,12721,CCTN,1,U4BD8D,6,1,7,2,5,10,10,100,90-100%,2,2,100,90-100%,8,8,100,90-100%,0,36,47,TECHNIP,100,6,2,100,90-100%,6,2,0,6,2,100,NOT APPLY,NULL,NULL,Ready for Dossier,10,132,ASUN-A1200-01,100,Art. 4.3,24,100,ASUN,00031,Ácido sulfúrico A1200,Traceado
/PR11-50-C6-95621-U1CD2B-CC_01,C6-95621,PR11,50,C6,95621,CC,1,U1CD2B,3,1,5,3,2,10,10,100,90-100%,6,6,100,90-100%,4,4,100,90-100%,0,38,4,TECHNIP,100,2,2,100,90-100%,2,2,0,2,2,100,NOT APPLY,NULL,NULL,Ready for Dossier,10,1053,C6-10001-02,100,Art. 4.3,23.52,100,C6,00040,Estabilización condensados antes de exportación,Sí
/PR11-50-NI-91902-U1BD2A-NC_01,NI-91902,PR11,50,NI,91902,NC,1,U1BD2A,4,1,6,3,3,10,10,100,90-100%,4,4,100,90-100%,6,6,100,90-100%,0,38,4,TECHNIP,100,2,2,100,90-100%,2,2,0,2,2,100,NOT APPLY,NULL,NULL,Ready for Dossier,10,161,NI-PR12-01,100,Art. 4.3,23.52,100,NI,00104,Linea de nitrogeno sobre PR12,No
/PR12-150-HMBI-16541-U4BC1B-CCTN_01,HMBI-16541,PR12,150,HMBI,16541,CCTN,1,U4BC1B,3,2,22,7,15,132,132,100,90-100%,42,42,100,90-100%,90,90,100,90-100%,0,36,45,TECHNIP,100,34,16,100,90-100%,34,16,0,27,11,79.41,NOT APPLY,NULL,NULL,NULL,7,1054,HMBI-PR11-01,93.82,Art. 4.3,15,100,HMBI,00081,Linea de HMBI sobre PR11,Traceado
/PR12-50-ASUN-12721-U4BD8D-CCTN_01,ASUN-12721,PR12,50,ASUN,12721,CCTN,1,U4BD8D,16,5,28,11,17,44,44,100,90-100%,16,16,100,90-100%,28,28,100,90-100%,0,38,47,TECHNIP,100,38,18,100,90-100%,38,18,0,38,18,100,NOT APPLY,NULL,NULL,Ready for Dossier,10,132,ASUN-A1200-01,100,Art. 4.3,24,100,ASUN,00031,Ácido sulfúrico A1200,Traceado
/PR12-50-C6-95621-U1CD2B-CC_01,C6-95621,PR12,50,C6,95621,CC,1,U1CD2B,11,6,27,8,19,48,48,100,90-100%,12,12,100,90-100%,36,36,100,90-100%,0,39,45,TECHNIP,100,62,27,100,90-100%,62,27,0,51,18,82.26,NOT APPLY,NULL,NULL,NULL,7,1053,C6-10001-02,94.68,Art. 4.3,23.52,100,C6,00040,Estabilización condensados antes de exportación,Sí
/PR12-50-NI-91902-U1BD2A-NC_01,NI-91902,PR12,50,NI,91902,NC,1,U1BD2A,12,3,20,9,11,25.5,24.5,96.08,90-100%,7.5,7.5,100,90-100%,18,17,94.44,90-100%,1,38,19,TECHNIP,100,5,3,100,90-100%,5,3,0,5,3,100,NOT APPLY,NULL,NULL,NULL,8,161,NI-PR12-01,98.33,Art. 4.3,23.52,97.22,NI,00104,Linea de nitrogeno sobre PR12,No
/PR18-100-VE1-108052-U4BC1B-NC_01,VE1-108052,PR18,100,VE1,108052,NC,1,U4BC1B,10,3,15,10,5,66,66,100,90-100%,46,46,100,90-100%,20,20,100,90-100%,0,35,45,TECHNIP,100,6,3,100,90-100%,6,3,0,6,3,100,NOT APPLY,NULL,NULL,Ready for Dossier,10,37,VE1-10001-01,100,I,15,100,VE1,00120,Venteos gaseosos sin blanketing,No
/PR18-150-HMBI-16541-U4BC1B-CCTN_01,HMBI-16541,PR18,150,HMBI,16541,CCTN,1,U4BC1B,8,3,14,7,7,61.5,61.5,100,90-100%,25.5,25.5,100,90-100%,36,36,100,90-100%,0,38,49,TECHNIP,100,7,5,100,90-100%,7,5,0,5,3,71.43,NOT APPLY,NULL,NULL,NULL,7,1054,HMBI-PR11-01,91.43,Art. 4.3,15,100,HMBI,00081,Linea de HMBI sobre PR11,Traceado
/PR18-250-V6-92199-U1CD2B-CC_01,V6-92199,PR18,250,V6,92199,CC,1,U1CD2B,30,6,30,24,6,197,197,100,90-100%,156,156,100,90-100%,41,41,100,90-100%,0,43,50,TECHNIP,100,18,7,100,90-100%,18,7,0,16,5,88.89,NOT APPLY,NULL,NULL,NULL,7,159,V6-00000-01,96.67,I,23.52,100,V6,00118,Distribución general vapor,Sí
/PR18-25-ACL-95215-U4BC1B-CCTN_01,ACL-95215,PR18,25,ACL,95215,CCTN,1,U4BC1B,5,1,5,2,3,3,3,100,90-100%,NULL,NULL,NULL,NULL,3,3,100,90-100%,0,Not Finished,20,TEIGA-TMI,0,3,3,0,NULL,0,0,0,0,0,0,NOT APPLY,NULL,NULL,NULL,6,1099,ACL-PR18-01,0,Art. 4.3,15,0,ACL,00007,Agua caliente de lavados PR18/19,Traceado
/PR18-25-EFL-105587-U4BC1B-CC_01,EFL-105587,PR18,25,EFL,105587,CC,1,U4BC1B,14,4,19,13,6,19,19,100,90-100%,13,13,100,90-100%,6,6,100,90-100%,0,46,42,TEIGA-TMI,0,26,13,0,NULL,0,0,0,26,13,100,NOT APPLY,NULL,NULL,Ready for Dossier,10,109|146,EFL-10003-02,100,I,15,100,EFL,00053,NEW (last sub-system version),Sí
/PR18-25-EFL-81606-U4BC1B-PP_01,EFL-81606,PR18,25,EFL,81606,PP,1,U4BC1B,13,3,17,12,5,15.75,15.75,100,90-100%,10.75,10.75,100,90-100%,5,5,100,90-100%,0,34,46,TEIGA-TMI,100,7,7,100,90-100%,7,7,0,7,7,100,NOT APPLY,NULL,NULL,Ready for Dossier,10,133,EFL-A6001-02,100,I,15,100,EFL,00052,NOT DESCRIPTION,PP
/PR18-25-NHOH-103196-U4BN8A-NC_01,NHOH-103196,PR18,25,NHOH,103196,NC,1,U4BN8A,18,4,26,17,9,24.5,24.5,100,90-100%,15.5,15.5,100,90-100%,9,9,100,90-100%,0,34,38,TECHNIP,100,17,11,100,90-100%,17,11,0,10,5,58.82,NOT APPLY,NULL,NULL,NULL,7,48,NHOH-PR18-01,87.65,Art. 4.3,60,100,NHOH,00091,Línea solución amoniaco PR18,No
/PR18-300-AR-101903-U1BC2A-NC_01,AR-101903,PR18,300,AR,101903,NC,1,U1BC2A,14,4,19,14,5,165.5,165.5,100,90-100%,105.5,105.5,100,90-100%,60,60,100,90-100%,0,42,49,TECHNIP,100,10,6,100,90-100%,10,6,0,10,6,100,NOT APPLY,NULL,NULL,Ready for Dossier,10,1109,AR-00000-01,100,Art. 4.3,15,100,AR,00011,Agua refrigeración (colector),No (PP 20%)
/PR18-300-AR-101904-U1BC2A-NC_01,AR-101904,PR18,300,AR,101904,NC,1,U1BC2A,10,3,18,15,3,185.5,185.5,100,90-100%,149.5,149.5,100,90-100%,36,36,100,90-100%,0,42,49,TECHNIP,100,10,8,100,90-100%,10,8,0,10,8,100,NOT APPLY,NULL,NULL,Ready for Dossier,10,1109,AR-00000-01,100,Art. 4.3,15,100,AR,00011,Agua refrigeración (colector),No (PP 20%)
/PR18-300-AR-101905-U1BC2A-NC_01,AR-101905,PR18,300,AR,101905,NC,1,U1BC2A,6,2,7,6,1,84,84,100,90-100%,72,72,100,90-100%,12,12,100,90-100%,0,41,46,NOT APPLY,NULL,0,0,NULL,NULL,0,0,0,0,0,0,NOT APPLY,NULL,NULL,NULL,7,1109,AR-PR11-01,100,Art. 4.3,15,100,AR,00017,Agua refrigeración PR11,No (PP 38%)
/PR18-50-ASUN-12721-U4BD8D-CCTN_01,ASUN-12721,PR18,50,ASUN,12721,CCTN,1,U4BD8D,22,7,22,18,4,38,38,100,90-100%,32,32,100,90-100%,6,6,100,90-100%,0,39,46,TECHNIP,100,17,9,100,90-100%,17,9,0,17,9,100,NOT APPLY,NULL,NULL,Ready for Dossier,10,132|50,ASUN-PR18-01,100,Art. 4.3,24,100,ASUN,00032,Ácido sulfúrico PR18,Traceado
/PR18-50-C6-95621-U1CD2B-CC_01,C6-95621,PR18,50,C6,95621,CC,1,U1CD2B,11,4,15,11,4,28,28,100,90-100%,22,22,100,90-100%,6,6,100,90-100%,0,38,43,TECHNIP,100,16,8,100,90-100%,16,8,0,13,5,81.25,NOT APPLY,NULL,NULL,NULL,7,1025|1053,C6-10001-02,94.38,Art. 4.3,23.52,100,C6,00040,Estabilización condensados antes de exportación,Sí
/PR18-50-NI-91902-U1BD2A-NC_01,NI-91902,PR18,50,NI,91902,NC,1,U1BD2A,36,6,39,30,9,56,56,100,90-100%,38,38,100,90-100%,18,18,100,90-100%,0,43,4,TECHNIP,100,7,7,100,90-100%,7,7,0,6,6,85.71,NOT APPLY,NULL,NULL,NULL,7,161,NI-PR12-01,95.71,Art. 4.3,23.52,100,NI,00104,Linea de nitrogeno sobre PR12,No
/PR19-100-AGL-10395-U1BC2A-CF_01,AGL-10395,PR19,100,AGL,10395,CF,1,U1BC2A,3,1,3,3,0,12,12,100,90-100%,12,12,100,90-100%,0,NULL,NULL,NOT REQUIRED,0,39,NOT REQUIRED,TECHNIP,100,4,1,100,90-100%,4,1,0,3,0,75,NOT APPLY,NULL,NULL,NULL,7,7,AGL-10005-01,0,Art. 4.3,15,100,AGL,00008,Agua glicolada y lineas asociadas,Sí
/PR19-100-AGL-108259-U1BC2A-CF_01,AGL-108259,PR19,100,AGL,108259,CF,1,U1BC2A,4,1,4,3,1,12,12,100,90-100%,8,8,100,90-100%,4,4,100,90-100%,0,39,13,TECHNIP,100,6,2,100,90-100%,6,2,0,5,1,83.33,NOT APPLY,NULL,NULL,NULL,7,7,AGL-10005-01,95,Art. 4.3,15,100,AGL,00008,Agua glicolada y lineas asociadas,Sí
/PR19-100-CYH-15552-U4BC1B-CCTN_01,CYH-15552,PR19,100,CYH,15552,CCTN,1,U4BC1B,7,4,13,6,7,48,48,100,90-100%,20,20,100,90-100%,28,28,100,90-100%,0,38,50,TECHNIP,100,21,10,100,90-100%,21,10,0,9,4,42.86,NOT APPLY,NULL,NULL,NULL,7,86,CYH-10004-01,82.86,Art. 4.3,15,100,CYH,00051,Bomba carga IPA / CYH,Traceado
/PR19-100-EFL-108861-U4BC1B-PP_01,EFL-108861,PR19,100,EFL,108861,PP,1,U4BC1B,4,2,11,4,7,33.5,32.75,97.76,90-100%,8.75,8.75,100,90-100%,24.75,24,96.97,90-100%,0.75,36,42,TECHNIP,100,9,7,100,90-100%,9,7,0,9,7,100,NOT APPLY,NULL,NULL,NULL,8,2059,EFL-10005-01,99.09,Art. 4.3,15,98.485,EFL,00060,Bomba B-10886 y elementos asociados,PP
/PR19-100-HMBI-104621-U4BC1B-CC_01,HMBI-104621,PR19,100,HMBI,104621,CC,1,U4BC1B,5,3,10,4,6,23,23,100,90-100%,10,10,100,90-100%,13,13,100,90-100%,0,46,49,TECHNIP,100,12,6,100,90-100%,12,6,0,12,6,100,NOT APPLY,NULL,NULL,Ready for Dossier,10,1072,HMBI-10001-01,100,Art. 4.3,15,100,HMBI,00078,Sistema de acumulacion temporal de HMBI y lineas asociadas,No
/PR19-100-HMBI-104623-U4BC1B-CCTN_01,HMBI-104623,PR19,100,HMBI,104623,CCTN,1,U4BC1B,7,3,11,5,6,27,26,96.3,90-100%,10,10,100,90-100%,17,16,94.12,90-100%,1,46,49,TECHNIP,100,8,3,100,90-100%,8,3,0,2,0,25,NOT APPLY,NULL,NULL,NULL,5,1073,HMBI-10005-01,75.74,Art. 4.3,15,97.06,HMBI,00077,Almacenamiento de HMBI off-spec y lineas asociadas,Traceado
/PR19-100-HMBI-106124-U4BC1B-CCTN_01,HMBI-106124,PR19,100,HMBI,106124,CCTN,1,U4BC1B,7,3,16,6,10,56,56,100,90-100%,20,20,100,90-100%,36,36,100,90-100%,0,34,50,TECHNIP,100,31,14,100,90-100%,31,14,0,31,14,100,NOT APPLY,NULL,NULL,Ready for Dossier,10,1105,HMBI-10005-01,100,Art. 4.3,15,100,HMBI,00077,Almacenamiento de HMBI off-spec y lineas asociadas,Traceado
/PR19-100-INC-15504-U4BC1B-PP_01,INC-15504,PR19,100,INC,15504,PP,1,U4BC1B,36,10,63,31,32,205.5,204,99.27,90-100%,95.25,95.25,100,90-100%,110.25,108.75,98.64,90-100%,1.5,46,51,TECHNIP,100,65,60,100,90-100%,65,60,0,29,27,44.62,NOT APPLY,NULL,NULL,NULL,5,160,INC-10001-01,82.98,I,15,99.32,INC,00088,Venteos gaseosos con blanketing,PP
/PR19-100-IPA-15553-U4BC1B-NC_01,IPA-15553,PR19,100,IPA,15553,NC,1,U4BC1B,3,2,5,3,2,20,20,100,90-100%,12,12,100,90-100%,8,8,100,90-100%,0,34,43,TECHNIP,100,11,9,100,90-100%,11,9,0,10,8,90.91,NOT APPLY,NULL,NULL,NULL,7,119,CYH-10004-01,97.27,Art. 4.3,15,100,CYH,00051,Bomba carga IPA / CYH,Traceado
/PR19-100-VE1-108052-U4BC1B-NC_01,VE1-108052,PR19,100,VE1,108052,NC,1,U4BC1B,1,1,5,1,4,20,20,100,90-100%,4,4,100,90-100%,16,16,100,90-100%,0,38,42,TECHNIP,100,5,5,100,90-100%,5,5,0,5,5,100,NOT APPLY,NULL,NULL,Ready for Dossier,10,37,VE1-10001-01,100,I,15,100,VE1,00120,Venteos gaseosos sin blanketing,No
/PR19-150-AGL-108221-U1BC2A-CF_01,AGL-108221,PR19,150,AGL,108221,CF,1,U1BC2A,4,2,8,4,4,37.5,37.5,100,90-100%,13.5,13.5,100,90-100%,24,24,100,90-100%,0,39,49,TECHNIP,100,12,5,100,90-100%,12,5,0,12,5,100,NOT APPLY,NULL,NULL,Ready for Dossier,10,6,AGL-10005-01,100,Art. 4.3,15,100,AGL,00008,Agua glicolada y lineas asociadas,Sí
/PR19-150-AGL-10951-U1BC2A-CF_01,AGL-10951,PR19,150,AGL,10951,CF,1,U1BC2A,5,2,9,4,5,37.5,37.5,100,90-100%,7.5,7.5,100,90-100%,30,30,100,90-100%,0,39,48,TECHNIP,100,11,5,100,90-100%,11,5,0,11,5,100,NOT APPLY,NULL,NULL,Ready for Dossier,10,6,AGL-10005-01,100,Art. 4.3,15,100,AGL,00008,Agua glicolada y lineas asociadas,Sí
/PR19-150-C6-95608-U1CD2B-CC_01,C6-95608,PR19,150,C6,95608,CC,1,U1CD2B,15,5,24,15,9,110.25,110.25,100,90-100%,61.25,61.25,100,90-100%,49,49,100,90-100%,0,43,48,TECHNIP,68,25,12,68,NULL,17,4,0,12,5,48,NOT APPLY,NULL,NULL,NULL,7,65,C6-00000-01,84.4,I,23.52,100,C6,00038,Condensados general,Sí
/PR19-150-C6-95608-U1CD2B-CC_02,C6-95608,PR19,150,C6,95608,CC,2,U1CD2B,10,2,12,10,2,9,7.5,83.33,NULL,7.5,7.5,100,90-100%,1.5,NULL,0,Not Finished,1.5,43,Not Finished,TECHNIP,100,10,5,100,90-100%,10,5,0,0,0,0,NOT APPLY,NULL,NULL,NULL,5,65,C6-00000-01,40,I,23.52,50,C6,00038,Condensados general,Sí
/PR19-150-HMBI-106121-U4BC1B-CCTN_01,HMBI-106121,PR19,150,HMBI,106121,CCTN,1,U4BC1B,6,4,16,5,11,52,52,100,90-100%,20,20,100,90-100%,32,32,100,90-100%,0,35,50,TECHNIP,100,25,12,100,90-100%,25,12,0,24,11,96,NOT APPLY,NULL,NULL,NULL,7,1055,HMBI-10005-01,98.8,Art. 4.3,15,100,HMBI,00077,Almacenamiento de HMBI off-spec y lineas asociadas,Traceado
/PR19-150-HMBI-16541-U4BC1B-CCTN_01,HMBI-16541,PR19,150,HMBI,16541,CCTN,1,U4BC1B,1,1,13,1,12,66,66,100,90-100%,6,6,100,90-100%,60,60,100,90-100%,0,38,39,TECHNIP,100,19,9,100,90-100%,19,9,0,18,8,94.74,NOT APPLY,NULL,NULL,NULL,7,1054,HMBI-PR11-01,98.42,Art. 4.3,15,100,HMBI,00081,Linea de HMBI sobre PR11,Traceado
/PR19-150-SSAM-108821-U4BC1B-CC_01,SSAM-108821,PR19,150,SSAM,108821,CC,1,U4BC1B,6,1,6,5,1,13.5,13.5,100,90-100%,9.5,9.5,100,90-100%,4,4,100,90-100%,0,34,10,TECHNIP,100,8,3,100,90-100%,8,3,0,7,2,87.5,NOT APPLY,NULL,NULL,NULL,7,118,SSAM-10004-01,96.25,II,15,100,SSAM,00116,Tanque solución sulfato,Sí
/PR19-250-V6-92199-U1CD2B-CC_01,V6-92199,PR19,250,V6,92199,CC,1,U1CD2B,42,8,64,41,23,408,405,99.26,90-100%,195,195,100,90-100%,213,210,98.59,90-100%,3,52,47,TECHNIP,100,49,19,100,90-100%,49,19,0,46,18,93.88,NOT APPLY,NULL,NULL,NULL,5,159,V6-00000-01,97.74,I,23.52,99.295,V6,00118,Distribución general vapor,Sí
/PR19-25-ACL-95215-U4BC1B-CCTN_01,ACL-95215,PR19,25,ACL,95215,CCTN,1,U4BC1B,85,23,120,76,44,106.75,106.75,100,90-100%,65.5,65.5,100,90-100%,41.25,41.25,100,90-100%,0,51,50,TEIGA-TMI,0,32,32,0,NULL,0,0,0,32,32,100,NOT APPLY,NULL,NULL,Ready for Dossier,10,1099,ACL-PR18-01,100,Art. 4.3,15,100,ACL,00007,Agua caliente de lavados PR18/19,Traceado
/PR19-25-EFL-105582-U4BC1B-CCTN_01,EFL-105582,PR19,25,EFL,105582,CCTN,1,U4BC1B,4,2,12,4,8,12,10,83.33,NULL,4,4,100,90-100%,8,6,75,Not Finished,2,34,Not Finished,TEIGA-TMI,0,10,10,0,NULL,0,0,0,10,10,100,NOT APPLY,NULL,NULL,NULL,8,66,EFL-10003-06,92.5,Art. 4.3,15,87.5,EFL,00055,Segunda columna de destilacion y elementos asociados,Traceado
/PR19-25-EFL-105587-U4BC1B-CC_01,EFL-105587,PR19,25,EFL,105587,CC,1,U4BC1B,2,1,26,2,24,26,26,100,90-100%,2,2,100,90-100%,24,24,100,90-100%,0,34,41,TEIGA-TMI,0,51,17,0,NULL,0,0,0,51,17,100,NOT APPLY,NULL,NULL,Ready for Dossier,10,109,EFL-10003-02,100,I,15,100,EFL,00053,NEW (last sub-system version),Sí
/PR19-25-EFL-108553-U4BC1B-PP_01,EFL-108553,PR19,25,EFL,108553,PP,1,U4BC1B,11,1,12,10,2,11,10,90.91,90-100%,9,9,100,90-100%,2,1,50,Not Finished,1,34,Not Finished,TEIGA-TMI,0,3,3,0,NULL,0,0,0,0,0,0,NOT APPLY,NULL,NULL,NULL,5,156,EFL-10001-01,55,Art. 4.3,15,75,EFL,00058,Sistema de drenajes EFL-1,Traceado
/PR19-25-EFL-108823-U4BC1B-PP_01,EFL-108823,PR19,25,EFL,108823,PP,1,U4BC1B,28,6,44,28,16,43.75,40.75,93.14,90-100%,27.75,27.75,100,90-100%,16,13,81.25,Not Finished,3,46,Not Finished,TEIGA-TMI,100,11,11,100,90-100%,11,11,0,11,11,100,NOT APPLY,NULL,NULL,NULL,8,155,EFL-10001-02,94.38,Art. 4.3,15,90.625,EFL,00059,Sistema de drenajes EFL-2,PP
/PR19-25-EFL-15542-U4BC1B-CCTN_01,EFL-15542,PR19,25,EFL,15542,CCTN,1,U4BC1B,17,3,32,15,17,30,30,100,90-100%,13,13,100,90-100%,17,17,100,90-100%,0,33,49,TEIGA-TMI,0,9,9,0,NULL,0,0,0,9,9,100,NOT APPLY,NULL,NULL,Ready for Dossier,10,110,EFL-10003-01,100,Art. 4.3,15,100,EFL,00054,Sistema de drenajes EFL-3,PP
/PR19-25-NHOH-103196-U4BN8A-NC_01,NHOH-103196,PR19,25,NHOH,103196,NC,1,U4BN8A,5,1,14,4,10,14,13,92.86,90-100%,4,4,100,90-100%,10,9,90,90-100%,1,34,38,TECHNIP,100,17,17,100,90-100%,17,17,0,0,0,0,NOT APPLY,NULL,NULL,NULL,5,48,NHOH-PR18-01,67,Art. 4.3,60,95,NHOH,00091,Línea solución amoniaco PR18,No
/PR19-25-SSAM-103622-U4BC1B-PP_01,SSAM-103622,PR19,25,SSAM,103622,PP,1,U4BC1B,25,7,51,23,28,46.75,45.75,97.86,90-100%,20.75,20.75,100,90-100%,26,25,96.15,90-100%,1,50,49,TECHNIP,100,47,47,100,90-100%,47,47,0,45,45,95.74,NOT APPLY,NULL,NULL,NULL,5,124,SSAM-10004-01,97.57,Art. 4.3,15,98.075,SSAM,00116,Tanque solución sulfato,Sí
/PR19-300-AR-101903-U1BC2A-NC_01,AR-101903,PR19,300,AR,101903,NC,1,U1BC2A,3,1,31,3,28,209.75,197,93.92,90-100%,27,27,100,90-100%,182.75,170,93.02,90-100%,12.75,41,50,TECHNIP,100,17,10,100,90-100%,17,10,0,15,8,88.24,NOT APPLY,NULL,NULL,NULL,5,1109,AR-00000-01,94.38,Art. 4.3,15,96.51,AR,00011,Agua refrigeración (colector),No (PP 20%)
/PR19-300-AR-101903-U1BC2A-NC_02,AR-101903,PR19,300,AR,101903,NC,2,U1BC2A,27,5,34,24,10,145.75,144.75,99.31,90-100%,90.75,90.75,100,90-100%,55,54,98.18,90-100%,1,43,50,TECHNIP,100,17,10,100,90-100%,17,10,0,17,10,100,NOT APPLY,NULL,NULL,NULL,8,1108,AR-00000-01,99.45,Art. 4.3,15,99.09,AR,00011,Agua refrigeración (colector),No (PP 20%)
/PR19-300-AR-101904-U1BC2A-NC_01,AR-101904,PR19,300,AR,101904,NC,1,U1BC2A,3,1,33,4,29,221.75,220.25,99.32,90-100%,28,28,100,90-100%,193.75,192.25,99.23,90-100%,1.5,41,50,TECHNIP,100,17,10,100,90-100%,17,10,0,15,8,88.24,NOT APPLY,NULL,NULL,NULL,5,1109,AR-00000-01,96.24,Art. 4.3,15,99.615,AR,00011,Agua refrigeración (colector),No (PP 20%)
/PR19-300-AR-101904-U1BC2A-NC_02,AR-101904,PR19,300,AR,101904,NC,2,U1BC2A,27,5,34,24,10,145.75,126.75,86.96,NULL,90.75,90.75,100,90-100%,55,36,65.45,Not Finished,19,45,Not Finished,TECHNIP,100,17,10,100,90-100%,17,10,0,17,10,100,NOT APPLY,NULL,NULL,NULL,8,1108,AR-00000-01,89.64,Art. 4.3,15,82.725,AR,00011,Agua refrigeración (colector),No (PP 20%)
/PR19-32-AP-933233-U4AC2A-CCTN_01,AP-933233,PR19,32,AP,933233,CCTN,1,U4AC2A,15,3,17,15,2,22,22,100,90-100%,18.75,18.75,100,90-100%,3.25,3.25,100,90-100%,0,34,47,TECHNIP,0,14,8,0,NULL,0,0,0,0,0,0,NOT APPLY,NULL,NULL,NULL,7,1100,AP-00000-01,70,Art. 4.3,15,100,AP,00009,Agua potable (colector),Traceado
/PR19-40-CIPA-108122-U4BC1B-NC_01,CIPA-108122,PR19,40,CIPA,108122,NC,1,U4BC1B,9,3,17,8,9,25.5,18,70.59,NULL,12,12,100,90-100%,13.5,6,44.44,Not Finished,7.5,33,Not Finished,TECHNIP,100,11,11,100,90-100%,11,11,0,10,10,90.91,NOT APPLY,NULL,NULL,NULL,5,68|79,INC-10001-02,80.61,Art. 4.3,15,72.22,INC,00086,Recipiente recogida efluentes gaseosos y lineas asociadas,Traceado
/PR19-40-HMBH-104262-U4BC1B-CC_01,HMBH-104262,PR19,40,HMBH,104262,CC,1,U4BC1B,5,2,8,5,3,12,10.5,87.5,NULL,7.5,7.5,100,90-100%,4.5,3,66.67,Not Finished,1.5,33,Not Finished,TECHNIP,100,8,6,100,90-100%,8,6,0,0,0,0,NOT APPLY,NULL,NULL,NULL,5,152,HMBI-10001-03,60,Art. 4.3,15,83.335,HMBI,00074,Evaporador de pelicula fina- condensador- pesados- y lineas asociadas,Traceado
/PR19-40-HMBI-106122-U4BC1B-CCTN_01,HMBI-106122,PR19,40,HMBI,106122,CCTN,1,U4BC1B,11,4,25,11,14,37.5,36,96,90-100%,16.5,16.5,100,90-100%,21,19.5,92.86,90-100%,1.5,34,43,TECHNIP,100,52,27,100,90-100%,52,27,0,0,0,0,NOT APPLY,NULL,NULL,NULL,5,1101,HMBI-10001-02,67.86,Art. 4.3,15,96.43,HMBI,00076,Filtro rotativo- recipiente filtrato- recipiente torta- y lineas asociadas,Traceado
/PR19-40-IPA-15522-U4BC1B-NC_01,IPA-15522,PR19,40,IPA,15522,NC,1,U4BC1B,4,1,4,4,0,6,6,100,90-100%,6,6,100,90-100%,0,NULL,NULL,NOT REQUIRED,0,34,NOT REQUIRED,TECHNIP,100,6,6,100,90-100%,6,6,0,6,6,100,NOT APPLY,NULL,NULL,Ready for Dossier,10,120,IPA-10004-01,0,Art. 4.3,15,100,IPA,00090,Tanque IPA,No
/PR19-50-AP-933231-U4AC2A-CCTN_01,AP-933231,PR19,50,AP,933231,CCTN,1,U4AC2A,38,7,46,37,9,72.5,72.5,100,90-100%,55.75,55.75,100,90-100%,16.75,16.75,100,90-100%,0,46,37,TECHNIP,100,13,8,100,90-100%,13,8,0,13,8,100,NOT APPLY,NULL,NULL,Ready for Dossier,10,1100,AP-PR19-01,100,Art. 4.3,15,100,AP,00010,Agua potable (PR19),Traceado
/PR19-50-AP-933232-U4AC2A-CCTN_01,AP-933232,PR19,50,AP,933232,CCTN,1,U4AC2A,22,8,44,20,24,82.5,82.5,100,90-100%,34.5,34.5,100,90-100%,48,48,100,90-100%,0,46,50,TECHNIP,100,40,24,100,90-100%,40,24,0,20,12,50,NOT APPLY,NULL,NULL,NULL,7,1100,AP-00000-01,85,Art. 4.3,15,100,AP,00009,Agua potable (colector),Traceado
/PR19-50-ARC-91272-U1BC2A-NC_01,ARC-91272,PR19,50,ARC,91272,NC,1,U1BC2A,82,15,122,74,48,182.25,182.25,100,90-100%,105.75,105.75,100,90-100%,76.5,76.5,100,90-100%,0,43,51,TECHNIP,100,27,22,100,90-100%,27,22,0,25,20,92.59,NOT APPLY,NULL,NULL,NULL,7,1045|1087,ARC-PR19-01,97.78,Art. 4.3,15,100,ARC,00026,Aire de servicio PR19,No
/PR19-50-ARI-91631-U4AC2A-NC_01,ARI-91631,PR19,50,ARI,91631,NC,1,U4AC2A,73,21,120,61,59,188.5,184.5,97.88,90-100%,85.5,85.5,100,90-100%,103,99,96.12,90-100%,4,46,51,TECHNIP,100,95,87,100,90-100%,95,87,0,93,85,97.89,NOT APPLY,NULL,NULL,NULL,5,1102,ARI-PR19-01,98.2,Art. 4.3,15,98.06,ARI,00030,Aire de instrumentos PR19,No
/PR19-50-ASUN-12721-U4BD8D-CCTN_01,ASUN-12721,PR19,50,ASUN,12721,CCTN,1,U4BD8D,4,2,9,3,6,15,15,100,90-100%,4,4,100,90-100%,11,11,100,90-100%,0,46,42,TECHNIP,100,22,10,100,90-100%,22,10,0,22,10,100,NOT APPLY,NULL,NULL,Ready for Dossier,10,50,ASUN-PR18-01,100,Art. 4.3,24,100,ASUN,00032,Ácido sulfúrico PR18,Traceado
/PR19-50-AT-94492-U4AC2A-CCTN_01,AT-94492,PR19,50,AT,94492,CCTN,1,U4AC2A,50,17,102,42,60,144.75,142.25,98.27,90-100%,53.5,53.5,100,90-100%,91.25,88.75,97.26,90-100%,2.5,51,51,TECHNIP,100,69,44,100,90-100%,69,44,0,53,32,76.81,NOT APPLY,NULL,NULL,NULL,5,1104,AT-PR19-01,92.22,Art. 4.3,15,98.63,AT,00036,Agua tratada PR19,Traceado
/PR19-50-C6-95621-U1CD2B-CC_01,C6-95621,PR19,50,C6,95621,CC,1,U1CD2B,1,1,8,1,7,16,14,87.5,NULL,2,2,100,90-100%,14,12,85.71,Not Finished,2,38,Not Finished,TECHNIP,100,21,10,100,90-100%,21,10,0,8,4,38.1,NOT APPLY,NULL,NULL,NULL,5,1025,C6-10001-02,77.14,Art. 4.3,23.52,92.855,C6,00040,Estabilización condensados antes de exportación,Sí
/PR19-50-CIPA-102321-U4BC1B-CC_01,CIPA-102321,PR19,50,CIPA,102321,CC,1,U4BC1B,6,4,12,6,6,24,22,91.67,90-100%,12,12,100,90-100%,12,10,83.33,Not Finished,2,38,Not Finished,TECHNIP,100,19,12,100,90-100%,19,12,0,19,12,100,NOT APPLY,NULL,NULL,NULL,8,67,CIPA-10001-01,95,Art. 4.3,15,91.665,CIPA,00047,Recipiente recolección IPA a destilación,Sí
/PR19-50-CIPA-103204-U4BC1B-CC_01,CIPA-103204,PR19,50,CIPA,103204,CC,1,U4BC1B,2,2,4,2,2,8,8,100,90-100%,4,4,100,90-100%,4,4,100,90-100%,0,38,41,TECHNIP,100,6,4,100,90-100%,6,4,0,6,4,100,NOT APPLY,NULL,NULL,Ready for Dossier,10,69,HMBI-10001-04,100,Art. 4.3,15,100,HMBI,00075,Paquete Z-1032 y lineas asociadas,Traceado
/PR19-50-CIPA-103905-U4BC1B-CC_01,CIPA-103905,PR19,50,CIPA,103905,CC,1,U4BC1B,2,2,5,2,3,10,10,100,90-100%,4,4,100,90-100%,6,6,100,90-100%,0,38,42,TECHNIP,100,10,5,100,90-100%,10,5,0,10,5,100,NOT APPLY,NULL,NULL,Ready for Dossier,10,70,HMBI-10001-04,100,Art. 4.3,15,100,HMBI,00075,Paquete Z-1032 y lineas asociadas,Traceado
/PR19-50-EFL-108901-U4BC1B-NC_01,EFL-108901,PR19,50,EFL,108901,NC,1,U4BC1B,2,2,5,2,3,10,10,100,90-100%,4,4,100,90-100%,6,6,100,90-100%,0,38,41,TECHNIP,100,12,11,100,90-100%,12,11,0,12,11,100,NOT APPLY,NULL,NULL,Ready for Dossier,10,71,EFL-10003-04,100,Art. 4.3,15,100,EFL,00056,Recipiente enterrado efluentes IPA y lineas asociadas,No
/PR19-50-HMBH-108552-U4BC1B-PP_01,HMBH-108552,PR19,50,HMBH,108552,PP,1,U4BC1B,2,1,4,2,2,8,8,100,90-100%,4,4,100,90-100%,4,4,100,90-100%,0,38,16,TECHNIP,100,2,2,100,90-100%,2,2,0,2,2,100,NOT APPLY,NULL,NULL,Ready for Dossier,10,153,HMBH-10005-01,100,Art. 4.3,15,100,HMBH,00073,Almacenamiento pesados,Traceado (parcial)
/PR19-50-HMBI-108551-U4BC1B-PP_01,HMBI-108551,PR19,50,HMBI,108551,PP,1,U4BC1B,2,1,4,2,2,8,4,50,NULL,4,4,100,90-100%,4,NULL,0,Not Finished,4,38,Not Finished,TECHNIP,100,2,2,100,90-100%,2,2,0,2,2,100,NOT APPLY,NULL,NULL,NULL,8,1075,HMBI-10005-02,70,Art. 4.3,15,50,HMBI,00079,Brazo de carga de HMBI off-spec/pesados,PP
/PR19-50-HMBI-16561-U4BC1B-NC_01,HMBI-16561,PR19,50,HMBI,16561,NC,1,U4BC1B,3,1,5,3,2,10,10,100,90-100%,6,6,100,90-100%,4,4,100,90-100%,0,39,16,TECHNIP,100,5,5,100,90-100%,5,5,0,5,5,100,NOT APPLY,NULL,NULL,Ready for Dossier,10,1074,HMBI-10005-03,100,Art. 4.3,15,100,HMBI,00080,Almacenamiento de HMBI y lineas asociadas,Traceado
/PR19-50-INC-15508-U4BC1B-NC_01,INC-15508,PR19,50,INC,15508,NC,1,U4BC1B,2,2,5,2,3,10,10,100,90-100%,4,4,100,90-100%,6,6,100,90-100%,0,34,48,TECHNIP,100,12,11,100,90-100%,12,11,0,10,9,83.33,NOT APPLY,NULL,NULL,NULL,7,122,IPA-10004-01,95,I,15,100,IPA,00090,Tanque IPA,No
/PR19-50-NI-101194-U1BD2A-NC_01,NI-101194,PR19,50,NI,101194,NC,1,U1BD2A,68,15,100,66,34,171.5,170.5,99.42,90-100%,117.5,117.5,100,90-100%,54,53,98.15,90-100%,1,46,44,TECHNIP,100,43,38,100,90-100%,43,38,0,28,26,65.12,NOT APPLY,NULL,NULL,NULL,5,162,NI-00000-01,88.98,Art. 4.3,23.52,99.075,NI,00100,Distribucion general de nitrogeno de baja presion para SPEAR,No
/PR19-50-NI-91902-U1BD2A-NC_01,NI-91902,PR19,50,NI,91902,NC,1,U1BD2A,70,18,103,63,40,172.75,166.75,96.53,90-100%,100,100,100,90-100%,72.75,66.75,91.75,90-100%,6,43,51,TECHNIP,100,41,37,100,90-100%,41,37,0,31,30,75.61,NOT APPLY,NULL,NULL,NULL,5,161,NI-PR12-01,90.21,Art. 4.3,23.52,95.875,NI,00104,Linea de nitrogeno sobre PR12,No
/PR19-50-SSAM-108851-U4BC1B-PP_01,SSAM-108851,PR19,50,SSAM,108851,PP,1,U4BC1B,2,2,3,2,1,6,6,100,90-100%,4,4,100,90-100%,2,2,100,90-100%,0,34,17,TECHNIP,100,8,7,100,90-100%,8,7,0,8,7,100,NOT APPLY,NULL,NULL,Ready for Dossier,10,121,SSAM-10004-01,100,I,15,100,SSAM,00116,Tanque solución sulfato,Sí
/PR19-80-C6-104107-U1CD2B-CC_01,C6-104107,PR19,80,C6,104107,CC,1,U1CD2B,10,4,13,10,3,37,31,83.78,NULL,28,28,100,90-100%,9,3,33.33,Not Finished,6,52,Not Finished,TECHNIP,100,9,4,100,90-100%,9,4,0,6,3,66.67,NOT APPLY,NULL,NULL,NULL,5,1020|65,C6-10001-01,70,Art. 4.3,23.52,66.665,C6,00039,Condensados A10001,Sí
/PR19-80-EFL-108725-U4BC1B-NC_01,EFL-108725,PR19,80,EFL,108725,NC,1,U4BC1B,3,2,7,3,4,21,21,100,90-100%,9,9,100,90-100%,12,12,100,90-100%,0,34,42,TECHNIP,91.67,12,10,91.67,90-100%,11,9,0,11,9,91.67,NOT APPLY,NULL,NULL,NULL,7,72,EFL-10001-05,97.5,Art. 4.3,15,100,EFL,00057,Recipiente enterrado efluentes HMBI y lineas asociadas 2,No
/PR19-80-EFL-108725-U4BC1B-NC_02,EFL-108725,PR19,80,EFL,108725,NC,2,U4BC1B,17,7,30,14,16,81,78,96.3,90-100%,39,39,100,90-100%,42,39,92.86,90-100%,3,38,51,TECHNIP,100,43,37,100,90-100%,43,37,0,24,18,55.81,NOT APPLY,NULL,NULL,NULL,5,79,EFL-10001-05,84.6,Art. 4.3,15,96.43,EFL,00057,Recipiente enterrado efluentes HMBI y lineas asociadas 2,No
/PR19-80-IPA-15521-U4BC1B-NC_01,IPA-15521,PR19,80,IPA,15521,NC,1,U4BC1B,9,4,17,9,8,51,51,100,90-100%,27,27,100,90-100%,24,24,100,90-100%,0,38,49,TECHNIP,100,22,18,100,90-100%,22,18,0,22,18,100,NOT APPLY,NULL,NULL,Ready for Dossier,10,83,IPA-10004-01,100,Art. 4.3,15,100,IPA,00090,Tanque IPA,No
/PR19-80-IPA-15528-U4BC1B-NC_01,IPA-15528,PR19,80,IPA,15528,NC,1,U4BC1B,8,4,18,6,12,44.5,44.5,100,90-100%,12.75,12.75,100,90-100%,31.75,31.75,100,90-100%,0,38,50,TECHNIP,100,28,28,100,90-100%,28,28,0,18,18,64.29,NOT APPLY,NULL,NULL,NULL,7,73,IPA-10004-01,89.29,Art. 4.3,15,100,IPA,00090,Tanque IPA,No
/PR19-80-RIPA-105221-U4BC1B-CC_01,RIPA-105221,PR19,80,RIPA,105221,CC,1,U4BC1B,2,2,3,2,1,9,9,100,90-100%,6,6,100,90-100%,3,3,100,90-100%,0,38,50,TECHNIP,100,7,3,100,90-100%,7,3,0,6,2,85.71,NOT APPLY,NULL,NULL,NULL,7,84,RIPA-10003-02,95.71,I,15,100,RIPA,00109,Decantador y lineas asociadas,Traceado
/PR19-80-RIPA-105423-U4BC1B-CC_01,RIPA-105423,PR19,80,RIPA,105423,CC,1,U4BC1B,3,2,6,4,2,15,15,100,90-100%,9,9,100,90-100%,6,6,100,90-100%,0,50,48,TECHNIP,100,11,5,100,90-100%,11,5,0,11,5,100,NOT APPLY,NULL,NULL,Ready for Dossier,10,74,RIPA-10003-01,100,I,15,100,RIPA,00110,Recipiente IPA reciclado y lineas asociadas,PP
/PR19-80-RIPA-105451-U4BC1B-PP_01,RIPA-105451,PR19,80,RIPA,105451,PP,1,U4BC1B,6,2,13,5,8,33,32,96.97,90-100%,9,8,88.89,NULL,24,24,100,90-100%,1,Not Finished,49,TECHNIP,100,22,21,100,90-100%,22,21,0,22,21,100,NOT APPLY,NULL,NULL,NULL,9,75,RIPA-10001-01,95.56,II,15,94.445,RIPA,00111,Linea de IPA hacia esterificacion,PP
/PR19-80-VE1-108055-U4BC1B-NC_01,VE1-108055,PR19,80,VE1,108055,NC,1,U4BC1B,3,2,10,3,7,25,21,84,NULL,6,6,100,90-100%,19,15,78.95,Not Finished,4,38,Not Finished,TECHNIP,100,17,15,100,90-100%,17,15,0,15,14,88.24,NOT APPLY,NULL,NULL,NULL,5,157,VE1-10001-01,90.16,I,15,89.475,VE1,00120,Venteos gaseosos sin blanketing,No
/PR20-150-HMBI-16541-U4BC1B-CCTN_01,HMBI-16541,PR20,150,HMBI,16541,CCTN,1,U4BC1B,35,10,69,27,42,351,339,96.58,90-100%,116,116,100,90-100%,235,223,94.89,90-100%,12,35,51,TECHNIP,100,59,34,100,90-100%,59,34,0,32,18,54.24,NOT APPLY,NULL,NULL,NULL,5,1054,HMBI-PR11-01,84.74,Art. 4.3,15,97.445,HMBI,00081,Linea de HMBI sobre PR11,Traceado
/PR20-15-ARC-83542-U1BC2A-NC_01,ARC-83542,PR20,15,ARC,83542,NC,1,U1BC2A,9,3,23,9,14,14,14,100,90-100%,4.5,4.5,100,90-100%,9.5,9.5,100,90-100%,0,43,16,TEIGA-TMI,85.71,7,7,85.71,NULL,6,6,0,7,7,100,NOT APPLY,NULL,NULL,Ready for Dossier,10,1057,ARC-A8001-02,100,Art. 4.3,15,100,ARC,00024,Aire de servicio UXX811,No
/PR20-50-C6-95621-U1CD2B-CC_01,C6-95621,PR20,50,C6,95621,CC,1,U1CD2B,4,2,15,3,12,28,26,92.86,90-100%,4,4,100,90-100%,24,22,91.67,90-100%,2,39,8,TECHNIP,100,28,13,100,90-100%,28,13,0,18,8,64.29,NOT APPLY,NULL,NULL,NULL,5,1053,C6-10001-02,86.79,Art. 4.3,23.52,95.835,C6,00040,Estabilización condensados antes de exportación,Sí
/PR20-50-EFL-83541-U4BC1B-CCTN_01,EFL-83541,PR20,50,EFL,83541,CCTN,1,U4BC1B,4,2,8,4,4,16,12,75,NULL,8,8,100,90-100%,8,4,50,Not Finished,4,48,Not Finished,TECHNIP,100,2,1,100,90-100%,2,1,0,2,1,100,NOT APPLY,NULL,NULL,NULL,8,133|134,EFL-A2001-01,85,I,15,75,EFL,00068,Recipiente R-8353 y elementos asociados,Parcial
,,,,,,,,,,,,,,,,,,,,,,,,,,,,,,,,,,,,,,,,,,,,,,,CT13-10002-03,,,,,CT13,00000,PROCESS,
,,,,,,,,,,,,,,,,,,,,,,,,,,,,,,,,,,,,,,,,,,,,,,,CT13-10002-04,,,,,CT13,00000,PROCESS,
,,,,,,,,,,,,,,,,,,,,,,,,,,,,,,,,,,,,,,,,,,,,,,,CT13-10002-05,,,,,CT13,00000,PROCESS,
,,,,,,,,,,,,,,,,,,,,,,,,,,,,,,,,,,,,,,,,,,,,,,,CT13-10002-08,,,,,CT13,00000,PROCESS,
,,,,,,,,,,,,,,,,,,,,,,,,,,,,,,,,,,,,,,,,,,,,,,,CT13-10002-10,,,,,CT13,00000,PROCESS,
,,,,,,,,,,,,,,,,,,,,,,,,,,,,,,,,,,,,,,,,,,,,,,,CT13-10002-14,,,,,CT13,00000,PROCESS,
,,,,,,,,,,,,,,,,,,,,,,,,,,,,,,,,,,,,,,,,,,,,,,,CYH-10004-02,,,,,CYH,00000,PROCESS,
,,,,,,,,,,,,,,,,,,,,,,,,,,,,,,,,,,,,,,,,,,,,,,,FF-10001-01,,,,,FF,00000,PROCESS,
,,,,,,,,,,,,,,,,,,,,,,,,,,,,,,,,,,,,,,,,,,,,,,,FF-10003-01,,,,,FF,00000,PROCESS,
,,,,,,,,,,,,,,,,,,,,,,,,,,,,,,,,,,,,,,,,,,,,,,,FF-10004-01,,,,,FF,00000,PROCESS,
,,,,,,,,,,,,,,,,,,,,,,,,,,,,,,,,,,,,,,,,,,,,,,,FF-10005-01,,,,,FF,00000,PROCESS,
